0 verbose cli /opt/homebrew/Cellar/node@22/22.22.0/bin/node /opt/homebrew/opt/node@22/bin/npm
1 info using npm@10.9.4
2 info using node@v22.22.0
3 silly config load:file:/opt/homebrew/Cellar/node@22/22.22.0/lib/node_modules/npm/npmrc
4 silly config load:file:/Users/surajanand/.npmrc
5 silly config load:file:/opt/homebrew/etc/npmrc
6 verbose title npm install clawdbot@latest
7 verbose argv "--loglevel" "error" "--loglevel" "silent" "--no-fund" "--no-audit" "install" "--global" "clawdbot@latest"
8 verbose logfile logs-max:10 dir:/Applications/MAMP/htdocs/bits-course/.npm-cache/_logs/2026-01-28T16_15_55_673Z-
9 verbose logfile /Applications/MAMP/htdocs/bits-course/.npm-cache/_logs/2026-01-28T16_15_55_673Z-debug-0.log
10 silly packumentCache heap:4345298944 maxSize:1086324736 maxEntrySize:543162368
11 silly logfile start cleaning logs, removing 1 files
12 silly logfile done cleaning log files
13 silly packumentCache corgi:https://registry.npmjs.org/clawdbot cache-miss
14 http fetch GET 200 https://registry.npmjs.org/clawdbot 261ms (cache miss)
15 silly packumentCache corgi:https://registry.npmjs.org/clawdbot set size:undefined disposed:false
16 silly idealTree buildDeps
17 silly fetch manifest clawdbot@2026.1.24-3
18 silly packumentCache full:https://registry.npmjs.org/clawdbot cache-miss
19 http cache https://registry.npmjs.org/clawdbot 5ms (cache hit)
20 silly packumentCache full:https://registry.npmjs.org/clawdbot set size:348552 disposed:false
21 silly placeDep ROOT clawdbot@2026.1.24-3 OK for:  want: 2026.1.24-3
22 silly fetch manifest @agentclientprotocol/sdk@0.13.1
23 silly packumentCache full:https://registry.npmjs.org/@agentclientprotocol%2fsdk cache-miss
24 silly fetch manifest @aws-sdk/client-bedrock@^3.975.0
25 silly packumentCache full:https://registry.npmjs.org/@aws-sdk%2fclient-bedrock cache-miss
26 silly fetch manifest @buape/carbon@0.14.0
27 silly packumentCache full:https://registry.npmjs.org/@buape%2fcarbon cache-miss
28 silly fetch manifest @clack/prompts@^0.11.0
29 silly packumentCache full:https://registry.npmjs.org/@clack%2fprompts cache-miss
30 silly fetch manifest @grammyjs/runner@^2.0.3
31 silly packumentCache full:https://registry.npmjs.org/@grammyjs%2frunner cache-miss
32 silly fetch manifest @grammyjs/transformer-throttler@^1.2.1
33 silly packumentCache full:https://registry.npmjs.org/@grammyjs%2ftransformer-throttler cache-miss
34 silly fetch manifest @homebridge/ciao@^1.3.4
35 silly packumentCache full:https://registry.npmjs.org/@homebridge%2fciao cache-miss
36 http fetch GET 200 https://registry.npmjs.org/@aws-sdk%2fclient-bedrock 321ms (cache miss)
37 silly packumentCache full:https://registry.npmjs.org/@aws-sdk%2fclient-bedrock set size:undefined disposed:false
38 silly fetch manifest @line/bot-sdk@^10.6.0
39 silly packumentCache full:https://registry.npmjs.org/@line%2fbot-sdk cache-miss
40 http fetch GET 200 https://registry.npmjs.org/@grammyjs%2ftransformer-throttler 328ms (cache miss)
41 silly packumentCache full:https://registry.npmjs.org/@grammyjs%2ftransformer-throttler set size:undefined disposed:false
42 silly fetch manifest @lydell/node-pty@1.2.0-beta.3
43 silly packumentCache full:https://registry.npmjs.org/@lydell%2fnode-pty cache-miss
44 http fetch GET 200 https://registry.npmjs.org/@grammyjs%2frunner 339ms (cache miss)
45 silly packumentCache full:https://registry.npmjs.org/@grammyjs%2frunner set size:undefined disposed:false
46 silly fetch manifest @mariozechner/pi-agent-core@0.49.3
47 silly packumentCache full:https://registry.npmjs.org/@mariozechner%2fpi-agent-core cache-miss
48 http fetch GET 200 https://registry.npmjs.org/@clack%2fprompts 382ms (cache miss)
49 silly packumentCache full:https://registry.npmjs.org/@clack%2fprompts set size:undefined disposed:false
50 silly fetch manifest @mariozechner/pi-ai@0.49.3
51 silly packumentCache full:https://registry.npmjs.org/@mariozechner%2fpi-ai cache-miss
52 http fetch GET 200 https://registry.npmjs.org/@homebridge%2fciao 403ms (cache miss)
53 silly packumentCache full:https://registry.npmjs.org/@homebridge%2fciao set size:undefined disposed:false
54 silly fetch manifest @mariozechner/pi-coding-agent@0.49.3
55 silly packumentCache full:https://registry.npmjs.org/@mariozechner%2fpi-coding-agent cache-miss
56 http fetch GET 200 https://registry.npmjs.org/@buape%2fcarbon 429ms (cache miss)
57 silly packumentCache full:https://registry.npmjs.org/@buape%2fcarbon set size:undefined disposed:false
58 silly fetch manifest @mariozechner/pi-tui@0.49.3
59 silly packumentCache full:https://registry.npmjs.org/@mariozechner%2fpi-tui cache-miss
60 http fetch GET 200 https://registry.npmjs.org/@line%2fbot-sdk 131ms (cache miss)
61 silly packumentCache full:https://registry.npmjs.org/@line%2fbot-sdk set size:undefined disposed:false
62 silly fetch manifest @mozilla/readability@^0.6.0
63 silly packumentCache full:https://registry.npmjs.org/@mozilla%2freadability cache-miss
64 http fetch GET 200 https://registry.npmjs.org/@lydell%2fnode-pty 130ms (cache miss)
65 silly packumentCache full:https://registry.npmjs.org/@lydell%2fnode-pty set size:undefined disposed:false
66 silly fetch manifest @sinclair/typebox@0.34.47
67 silly packumentCache full:https://registry.npmjs.org/@sinclair%2ftypebox cache-miss
68 http fetch GET 200 https://registry.npmjs.org/@mariozechner%2fpi-agent-core 124ms (cache miss)
69 silly packumentCache full:https://registry.npmjs.org/@mariozechner%2fpi-agent-core set size:undefined disposed:false
70 silly fetch manifest @slack/bolt@^4.6.0
71 silly packumentCache full:https://registry.npmjs.org/@slack%2fbolt cache-miss
72 http fetch GET 200 https://registry.npmjs.org/@mariozechner%2fpi-ai 129ms (cache miss)
73 silly packumentCache full:https://registry.npmjs.org/@mariozechner%2fpi-ai set size:undefined disposed:false
74 silly fetch manifest @slack/web-api@^7.13.0
75 silly packumentCache full:https://registry.npmjs.org/@slack%2fweb-api cache-miss
76 http fetch GET 200 https://registry.npmjs.org/@mariozechner%2fpi-coding-agent 112ms (cache miss)
77 silly packumentCache full:https://registry.npmjs.org/@mariozechner%2fpi-coding-agent set size:undefined disposed:false
78 silly fetch manifest @whiskeysockets/baileys@7.0.0-rc.9
79 silly packumentCache full:https://registry.npmjs.org/@whiskeysockets%2fbaileys cache-miss
80 http fetch GET 200 https://registry.npmjs.org/@mariozechner%2fpi-tui 103ms (cache miss)
81 silly packumentCache full:https://registry.npmjs.org/@mariozechner%2fpi-tui set size:undefined disposed:false
82 silly fetch manifest ajv@^8.17.1
83 silly packumentCache full:https://registry.npmjs.org/ajv cache-miss
84 http fetch GET 200 https://registry.npmjs.org/@slack%2fbolt 104ms (cache miss)
85 silly packumentCache full:https://registry.npmjs.org/@slack%2fbolt set size:undefined disposed:false
86 silly fetch manifest body-parser@^2.2.2
87 silly packumentCache full:https://registry.npmjs.org/body-parser cache-miss
88 http fetch GET 200 https://registry.npmjs.org/@sinclair%2ftypebox 150ms (cache miss)
89 silly packumentCache full:https://registry.npmjs.org/@sinclair%2ftypebox set size:undefined disposed:false
90 silly fetch manifest chalk@^5.6.2
91 silly packumentCache full:https://registry.npmjs.org/chalk cache-miss
92 http fetch GET 200 https://registry.npmjs.org/@mozilla%2freadability 159ms (cache miss)
93 silly packumentCache full:https://registry.npmjs.org/@mozilla%2freadability set size:undefined disposed:false
94 silly fetch manifest chokidar@^5.0.0
95 silly packumentCache full:https://registry.npmjs.org/chokidar cache-miss
96 http fetch GET 200 https://registry.npmjs.org/@whiskeysockets%2fbaileys 101ms (cache miss)
97 silly packumentCache full:https://registry.npmjs.org/@whiskeysockets%2fbaileys set size:undefined disposed:false
98 silly fetch manifest chromium-bidi@13.0.1
99 silly packumentCache full:https://registry.npmjs.org/chromium-bidi cache-miss
100 http fetch GET 200 https://registry.npmjs.org/ajv 122ms (cache miss)
101 silly packumentCache full:https://registry.npmjs.org/ajv set size:undefined disposed:false
102 silly fetch manifest cli-highlight@^2.1.11
103 silly packumentCache full:https://registry.npmjs.org/cli-highlight cache-miss
104 http fetch GET 200 https://registry.npmjs.org/@slack%2fweb-api 149ms (cache miss)
105 silly packumentCache full:https://registry.npmjs.org/@slack%2fweb-api set size:undefined disposed:false
106 silly fetch manifest commander@^14.0.2
107 silly packumentCache full:https://registry.npmjs.org/commander cache-miss
108 http fetch GET 200 https://registry.npmjs.org/chalk 75ms (cache miss)
109 silly packumentCache full:https://registry.npmjs.org/chalk set size:undefined disposed:false
110 silly fetch manifest croner@^9.1.0
111 silly packumentCache full:https://registry.npmjs.org/croner cache-miss
112 http fetch GET 200 https://registry.npmjs.org/body-parser 143ms (cache miss)
113 silly packumentCache full:https://registry.npmjs.org/body-parser set size:undefined disposed:false
114 silly fetch manifest detect-libc@^2.1.2
115 silly packumentCache full:https://registry.npmjs.org/detect-libc cache-miss
116 http fetch GET 200 https://registry.npmjs.org/chokidar 100ms (cache miss)
117 silly packumentCache full:https://registry.npmjs.org/chokidar set size:undefined disposed:false
118 silly fetch manifest discord-api-types@^0.38.37
119 silly packumentCache full:https://registry.npmjs.org/discord-api-types cache-miss
120 http fetch GET 200 https://registry.npmjs.org/cli-highlight 93ms (cache miss)
121 silly packumentCache full:https://registry.npmjs.org/cli-highlight set size:undefined disposed:false
122 silly fetch manifest dotenv@^17.2.3
123 silly packumentCache full:https://registry.npmjs.org/dotenv cache-miss
124 http fetch GET 200 https://registry.npmjs.org/commander 100ms (cache miss)
125 silly packumentCache full:https://registry.npmjs.org/commander set size:undefined disposed:false
126 silly fetch manifest express@^5.2.1
127 silly packumentCache full:https://registry.npmjs.org/express cache-miss
128 http fetch GET 200 https://registry.npmjs.org/detect-libc 64ms (cache miss)
129 silly packumentCache full:https://registry.npmjs.org/detect-libc set size:undefined disposed:false
130 silly fetch manifest file-type@^21.3.0
131 silly packumentCache full:https://registry.npmjs.org/file-type cache-miss
132 http fetch GET 200 https://registry.npmjs.org/croner 129ms (cache miss)
133 silly packumentCache full:https://registry.npmjs.org/croner set size:undefined disposed:false
134 silly fetch manifest grammy@^1.39.3
135 silly packumentCache full:https://registry.npmjs.org/grammy cache-miss
136 http fetch GET 200 https://registry.npmjs.org/chromium-bidi 212ms (cache miss)
137 silly packumentCache full:https://registry.npmjs.org/chromium-bidi set size:undefined disposed:false
138 silly fetch manifest hono@4.11.4
139 silly packumentCache full:https://registry.npmjs.org/hono cache-miss
140 http fetch GET 200 https://registry.npmjs.org/express 113ms (cache miss)
141 silly packumentCache full:https://registry.npmjs.org/express set size:undefined disposed:false
142 silly fetch manifest jiti@^2.6.1
143 silly packumentCache full:https://registry.npmjs.org/jiti cache-miss
144 http fetch GET 200 https://registry.npmjs.org/dotenv 130ms (cache miss)
145 silly packumentCache full:https://registry.npmjs.org/dotenv set size:undefined disposed:false
146 silly fetch manifest json5@^2.2.3
147 silly packumentCache full:https://registry.npmjs.org/json5 cache-miss
148 http fetch GET 200 https://registry.npmjs.org/file-type 116ms (cache miss)
149 silly packumentCache full:https://registry.npmjs.org/file-type set size:undefined disposed:false
150 silly fetch manifest jszip@^3.10.1
151 silly packumentCache full:https://registry.npmjs.org/jszip cache-miss
152 http fetch GET 200 https://registry.npmjs.org/grammy 120ms (cache miss)
153 silly packumentCache full:https://registry.npmjs.org/grammy set size:undefined disposed:false
154 silly fetch manifest linkedom@^0.18.12
155 silly packumentCache full:https://registry.npmjs.org/linkedom cache-miss
156 http fetch GET 200 https://registry.npmjs.org/hono 199ms (cache miss)
157 silly packumentCache full:https://registry.npmjs.org/hono set size:undefined disposed:false
158 silly fetch manifest long@5.3.2
159 silly packumentCache full:https://registry.npmjs.org/long cache-miss
160 http fetch GET 200 https://registry.npmjs.org/json5 188ms (cache miss)
161 silly packumentCache full:https://registry.npmjs.org/json5 set size:undefined disposed:false
162 silly fetch manifest markdown-it@^14.1.0
163 silly packumentCache full:https://registry.npmjs.org/markdown-it cache-miss
164 http fetch GET 200 https://registry.npmjs.org/jszip 177ms (cache miss)
165 silly packumentCache full:https://registry.npmjs.org/jszip set size:undefined disposed:false
166 silly fetch manifest node-edge-tts@^1.2.9
167 silly packumentCache full:https://registry.npmjs.org/node-edge-tts cache-miss
168 http fetch GET 200 https://registry.npmjs.org/jiti 195ms (cache miss)
169 silly packumentCache full:https://registry.npmjs.org/jiti set size:undefined disposed:false
170 silly fetch manifest osc-progress@^0.3.0
171 silly packumentCache full:https://registry.npmjs.org/osc-progress cache-miss
172 http fetch GET 200 https://registry.npmjs.org/discord-api-types 369ms (cache miss)
173 silly packumentCache full:https://registry.npmjs.org/discord-api-types set size:undefined disposed:false
174 silly fetch manifest pdfjs-dist@^5.4.530
175 silly packumentCache full:https://registry.npmjs.org/pdfjs-dist cache-miss
176 http fetch GET 200 https://registry.npmjs.org/linkedom 164ms (cache miss)
177 silly packumentCache full:https://registry.npmjs.org/linkedom set size:undefined disposed:false
178 silly fetch manifest playwright-core@1.58.0
179 silly packumentCache full:https://registry.npmjs.org/playwright-core cache-miss
180 http fetch GET 200 https://registry.npmjs.org/markdown-it 74ms (cache miss)
181 silly packumentCache full:https://registry.npmjs.org/markdown-it set size:undefined disposed:false
182 silly fetch manifest proper-lockfile@^4.1.2
183 silly packumentCache full:https://registry.npmjs.org/proper-lockfile cache-miss
184 http fetch GET 200 https://registry.npmjs.org/node-edge-tts 78ms (cache miss)
185 silly packumentCache full:https://registry.npmjs.org/node-edge-tts set size:undefined disposed:false
186 silly fetch manifest qrcode-terminal@^0.12.0
187 silly packumentCache full:https://registry.npmjs.org/qrcode-terminal cache-miss
188 http fetch GET 200 https://registry.npmjs.org/osc-progress 77ms (cache miss)
189 silly packumentCache full:https://registry.npmjs.org/osc-progress set size:undefined disposed:false
190 silly fetch manifest sharp@^0.34.5
191 silly packumentCache full:https://registry.npmjs.org/sharp cache-miss
192 http fetch GET 200 https://registry.npmjs.org/long 94ms (cache miss)
193 silly packumentCache full:https://registry.npmjs.org/long set size:undefined disposed:false
194 silly fetch manifest sqlite-vec@0.1.7-alpha.2
195 silly packumentCache full:https://registry.npmjs.org/sqlite-vec cache-miss
196 http fetch GET 200 https://registry.npmjs.org/pdfjs-dist 254ms (cache miss)
197 silly packumentCache full:https://registry.npmjs.org/pdfjs-dist set size:undefined disposed:false
198 silly fetch manifest tar@7.5.4
199 silly packumentCache full:https://registry.npmjs.org/tar cache-miss
200 http fetch GET 200 https://registry.npmjs.org/qrcode-terminal 220ms (cache miss)
201 silly packumentCache full:https://registry.npmjs.org/qrcode-terminal set size:undefined disposed:false
202 silly fetch manifest tslog@^4.10.2
203 silly packumentCache full:https://registry.npmjs.org/tslog cache-miss
204 http fetch GET 200 https://registry.npmjs.org/proper-lockfile 225ms (cache miss)
205 silly packumentCache full:https://registry.npmjs.org/proper-lockfile set size:undefined disposed:false
206 silly fetch manifest undici@^7.19.0
207 silly packumentCache full:https://registry.npmjs.org/undici cache-miss
208 http fetch GET 200 https://registry.npmjs.org/sqlite-vec 226ms (cache miss)
209 silly packumentCache full:https://registry.npmjs.org/sqlite-vec set size:undefined disposed:false
210 silly fetch manifest ws@^8.19.0
211 silly packumentCache full:https://registry.npmjs.org/ws cache-miss
212 http fetch GET 200 https://registry.npmjs.org/sharp 236ms (cache miss)
213 silly packumentCache full:https://registry.npmjs.org/sharp set size:undefined disposed:false
214 silly fetch manifest yaml@^2.8.2
215 silly packumentCache full:https://registry.npmjs.org/yaml cache-miss
216 http fetch GET 200 https://registry.npmjs.org/ws 116ms (cache miss)
217 silly packumentCache full:https://registry.npmjs.org/ws set size:undefined disposed:false
218 silly fetch manifest zod@^4.3.6
219 silly packumentCache full:https://registry.npmjs.org/zod cache-miss
220 http fetch GET 200 https://registry.npmjs.org/yaml 151ms (cache miss)
221 silly packumentCache full:https://registry.npmjs.org/yaml set size:undefined disposed:false
222 silly fetch manifest @napi-rs/canvas@^0.1.88
223 silly packumentCache full:https://registry.npmjs.org/@napi-rs%2fcanvas cache-miss
224 http fetch GET 200 https://registry.npmjs.org/tar 200ms (cache miss)
225 silly packumentCache full:https://registry.npmjs.org/tar set size:undefined disposed:false
226 silly fetch manifest node-llama-cpp@3.15.0
227 silly packumentCache full:https://registry.npmjs.org/node-llama-cpp cache-miss
228 http fetch GET 200 https://registry.npmjs.org/undici 197ms (cache miss)
229 silly packumentCache full:https://registry.npmjs.org/undici set size:undefined disposed:false
230 http fetch GET 200 https://registry.npmjs.org/tslog 205ms (cache miss)
231 silly packumentCache full:https://registry.npmjs.org/tslog set size:undefined disposed:false
232 http fetch GET 200 https://registry.npmjs.org/node-llama-cpp 229ms (cache miss)
233 silly packumentCache full:https://registry.npmjs.org/node-llama-cpp set size:undefined disposed:false
234 http fetch GET 200 https://registry.npmjs.org/@napi-rs%2fcanvas 254ms (cache miss)
235 silly packumentCache full:https://registry.npmjs.org/@napi-rs%2fcanvas set size:undefined disposed:false
236 http fetch GET 200 https://registry.npmjs.org/zod 387ms (cache miss)
237 silly packumentCache full:https://registry.npmjs.org/zod set size:undefined disposed:false
238 http fetch GET 200 https://registry.npmjs.org/playwright-core 1217ms (cache miss)
239 silly packumentCache full:https://registry.npmjs.org/playwright-core set size:undefined disposed:false
240 http fetch GET 200 https://registry.npmjs.org/@agentclientprotocol%2fsdk 3485ms (cache miss)
241 silly packumentCache full:https://registry.npmjs.org/@agentclientprotocol%2fsdk set size:undefined disposed:false
242 silly fetch manifest @types/express@^5.0.0
243 silly packumentCache full:https://registry.npmjs.org/@types%2fexpress cache-miss
244 http fetch GET 200 https://registry.npmjs.org/@types%2fexpress 76ms (cache miss)
245 silly packumentCache full:https://registry.npmjs.org/@types%2fexpress set size:undefined disposed:false
246 silly fetch manifest audio-decode@^2.1.3
247 silly packumentCache full:https://registry.npmjs.org/audio-decode cache-miss
248 http fetch GET 200 https://registry.npmjs.org/audio-decode 71ms (cache miss)
249 silly packumentCache full:https://registry.npmjs.org/audio-decode set size:undefined disposed:false
250 silly fetch manifest jimp@^1.6.0
251 silly packumentCache full:https://registry.npmjs.org/jimp cache-miss
252 http fetch GET 200 https://registry.npmjs.org/jimp 95ms (cache miss)
253 silly packumentCache full:https://registry.npmjs.org/jimp set size:undefined disposed:false
254 silly fetch manifest link-preview-js@^3.0.0
255 silly packumentCache full:https://registry.npmjs.org/link-preview-js cache-miss
256 http fetch GET 200 https://registry.npmjs.org/link-preview-js 83ms (cache miss)
257 silly packumentCache full:https://registry.npmjs.org/link-preview-js set size:undefined disposed:false
258 silly fetch manifest devtools-protocol@*
259 silly packumentCache full:https://registry.npmjs.org/devtools-protocol cache-miss
260 http fetch GET 200 https://registry.npmjs.org/devtools-protocol 269ms (cache miss)
261 silly packumentCache full:https://registry.npmjs.org/devtools-protocol set size:undefined disposed:false
262 silly fetch manifest canvas@>= 2
263 silly packumentCache full:https://registry.npmjs.org/canvas cache-miss
264 http fetch GET 200 https://registry.npmjs.org/canvas 77ms (cache miss)
265 silly packumentCache full:https://registry.npmjs.org/canvas set size:undefined disposed:false
266 silly fetch manifest bufferutil@^4.0.1
267 silly packumentCache full:https://registry.npmjs.org/bufferutil cache-miss
268 http fetch GET 200 https://registry.npmjs.org/bufferutil 99ms (cache miss)
269 silly packumentCache full:https://registry.npmjs.org/bufferutil set size:undefined disposed:false
270 silly fetch manifest utf-8-validate@>=5.0.2
271 silly packumentCache full:https://registry.npmjs.org/utf-8-validate cache-miss
272 http fetch GET 200 https://registry.npmjs.org/utf-8-validate 72ms (cache miss)
273 silly packumentCache full:https://registry.npmjs.org/utf-8-validate set size:undefined disposed:false
274 silly fetch manifest typescript@>=5.0.0
275 silly packumentCache full:https://registry.npmjs.org/typescript cache-miss
276 http fetch GET 200 https://registry.npmjs.org/typescript 552ms (cache miss)
277 silly packumentCache full:https://registry.npmjs.org/typescript set size:undefined disposed:false
278 silly placeDep node_modules/clawdbot @agentclientprotocol/sdk@0.13.1 OK for: clawdbot@2026.1.24-3 want: 0.13.1
279 silly placeDep node_modules/clawdbot zod@4.3.6 OK for: @agentclientprotocol/sdk@0.13.1 want: ^3.25.0 || ^4.0.0
280 silly placeDep node_modules/clawdbot @aws-sdk/client-bedrock@3.975.0 OK for: clawdbot@2026.1.24-3 want: ^3.975.0
281 silly placeDep node_modules/clawdbot @buape/carbon@0.14.0 OK for: clawdbot@2026.1.24-3 want: 0.14.0
282 silly placeDep node_modules/clawdbot @clack/prompts@0.11.0 OK for: clawdbot@2026.1.24-3 want: ^0.11.0
283 silly placeDep node_modules/clawdbot @grammyjs/runner@2.0.3 OK for: clawdbot@2026.1.24-3 want: ^2.0.3
284 silly placeDep node_modules/clawdbot grammy@1.39.3 OK for: @grammyjs/runner@2.0.3 want: ^1.13.1
285 silly placeDep node_modules/clawdbot @grammyjs/transformer-throttler@1.2.1 OK for: clawdbot@2026.1.24-3 want: ^1.2.1
286 silly placeDep node_modules/clawdbot @homebridge/ciao@1.3.4 OK for: clawdbot@2026.1.24-3 want: ^1.3.4
287 silly placeDep node_modules/clawdbot @line/bot-sdk@10.6.0 OK for: clawdbot@2026.1.24-3 want: ^10.6.0
288 silly placeDep node_modules/clawdbot @lydell/node-pty@1.2.0-beta.3 OK for: clawdbot@2026.1.24-3 want: 1.2.0-beta.3
289 silly placeDep node_modules/clawdbot @mariozechner/pi-agent-core@0.49.3 OK for: clawdbot@2026.1.24-3 want: 0.49.3
290 silly placeDep node_modules/clawdbot @mariozechner/pi-ai@0.49.3 OK for: clawdbot@2026.1.24-3 want: 0.49.3
291 silly placeDep node_modules/clawdbot @mariozechner/pi-coding-agent@0.49.3 OK for: clawdbot@2026.1.24-3 want: 0.49.3
292 silly placeDep node_modules/clawdbot @mariozechner/pi-tui@0.49.3 OK for: clawdbot@2026.1.24-3 want: 0.49.3
293 silly placeDep node_modules/clawdbot @mozilla/readability@0.6.0 OK for: clawdbot@2026.1.24-3 want: ^0.6.0
294 silly placeDep node_modules/clawdbot @napi-rs/canvas@0.1.89 OK for: clawdbot@2026.1.24-3 want: ^0.1.88
295 silly placeDep node_modules/clawdbot @sinclair/typebox@0.34.47 OK for: clawdbot@2026.1.24-3 want: 0.34.47
296 silly placeDep node_modules/clawdbot @slack/bolt@4.6.0 OK for: clawdbot@2026.1.24-3 want: ^4.6.0
297 silly placeDep node_modules/clawdbot @types/express@5.0.6 OK for: @slack/bolt@4.6.0 want: ^5.0.0
298 silly placeDep node_modules/clawdbot @slack/web-api@7.13.0 OK for: clawdbot@2026.1.24-3 want: ^7.13.0
299 silly placeDep node_modules/clawdbot @whiskeysockets/baileys@7.0.0-rc.9 OK for: clawdbot@2026.1.24-3 want: 7.0.0-rc.9
300 silly placeDep node_modules/clawdbot sharp@0.34.5 OK for: @whiskeysockets/baileys@7.0.0-rc.9 want: *
301 silly placeDep node_modules/clawdbot ajv@8.17.1 OK for: clawdbot@2026.1.24-3 want: ^8.17.1
302 silly placeDep node_modules/clawdbot body-parser@2.2.2 OK for: clawdbot@2026.1.24-3 want: ^2.2.2
303 silly placeDep node_modules/clawdbot chalk@5.6.2 OK for: clawdbot@2026.1.24-3 want: ^5.6.2
304 silly placeDep node_modules/clawdbot chokidar@5.0.0 OK for: clawdbot@2026.1.24-3 want: ^5.0.0
305 silly placeDep node_modules/clawdbot chromium-bidi@13.0.1 OK for: clawdbot@2026.1.24-3 want: 13.0.1
306 silly placeDep node_modules/clawdbot devtools-protocol@0.0.1575685 OK for: chromium-bidi@13.0.1 want: *
307 silly placeDep node_modules/clawdbot cli-highlight@2.1.11 OK for: clawdbot@2026.1.24-3 want: ^2.1.11
308 silly placeDep node_modules/clawdbot commander@14.0.2 OK for: clawdbot@2026.1.24-3 want: ^14.0.2
309 silly placeDep node_modules/clawdbot croner@9.1.0 OK for: clawdbot@2026.1.24-3 want: ^9.1.0
310 silly placeDep node_modules/clawdbot detect-libc@2.1.2 OK for: clawdbot@2026.1.24-3 want: ^2.1.2
311 silly placeDep node_modules/clawdbot discord-api-types@0.38.37 OK for: clawdbot@2026.1.24-3 want: ^0.38.37
312 silly placeDep node_modules/clawdbot dotenv@17.2.3 OK for: clawdbot@2026.1.24-3 want: ^17.2.3
313 silly placeDep node_modules/clawdbot express@5.2.1 OK for: clawdbot@2026.1.24-3 want: ^5.2.1
314 silly placeDep node_modules/clawdbot file-type@21.3.0 OK for: clawdbot@2026.1.24-3 want: ^21.3.0
315 silly placeDep node_modules/clawdbot hono@4.11.4 OK for: clawdbot@2026.1.24-3 want: 4.11.4
316 silly placeDep node_modules/clawdbot jiti@2.6.1 OK for: clawdbot@2026.1.24-3 want: ^2.6.1
317 silly placeDep node_modules/clawdbot json5@2.2.3 OK for: clawdbot@2026.1.24-3 want: ^2.2.3
318 silly placeDep node_modules/clawdbot jszip@3.10.1 OK for: clawdbot@2026.1.24-3 want: ^3.10.1
319 silly placeDep node_modules/clawdbot linkedom@0.18.12 OK for: clawdbot@2026.1.24-3 want: ^0.18.12
320 silly placeDep node_modules/clawdbot long@5.3.2 OK for: clawdbot@2026.1.24-3 want: 5.3.2
321 silly placeDep node_modules/clawdbot markdown-it@14.1.0 OK for: clawdbot@2026.1.24-3 want: ^14.1.0
322 silly placeDep node_modules/clawdbot node-edge-tts@1.2.9 OK for: clawdbot@2026.1.24-3 want: ^1.2.9
323 silly placeDep node_modules/clawdbot node-llama-cpp@3.15.0 OK for: clawdbot@2026.1.24-3 want: 3.15.0
324 silly placeDep node_modules/clawdbot osc-progress@0.3.0 OK for: clawdbot@2026.1.24-3 want: ^0.3.0
325 silly placeDep node_modules/clawdbot pdfjs-dist@5.4.530 OK for: clawdbot@2026.1.24-3 want: ^5.4.530
326 silly placeDep node_modules/clawdbot playwright-core@1.58.0 OK for: clawdbot@2026.1.24-3 want: 1.58.0
327 silly placeDep node_modules/clawdbot proper-lockfile@4.1.2 OK for: clawdbot@2026.1.24-3 want: ^4.1.2
328 silly placeDep node_modules/clawdbot qrcode-terminal@0.12.0 OK for: clawdbot@2026.1.24-3 want: ^0.12.0
329 silly placeDep node_modules/clawdbot sqlite-vec@0.1.7-alpha.2 OK for: clawdbot@2026.1.24-3 want: 0.1.7-alpha.2
330 silly placeDep node_modules/clawdbot tar@7.5.4 OK for: clawdbot@2026.1.24-3 want: 7.5.4
331 silly placeDep node_modules/clawdbot tslog@4.10.2 OK for: clawdbot@2026.1.24-3 want: ^4.10.2
332 silly placeDep node_modules/clawdbot undici@7.19.2 OK for: clawdbot@2026.1.24-3 want: ^7.19.0
333 silly placeDep node_modules/clawdbot ws@8.19.0 OK for: clawdbot@2026.1.24-3 want: ^8.19.0
334 silly placeDep node_modules/clawdbot yaml@2.8.2 OK for: clawdbot@2026.1.24-3 want: ^2.8.2
335 silly fetch manifest @aws-crypto/sha256-browser@5.2.0
336 silly packumentCache full:https://registry.npmjs.org/@aws-crypto%2fsha256-browser cache-miss
337 silly fetch manifest @aws-crypto/sha256-js@5.2.0
338 silly packumentCache full:https://registry.npmjs.org/@aws-crypto%2fsha256-js cache-miss
339 silly fetch manifest @aws-sdk/core@^3.973.1
340 silly packumentCache full:https://registry.npmjs.org/@aws-sdk%2fcore cache-miss
341 silly fetch manifest @aws-sdk/credential-provider-node@^3.972.1
342 silly packumentCache full:https://registry.npmjs.org/@aws-sdk%2fcredential-provider-node cache-miss
343 silly fetch manifest @aws-sdk/middleware-host-header@^3.972.1
344 silly packumentCache full:https://registry.npmjs.org/@aws-sdk%2fmiddleware-host-header cache-miss
345 silly fetch manifest @aws-sdk/middleware-logger@^3.972.1
346 silly packumentCache full:https://registry.npmjs.org/@aws-sdk%2fmiddleware-logger cache-miss
347 silly fetch manifest @aws-sdk/middleware-recursion-detection@^3.972.1
348 silly packumentCache full:https://registry.npmjs.org/@aws-sdk%2fmiddleware-recursion-detection cache-miss
349 http fetch GET 200 https://registry.npmjs.org/@aws-crypto%2fsha256-browser 83ms (cache miss)
350 silly packumentCache full:https://registry.npmjs.org/@aws-crypto%2fsha256-browser set size:undefined disposed:false
351 silly fetch manifest @aws-sdk/middleware-user-agent@^3.972.2
352 silly packumentCache full:https://registry.npmjs.org/@aws-sdk%2fmiddleware-user-agent cache-miss
353 http fetch GET 200 https://registry.npmjs.org/@aws-crypto%2fsha256-js 167ms (cache miss)
354 silly packumentCache full:https://registry.npmjs.org/@aws-crypto%2fsha256-js set size:undefined disposed:false
355 silly fetch manifest @aws-sdk/region-config-resolver@^3.972.1
356 silly packumentCache full:https://registry.npmjs.org/@aws-sdk%2fregion-config-resolver cache-miss
357 http fetch GET 200 https://registry.npmjs.org/@aws-sdk%2fmiddleware-logger 198ms (cache miss)
358 silly packumentCache full:https://registry.npmjs.org/@aws-sdk%2fmiddleware-logger set size:undefined disposed:false
359 silly fetch manifest @aws-sdk/token-providers@3.975.0
360 silly packumentCache full:https://registry.npmjs.org/@aws-sdk%2ftoken-providers cache-miss
361 http fetch GET 200 https://registry.npmjs.org/@aws-sdk%2fmiddleware-recursion-detection 204ms (cache miss)
362 silly packumentCache full:https://registry.npmjs.org/@aws-sdk%2fmiddleware-recursion-detection set size:undefined disposed:false
363 silly fetch manifest @aws-sdk/types@^3.973.0
364 silly packumentCache full:https://registry.npmjs.org/@aws-sdk%2ftypes cache-miss
365 http fetch GET 200 https://registry.npmjs.org/@aws-sdk%2fcore 210ms (cache miss)
366 silly packumentCache full:https://registry.npmjs.org/@aws-sdk%2fcore set size:undefined disposed:false
367 silly fetch manifest @aws-sdk/util-endpoints@3.972.0
368 silly packumentCache full:https://registry.npmjs.org/@aws-sdk%2futil-endpoints cache-miss
369 http fetch GET 200 https://registry.npmjs.org/@aws-sdk%2fmiddleware-host-header 255ms (cache miss)
370 silly packumentCache full:https://registry.npmjs.org/@aws-sdk%2fmiddleware-host-header set size:undefined disposed:false
371 silly fetch manifest @aws-sdk/util-user-agent-browser@^3.972.1
372 silly packumentCache full:https://registry.npmjs.org/@aws-sdk%2futil-user-agent-browser cache-miss
373 http fetch GET 200 https://registry.npmjs.org/@aws-sdk%2fcredential-provider-node 295ms (cache miss)
374 silly packumentCache full:https://registry.npmjs.org/@aws-sdk%2fcredential-provider-node set size:undefined disposed:false
375 silly fetch manifest @aws-sdk/util-user-agent-node@^3.972.1
376 silly packumentCache full:https://registry.npmjs.org/@aws-sdk%2futil-user-agent-node cache-miss
377 http fetch GET 200 https://registry.npmjs.org/@aws-sdk%2fmiddleware-user-agent 251ms (cache miss)
378 silly packumentCache full:https://registry.npmjs.org/@aws-sdk%2fmiddleware-user-agent set size:undefined disposed:false
379 silly fetch manifest @smithy/config-resolver@^4.4.6
380 silly packumentCache full:https://registry.npmjs.org/@smithy%2fconfig-resolver cache-miss
381 http fetch GET 200 https://registry.npmjs.org/@aws-sdk%2fregion-config-resolver 175ms (cache miss)
382 silly packumentCache full:https://registry.npmjs.org/@aws-sdk%2fregion-config-resolver set size:undefined disposed:false
383 silly fetch manifest @smithy/core@^3.21.1
384 silly packumentCache full:https://registry.npmjs.org/@smithy%2fcore cache-miss
385 http fetch GET 200 https://registry.npmjs.org/@aws-sdk%2ftoken-providers 179ms (cache miss)
386 silly packumentCache full:https://registry.npmjs.org/@aws-sdk%2ftoken-providers set size:undefined disposed:false
387 silly fetch manifest @smithy/fetch-http-handler@^5.3.9
388 silly packumentCache full:https://registry.npmjs.org/@smithy%2ffetch-http-handler cache-miss
389 http fetch GET 200 https://registry.npmjs.org/@aws-sdk%2ftypes 207ms (cache miss)
390 silly packumentCache full:https://registry.npmjs.org/@aws-sdk%2ftypes set size:undefined disposed:false
391 silly fetch manifest @smithy/hash-node@^4.2.8
392 silly packumentCache full:https://registry.npmjs.org/@smithy%2fhash-node cache-miss
393 http fetch GET 200 https://registry.npmjs.org/@aws-sdk%2futil-endpoints 207ms (cache miss)
394 silly packumentCache full:https://registry.npmjs.org/@aws-sdk%2futil-endpoints set size:undefined disposed:false
395 silly fetch manifest @smithy/invalid-dependency@^4.2.8
396 silly packumentCache full:https://registry.npmjs.org/@smithy%2finvalid-dependency cache-miss
397 http fetch GET 200 https://registry.npmjs.org/@aws-sdk%2futil-user-agent-browser 191ms (cache miss)
398 silly packumentCache full:https://registry.npmjs.org/@aws-sdk%2futil-user-agent-browser set size:undefined disposed:false
399 silly fetch manifest @smithy/middleware-content-length@^4.2.8
400 silly packumentCache full:https://registry.npmjs.org/@smithy%2fmiddleware-content-length cache-miss
401 http fetch GET 200 https://registry.npmjs.org/@smithy%2fconfig-resolver 223ms (cache miss)
402 silly packumentCache full:https://registry.npmjs.org/@smithy%2fconfig-resolver set size:undefined disposed:false
403 silly fetch manifest @smithy/middleware-endpoint@^4.4.11
404 silly packumentCache full:https://registry.npmjs.org/@smithy%2fmiddleware-endpoint cache-miss
405 http fetch GET 200 https://registry.npmjs.org/@smithy%2ffetch-http-handler 185ms (cache miss)
406 silly packumentCache full:https://registry.npmjs.org/@smithy%2ffetch-http-handler set size:undefined disposed:false
407 silly fetch manifest @smithy/middleware-retry@^4.4.27
408 silly packumentCache full:https://registry.npmjs.org/@smithy%2fmiddleware-retry cache-miss
409 http fetch GET 200 https://registry.npmjs.org/@aws-sdk%2futil-user-agent-node 272ms (cache miss)
410 silly packumentCache full:https://registry.npmjs.org/@aws-sdk%2futil-user-agent-node set size:undefined disposed:false
411 silly fetch manifest @smithy/middleware-serde@^4.2.9
412 silly packumentCache full:https://registry.npmjs.org/@smithy%2fmiddleware-serde cache-miss
413 http fetch GET 200 https://registry.npmjs.org/@smithy%2fcore 240ms (cache miss)
414 silly packumentCache full:https://registry.npmjs.org/@smithy%2fcore set size:undefined disposed:false
415 silly fetch manifest @smithy/middleware-stack@^4.2.8
416 silly packumentCache full:https://registry.npmjs.org/@smithy%2fmiddleware-stack cache-miss
417 http fetch GET 200 https://registry.npmjs.org/@smithy%2finvalid-dependency 165ms (cache miss)
418 silly packumentCache full:https://registry.npmjs.org/@smithy%2finvalid-dependency set size:undefined disposed:false
419 silly fetch manifest @smithy/node-config-provider@^4.3.8
420 silly packumentCache full:https://registry.npmjs.org/@smithy%2fnode-config-provider cache-miss
421 http fetch GET 200 https://registry.npmjs.org/@smithy%2fhash-node 172ms (cache miss)
422 silly packumentCache full:https://registry.npmjs.org/@smithy%2fhash-node set size:undefined disposed:false
423 silly fetch manifest @smithy/node-http-handler@^4.4.8
424 silly packumentCache full:https://registry.npmjs.org/@smithy%2fnode-http-handler cache-miss
425 http fetch GET 200 https://registry.npmjs.org/@smithy%2fmiddleware-content-length 141ms (cache miss)
426 silly packumentCache full:https://registry.npmjs.org/@smithy%2fmiddleware-content-length set size:undefined disposed:false
427 silly fetch manifest @smithy/protocol-http@^5.3.8
428 silly packumentCache full:https://registry.npmjs.org/@smithy%2fprotocol-http cache-miss
429 http fetch GET 200 https://registry.npmjs.org/@smithy%2fmiddleware-endpoint 129ms (cache miss)
430 silly packumentCache full:https://registry.npmjs.org/@smithy%2fmiddleware-endpoint set size:undefined disposed:false
431 silly fetch manifest @smithy/smithy-client@^4.10.12
432 silly packumentCache full:https://registry.npmjs.org/@smithy%2fsmithy-client cache-miss
433 http fetch GET 200 https://registry.npmjs.org/@smithy%2fnode-http-handler 114ms (cache miss)
434 silly packumentCache full:https://registry.npmjs.org/@smithy%2fnode-http-handler set size:undefined disposed:false
435 silly fetch manifest @smithy/types@^4.12.0
436 silly packumentCache full:https://registry.npmjs.org/@smithy%2ftypes cache-miss
437 http fetch GET 200 https://registry.npmjs.org/@smithy%2fmiddleware-stack 134ms (cache miss)
438 silly packumentCache full:https://registry.npmjs.org/@smithy%2fmiddleware-stack set size:undefined disposed:false
439 silly fetch manifest @smithy/url-parser@^4.2.8
440 silly packumentCache full:https://registry.npmjs.org/@smithy%2furl-parser cache-miss
441 http fetch GET 200 https://registry.npmjs.org/@smithy%2fnode-config-provider 140ms (cache miss)
442 silly packumentCache full:https://registry.npmjs.org/@smithy%2fnode-config-provider set size:undefined disposed:false
443 silly fetch manifest @smithy/util-base64@^4.3.0
444 silly packumentCache full:https://registry.npmjs.org/@smithy%2futil-base64 cache-miss
445 http fetch GET 200 https://registry.npmjs.org/@smithy%2fmiddleware-retry 159ms (cache miss)
446 silly packumentCache full:https://registry.npmjs.org/@smithy%2fmiddleware-retry set size:undefined disposed:false
447 silly fetch manifest @smithy/util-body-length-browser@^4.2.0
448 silly packumentCache full:https://registry.npmjs.org/@smithy%2futil-body-length-browser cache-miss
449 http fetch GET 200 https://registry.npmjs.org/@smithy%2fmiddleware-serde 159ms (cache miss)
450 silly packumentCache full:https://registry.npmjs.org/@smithy%2fmiddleware-serde set size:undefined disposed:false
451 silly fetch manifest @smithy/util-body-length-node@^4.2.1
452 silly packumentCache full:https://registry.npmjs.org/@smithy%2futil-body-length-node cache-miss
453 http fetch GET 200 https://registry.npmjs.org/@smithy%2fprotocol-http 147ms (cache miss)
454 silly packumentCache full:https://registry.npmjs.org/@smithy%2fprotocol-http set size:undefined disposed:false
455 silly fetch manifest @smithy/util-defaults-mode-browser@^4.3.26
456 silly packumentCache full:https://registry.npmjs.org/@smithy%2futil-defaults-mode-browser cache-miss
457 http fetch GET 200 https://registry.npmjs.org/@smithy%2fsmithy-client 124ms (cache miss)
458 silly packumentCache full:https://registry.npmjs.org/@smithy%2fsmithy-client set size:undefined disposed:false
459 silly fetch manifest @smithy/util-defaults-mode-node@^4.2.29
460 silly packumentCache full:https://registry.npmjs.org/@smithy%2futil-defaults-mode-node cache-miss
461 http fetch GET 200 https://registry.npmjs.org/@smithy%2ftypes 121ms (cache miss)
462 silly packumentCache full:https://registry.npmjs.org/@smithy%2ftypes set size:undefined disposed:false
463 silly fetch manifest @smithy/util-endpoints@^3.2.8
464 silly packumentCache full:https://registry.npmjs.org/@smithy%2futil-endpoints cache-miss
465 http fetch GET 200 https://registry.npmjs.org/@smithy%2futil-body-length-node 93ms (cache miss)
466 silly packumentCache full:https://registry.npmjs.org/@smithy%2futil-body-length-node set size:undefined disposed:false
467 silly fetch manifest @smithy/util-middleware@^4.2.8
468 silly packumentCache full:https://registry.npmjs.org/@smithy%2futil-middleware cache-miss
469 http fetch GET 200 https://registry.npmjs.org/@smithy%2furl-parser 115ms (cache miss)
470 silly packumentCache full:https://registry.npmjs.org/@smithy%2furl-parser set size:undefined disposed:false
471 silly fetch manifest @smithy/util-retry@^4.2.8
472 silly packumentCache full:https://registry.npmjs.org/@smithy%2futil-retry cache-miss
473 http fetch GET 200 https://registry.npmjs.org/@smithy%2futil-body-length-browser 107ms (cache miss)
474 silly packumentCache full:https://registry.npmjs.org/@smithy%2futil-body-length-browser set size:undefined disposed:false
475 silly fetch manifest @smithy/util-utf8@^4.2.0
476 silly packumentCache full:https://registry.npmjs.org/@smithy%2futil-utf8 cache-miss
477 http fetch GET 200 https://registry.npmjs.org/@smithy%2futil-defaults-mode-browser 128ms (cache miss)
478 silly packumentCache full:https://registry.npmjs.org/@smithy%2futil-defaults-mode-browser set size:undefined disposed:false
479 silly fetch manifest tslib@^2.6.2
480 silly packumentCache full:https://registry.npmjs.org/tslib cache-miss
481 http fetch GET 200 https://registry.npmjs.org/@smithy%2futil-base64 144ms (cache miss)
482 silly packumentCache full:https://registry.npmjs.org/@smithy%2futil-base64 set size:undefined disposed:false
483 silly fetch manifest @types/node@^25.0.9
484 silly packumentCache full:https://registry.npmjs.org/@types%2fnode cache-miss
485 http fetch GET 200 https://registry.npmjs.org/@smithy%2futil-endpoints 103ms (cache miss)
486 silly packumentCache full:https://registry.npmjs.org/@smithy%2futil-endpoints set size:undefined disposed:false
487 silly fetch manifest discord-api-types@0.38.37
488 silly packumentCache full:https://registry.npmjs.org/discord-api-types cache-miss
489 http fetch GET 200 https://registry.npmjs.org/@smithy%2futil-defaults-mode-node 116ms (cache miss)
490 silly packumentCache full:https://registry.npmjs.org/@smithy%2futil-defaults-mode-node set size:undefined disposed:false
491 silly fetch manifest @cloudflare/workers-types@4.20260120.0
492 silly packumentCache full:https://registry.npmjs.org/@cloudflare%2fworkers-types cache-miss
493 http cache https://registry.npmjs.org/discord-api-types 20ms (cache hit)
494 silly packumentCache full:https://registry.npmjs.org/discord-api-types set size:7700615 disposed:false
495 silly fetch manifest @discordjs/voice@0.19.0
496 silly packumentCache full:https://registry.npmjs.org/@discordjs%2fvoice cache-miss
497 http fetch GET 200 https://registry.npmjs.org/@smithy%2futil-middleware 158ms (cache miss)
498 silly packumentCache full:https://registry.npmjs.org/@smithy%2futil-middleware set size:undefined disposed:false
499 silly fetch manifest @hono/node-server@1.19.9
500 silly packumentCache full:https://registry.npmjs.org/@hono%2fnode-server cache-miss
501 http fetch GET 200 https://registry.npmjs.org/@smithy%2futil-utf8 149ms (cache miss)
502 silly packumentCache full:https://registry.npmjs.org/@smithy%2futil-utf8 set size:undefined disposed:false
503 silly fetch manifest @types/bun@1.3.6
504 silly packumentCache full:https://registry.npmjs.org/@types%2fbun cache-miss
505 http fetch GET 200 https://registry.npmjs.org/tslib 119ms (cache miss)
506 silly packumentCache full:https://registry.npmjs.org/tslib set size:undefined disposed:false
507 silly fetch manifest @types/ws@8.18.1
508 silly packumentCache full:https://registry.npmjs.org/@types%2fws cache-miss
509 http fetch GET 200 https://registry.npmjs.org/@smithy%2futil-retry 154ms (cache miss)
510 silly packumentCache full:https://registry.npmjs.org/@smithy%2futil-retry set size:undefined disposed:false
511 silly fetch manifest ws@8.19.0
512 silly packumentCache full:https://registry.npmjs.org/ws cache-miss
513 http cache https://registry.npmjs.org/ws 2ms (cache hit)
514 silly packumentCache full:https://registry.npmjs.org/ws set size:413307 disposed:false
515 silly fetch manifest picocolors@^1.0.0
516 silly packumentCache full:https://registry.npmjs.org/picocolors cache-miss
517 http fetch GET 200 https://registry.npmjs.org/@cloudflare%2fworkers-types 341ms (cache miss)
518 silly packumentCache full:https://registry.npmjs.org/@cloudflare%2fworkers-types set size:undefined disposed:false
519 silly fetch manifest sisteransi@^1.0.5
520 silly packumentCache full:https://registry.npmjs.org/sisteransi cache-miss
521 http fetch GET 200 https://registry.npmjs.org/@types%2fbun 301ms (cache miss)
522 silly packumentCache full:https://registry.npmjs.org/@types%2fbun set size:undefined disposed:false
523 silly fetch manifest @clack/core@0.5.0
524 silly packumentCache full:https://registry.npmjs.org/@clack%2fcore cache-miss
525 http fetch GET 200 https://registry.npmjs.org/picocolors 301ms (cache miss)
526 silly packumentCache full:https://registry.npmjs.org/picocolors set size:undefined disposed:false
527 silly fetch manifest abort-controller@^3.0.0
528 silly packumentCache full:https://registry.npmjs.org/abort-controller cache-miss
529 http fetch GET 200 https://registry.npmjs.org/@hono%2fnode-server 314ms (cache miss)
530 silly packumentCache full:https://registry.npmjs.org/@hono%2fnode-server set size:undefined disposed:false
531 silly fetch manifest @grammyjs/types@3.23.0
532 silly packumentCache full:https://registry.npmjs.org/@grammyjs%2ftypes cache-miss
533 http fetch GET 200 https://registry.npmjs.org/@types%2fws 321ms (cache miss)
534 silly packumentCache full:https://registry.npmjs.org/@types%2fws set size:undefined disposed:false
535 silly fetch manifest abort-controller@^3.0.0
536 silly packumentCache full:https://registry.npmjs.org/abort-controller cache-miss
537 http fetch GET 200 https://registry.npmjs.org/@types%2fnode 547ms (cache miss)
538 silly packumentCache full:https://registry.npmjs.org/@types%2fnode set size:undefined disposed:false
539 silly fetch manifest debug@^4.4.3
540 silly packumentCache full:https://registry.npmjs.org/debug cache-miss
541 http fetch GET 200 https://registry.npmjs.org/sisteransi 199ms (cache miss)
542 silly packumentCache full:https://registry.npmjs.org/sisteransi set size:undefined disposed:false
543 silly fetch manifest node-fetch@^2.7.0
544 silly packumentCache full:https://registry.npmjs.org/node-fetch cache-miss
545 http fetch GET 200 https://registry.npmjs.org/abort-controller 172ms (cache miss)
546 silly packumentCache full:https://registry.npmjs.org/abort-controller set size:undefined disposed:false
547 silly fetch manifest bottleneck@^2.0.0
548 silly packumentCache full:https://registry.npmjs.org/bottleneck cache-miss
549 http fetch GET 200 https://registry.npmjs.org/abort-controller 189ms (cache miss)
550 silly packumentCache full:https://registry.npmjs.org/abort-controller set size:undefined disposed:false
551 silly fetch manifest debug@^4.4.1
552 silly packumentCache full:https://registry.npmjs.org/debug cache-miss
553 http fetch GET 200 https://registry.npmjs.org/@clack%2fcore 196ms (cache miss)
554 silly packumentCache full:https://registry.npmjs.org/@clack%2fcore set size:undefined disposed:false
555 silly fetch manifest fast-deep-equal@^3.1.3
556 silly packumentCache full:https://registry.npmjs.org/fast-deep-equal cache-miss
557 http fetch GET 200 https://registry.npmjs.org/@grammyjs%2ftypes 185ms (cache miss)
558 silly packumentCache full:https://registry.npmjs.org/@grammyjs%2ftypes set size:undefined disposed:false
559 silly fetch manifest source-map-support@^0.5.21
560 silly packumentCache full:https://registry.npmjs.org/source-map-support cache-miss
561 http fetch GET 200 https://registry.npmjs.org/bottleneck 99ms (cache miss)
562 silly packumentCache full:https://registry.npmjs.org/bottleneck set size:undefined disposed:false
563 silly fetch manifest tslib@^2.8.1
564 silly packumentCache full:https://registry.npmjs.org/tslib cache-miss
565 http fetch GET 200 https://registry.npmjs.org/debug 100ms (cache miss)
566 silly packumentCache full:https://registry.npmjs.org/debug set size:undefined disposed:false
567 silly fetch manifest @types/node@^24.0.0
568 silly packumentCache full:https://registry.npmjs.org/@types%2fnode cache-miss
569 http cache https://registry.npmjs.org/tslib 4ms (cache hit)
570 silly packumentCache full:https://registry.npmjs.org/tslib set size:108760 disposed:false
571 silly fetch manifest axios@^1.7.4
572 silly packumentCache full:https://registry.npmjs.org/axios cache-miss
573 http cache https://registry.npmjs.org/@types%2fnode 12ms (cache hit)
574 silly packumentCache full:https://registry.npmjs.org/@types%2fnode set size:10801274 disposed:false
575 silly fetch manifest @lydell/node-pty-linux-x64@1.2.0-beta.3
576 silly packumentCache full:https://registry.npmjs.org/@lydell%2fnode-pty-linux-x64 cache-miss
577 http fetch GET 200 https://registry.npmjs.org/fast-deep-equal 279ms (cache miss)
578 silly packumentCache full:https://registry.npmjs.org/fast-deep-equal set size:undefined disposed:false
579 silly fetch manifest @lydell/node-pty-win32-x64@1.2.0-beta.3
580 silly packumentCache full:https://registry.npmjs.org/@lydell%2fnode-pty-win32-x64 cache-miss
581 http fetch GET 200 https://registry.npmjs.org/node-fetch 290ms (cache miss)
582 silly packumentCache full:https://registry.npmjs.org/node-fetch set size:undefined disposed:false
583 silly fetch manifest @lydell/node-pty-darwin-x64@1.2.0-beta.3
584 silly packumentCache full:https://registry.npmjs.org/@lydell%2fnode-pty-darwin-x64 cache-miss
585 http fetch GET 200 https://registry.npmjs.org/source-map-support 290ms (cache miss)
586 silly packumentCache full:https://registry.npmjs.org/source-map-support set size:undefined disposed:false
587 silly fetch manifest @lydell/node-pty-linux-arm64@1.2.0-beta.3
588 silly packumentCache full:https://registry.npmjs.org/@lydell%2fnode-pty-linux-arm64 cache-miss
589 http fetch GET 200 https://registry.npmjs.org/debug 318ms (cache miss)
590 silly packumentCache full:https://registry.npmjs.org/debug set size:undefined disposed:false
591 silly fetch manifest @lydell/node-pty-win32-arm64@1.2.0-beta.3
592 silly packumentCache full:https://registry.npmjs.org/@lydell%2fnode-pty-win32-arm64 cache-miss
593 http fetch GET 200 https://registry.npmjs.org/axios 215ms (cache miss)
594 silly packumentCache full:https://registry.npmjs.org/axios set size:undefined disposed:false
595 silly fetch manifest @lydell/node-pty-darwin-arm64@1.2.0-beta.3
596 silly packumentCache full:https://registry.npmjs.org/@lydell%2fnode-pty-darwin-arm64 cache-miss
597 http fetch GET 200 https://registry.npmjs.org/@lydell%2fnode-pty-linux-x64 121ms (cache miss)
598 silly packumentCache full:https://registry.npmjs.org/@lydell%2fnode-pty-linux-x64 set size:undefined disposed:false
599 silly fetch manifest @mariozechner/pi-ai@^0.49.3
600 silly packumentCache full:https://registry.npmjs.org/@mariozechner%2fpi-ai cache-miss
601 http cache https://registry.npmjs.org/@mariozechner%2fpi-ai 5ms (cache hit)
602 silly packumentCache full:https://registry.npmjs.org/@mariozechner%2fpi-ai set size:538027 disposed:false
603 silly fetch manifest @mariozechner/pi-tui@^0.49.3
604 silly packumentCache full:https://registry.npmjs.org/@mariozechner%2fpi-tui cache-miss
605 http cache https://registry.npmjs.org/@mariozechner%2fpi-tui 2ms (cache hit)
606 silly packumentCache full:https://registry.npmjs.org/@mariozechner%2fpi-tui set size:484519 disposed:false
607 silly fetch manifest openai@6.10.0
608 silly packumentCache full:https://registry.npmjs.org/openai cache-miss
609 http fetch GET 200 https://registry.npmjs.org/@lydell%2fnode-pty-win32-x64 89ms (cache miss)
610 silly packumentCache full:https://registry.npmjs.org/@lydell%2fnode-pty-win32-x64 set size:undefined disposed:false
611 silly fetch manifest ajv-formats@^3.0.1
612 silly packumentCache full:https://registry.npmjs.org/ajv-formats cache-miss
613 http fetch GET 200 https://registry.npmjs.org/@lydell%2fnode-pty-darwin-x64 96ms (cache miss)
614 silly packumentCache full:https://registry.npmjs.org/@lydell%2fnode-pty-darwin-x64 set size:undefined disposed:false
615 silly fetch manifest partial-json@^0.1.7
616 silly packumentCache full:https://registry.npmjs.org/partial-json cache-miss
617 http fetch GET 200 https://registry.npmjs.org/@lydell%2fnode-pty-win32-arm64 96ms (cache miss)
618 silly packumentCache full:https://registry.npmjs.org/@lydell%2fnode-pty-win32-arm64 set size:undefined disposed:false
619 silly fetch manifest @google/genai@1.34.0
620 silly packumentCache full:https://registry.npmjs.org/@google%2fgenai cache-miss
621 http fetch GET 200 https://registry.npmjs.org/@lydell%2fnode-pty-darwin-arm64 79ms (cache miss)
622 silly packumentCache full:https://registry.npmjs.org/@lydell%2fnode-pty-darwin-arm64 set size:undefined disposed:false
623 silly fetch manifest @anthropic-ai/sdk@0.71.2
624 silly packumentCache full:https://registry.npmjs.org/@anthropic-ai%2fsdk cache-miss
625 http fetch GET 200 https://registry.npmjs.org/@lydell%2fnode-pty-linux-arm64 120ms (cache miss)
626 silly packumentCache full:https://registry.npmjs.org/@lydell%2fnode-pty-linux-arm64 set size:undefined disposed:false
627 silly fetch manifest @sinclair/typebox@^0.34.41
628 silly packumentCache full:https://registry.npmjs.org/@sinclair%2ftypebox cache-miss
629 http cache https://registry.npmjs.org/@sinclair%2ftypebox 3ms (cache hit)
630 silly packumentCache full:https://registry.npmjs.org/@sinclair%2ftypebox set size:1220788 disposed:false
631 silly fetch manifest zod-to-json-schema@^3.24.6
632 silly packumentCache full:https://registry.npmjs.org/zod-to-json-schema cache-miss
633 http fetch GET 200 https://registry.npmjs.org/ajv-formats 80ms (cache miss)
634 silly packumentCache full:https://registry.npmjs.org/ajv-formats set size:undefined disposed:false
635 silly fetch manifest @mistralai/mistralai@1.10.0
636 silly packumentCache full:https://registry.npmjs.org/@mistralai%2fmistralai cache-miss
637 http fetch GET 200 https://registry.npmjs.org/partial-json 86ms (cache miss)
638 silly packumentCache full:https://registry.npmjs.org/partial-json set size:undefined disposed:false
639 silly fetch manifest @aws-sdk/client-bedrock-runtime@^3.966.0
640 silly packumentCache full:https://registry.npmjs.org/@aws-sdk%2fclient-bedrock-runtime cache-miss
641 http fetch GET 200 https://registry.npmjs.org/openai 151ms (cache miss)
642 silly packumentCache full:https://registry.npmjs.org/openai set size:undefined disposed:false
643 silly fetch manifest diff@^8.0.2
644 silly packumentCache full:https://registry.npmjs.org/diff cache-miss
645 http fetch GET 200 https://registry.npmjs.org/@google%2fgenai 123ms (cache miss)
646 silly packumentCache full:https://registry.npmjs.org/@google%2fgenai set size:undefined disposed:false
647 silly fetch manifest glob@^11.0.3
648 silly packumentCache full:https://registry.npmjs.org/glob cache-miss
649 http fetch GET 200 https://registry.npmjs.org/zod-to-json-schema 105ms (cache miss)
650 silly packumentCache full:https://registry.npmjs.org/zod-to-json-schema set size:undefined disposed:false
651 silly fetch manifest chalk@^5.5.0
652 silly packumentCache full:https://registry.npmjs.org/chalk cache-miss
653 http cache https://registry.npmjs.org/chalk 2ms (cache hit)
654 silly packumentCache full:https://registry.npmjs.org/chalk set size:117861 disposed:false
655 silly fetch manifest marked@^15.0.12
656 silly packumentCache full:https://registry.npmjs.org/marked cache-miss
657 http fetch GET 200 https://registry.npmjs.org/@anthropic-ai%2fsdk 139ms (cache miss)
658 silly packumentCache full:https://registry.npmjs.org/@anthropic-ai%2fsdk set size:undefined disposed:false
659 silly fetch manifest file-type@^21.1.1
660 silly packumentCache full:https://registry.npmjs.org/file-type cache-miss
661 http cache https://registry.npmjs.org/file-type 4ms (cache hit)
662 silly packumentCache full:https://registry.npmjs.org/file-type set size:536399 disposed:false
663 silly fetch manifest minimatch@^10.1.1
664 silly packumentCache full:https://registry.npmjs.org/minimatch cache-miss
665 http fetch GET 200 https://registry.npmjs.org/@mistralai%2fmistralai 100ms (cache miss)
666 silly packumentCache full:https://registry.npmjs.org/@mistralai%2fmistralai set size:undefined disposed:false
667 silly fetch manifest @mariozechner/jiti@^2.6.2
668 silly packumentCache full:https://registry.npmjs.org/@mariozechner%2fjiti cache-miss
669 http fetch GET 200 https://registry.npmjs.org/@aws-sdk%2fclient-bedrock-runtime 100ms (cache miss)
670 silly packumentCache full:https://registry.npmjs.org/@aws-sdk%2fclient-bedrock-runtime set size:undefined disposed:false
671 silly fetch manifest @mariozechner/clipboard@^0.3.0
672 silly packumentCache full:https://registry.npmjs.org/@mariozechner%2fclipboard cache-miss
673 http fetch GET 200 https://registry.npmjs.org/diff 78ms (cache miss)
674 silly packumentCache full:https://registry.npmjs.org/diff set size:undefined disposed:false
675 silly fetch manifest @silvia-odwyer/photon-node@^0.3.4
676 silly packumentCache full:https://registry.npmjs.org/@silvia-odwyer%2fphoton-node cache-miss
677 http fetch GET 200 https://registry.npmjs.org/glob 93ms (cache miss)
678 silly packumentCache full:https://registry.npmjs.org/glob set size:undefined disposed:false
679 silly fetch manifest marked@^15.0.12
680 silly packumentCache full:https://registry.npmjs.org/marked cache-miss
681 http fetch GET 200 https://registry.npmjs.org/marked 108ms (cache miss)
682 silly packumentCache full:https://registry.npmjs.org/marked set size:undefined disposed:false
683 silly fetch manifest mime-types@^3.0.1
684 silly packumentCache full:https://registry.npmjs.org/mime-types cache-miss
685 http fetch GET 200 https://registry.npmjs.org/minimatch 109ms (cache miss)
686 silly packumentCache full:https://registry.npmjs.org/minimatch set size:undefined disposed:false
687 silly fetch manifest @types/mime-types@^2.1.4
688 silly packumentCache full:https://registry.npmjs.org/@types%2fmime-types cache-miss
689 http fetch GET 200 https://registry.npmjs.org/@mariozechner%2fjiti 109ms (cache miss)
690 silly packumentCache full:https://registry.npmjs.org/@mariozechner%2fjiti set size:undefined disposed:false
691 silly fetch manifest get-east-asian-width@^1.3.0
692 silly packumentCache full:https://registry.npmjs.org/get-east-asian-width cache-miss
693 http fetch GET 200 https://registry.npmjs.org/@mariozechner%2fclipboard 83ms (cache miss)
694 silly packumentCache full:https://registry.npmjs.org/@mariozechner%2fclipboard set size:undefined disposed:false
695 silly fetch manifest @napi-rs/canvas-linux-x64-gnu@0.1.89
696 silly packumentCache full:https://registry.npmjs.org/@napi-rs%2fcanvas-linux-x64-gnu cache-miss
697 http fetch GET 200 https://registry.npmjs.org/@silvia-odwyer%2fphoton-node 86ms (cache miss)
698 silly packumentCache full:https://registry.npmjs.org/@silvia-odwyer%2fphoton-node set size:undefined disposed:false
699 silly fetch manifest @napi-rs/canvas-darwin-x64@0.1.89
700 silly packumentCache full:https://registry.npmjs.org/@napi-rs%2fcanvas-darwin-x64 cache-miss
701 http fetch GET 200 https://registry.npmjs.org/marked 110ms (cache miss)
702 silly packumentCache full:https://registry.npmjs.org/marked set size:undefined disposed:false
703 silly fetch manifest @napi-rs/canvas-win32-x64-msvc@0.1.89
704 silly packumentCache full:https://registry.npmjs.org/@napi-rs%2fcanvas-win32-x64-msvc cache-miss
705 http fetch GET 200 https://registry.npmjs.org/get-east-asian-width 80ms (cache miss)
706 silly packumentCache full:https://registry.npmjs.org/get-east-asian-width set size:undefined disposed:false
707 silly fetch manifest @napi-rs/canvas-win32-arm64-msvc@0.1.89
708 silly packumentCache full:https://registry.npmjs.org/@napi-rs%2fcanvas-win32-arm64-msvc cache-miss
709 http fetch GET 200 https://registry.npmjs.org/@types%2fmime-types 82ms (cache miss)
710 silly packumentCache full:https://registry.npmjs.org/@types%2fmime-types set size:undefined disposed:false
711 silly fetch manifest @napi-rs/canvas-linux-arm-gnueabihf@0.1.89
712 silly packumentCache full:https://registry.npmjs.org/@napi-rs%2fcanvas-linux-arm-gnueabihf cache-miss
713 http fetch GET 200 https://registry.npmjs.org/mime-types 97ms (cache miss)
714 silly packumentCache full:https://registry.npmjs.org/mime-types set size:undefined disposed:false
715 silly fetch manifest @napi-rs/canvas-linux-x64-musl@0.1.89
716 silly packumentCache full:https://registry.npmjs.org/@napi-rs%2fcanvas-linux-x64-musl cache-miss
717 http fetch GET 200 https://registry.npmjs.org/@napi-rs%2fcanvas-linux-x64-gnu 103ms (cache miss)
718 silly packumentCache full:https://registry.npmjs.org/@napi-rs%2fcanvas-linux-x64-gnu set size:undefined disposed:false
719 silly fetch manifest @napi-rs/canvas-linux-arm64-gnu@0.1.89
720 silly packumentCache full:https://registry.npmjs.org/@napi-rs%2fcanvas-linux-arm64-gnu cache-miss
721 http fetch GET 200 https://registry.npmjs.org/@napi-rs%2fcanvas-darwin-x64 110ms (cache miss)
722 silly packumentCache full:https://registry.npmjs.org/@napi-rs%2fcanvas-darwin-x64 set size:undefined disposed:false
723 silly fetch manifest @napi-rs/canvas-linux-arm64-musl@0.1.89
724 silly packumentCache full:https://registry.npmjs.org/@napi-rs%2fcanvas-linux-arm64-musl cache-miss
725 http fetch GET 200 https://registry.npmjs.org/@napi-rs%2fcanvas-win32-x64-msvc 98ms (cache miss)
726 silly packumentCache full:https://registry.npmjs.org/@napi-rs%2fcanvas-win32-x64-msvc set size:undefined disposed:false
727 silly fetch manifest @napi-rs/canvas-darwin-arm64@0.1.89
728 silly packumentCache full:https://registry.npmjs.org/@napi-rs%2fcanvas-darwin-arm64 cache-miss
729 http fetch GET 200 https://registry.npmjs.org/@napi-rs%2fcanvas-linux-arm-gnueabihf 98ms (cache miss)
730 silly packumentCache full:https://registry.npmjs.org/@napi-rs%2fcanvas-linux-arm-gnueabihf set size:undefined disposed:false
731 silly fetch manifest @napi-rs/canvas-android-arm64@0.1.89
732 silly packumentCache full:https://registry.npmjs.org/@napi-rs%2fcanvas-android-arm64 cache-miss
733 http fetch GET 200 https://registry.npmjs.org/@napi-rs%2fcanvas-win32-arm64-msvc 102ms (cache miss)
734 silly packumentCache full:https://registry.npmjs.org/@napi-rs%2fcanvas-win32-arm64-msvc set size:undefined disposed:false
735 silly fetch manifest @napi-rs/canvas-linux-riscv64-gnu@0.1.89
736 silly packumentCache full:https://registry.npmjs.org/@napi-rs%2fcanvas-linux-riscv64-gnu cache-miss
737 http fetch GET 200 https://registry.npmjs.org/@napi-rs%2fcanvas-linux-x64-musl 109ms (cache miss)
738 silly packumentCache full:https://registry.npmjs.org/@napi-rs%2fcanvas-linux-x64-musl set size:undefined disposed:false
739 silly fetch manifest axios@^1.12.0
740 silly packumentCache full:https://registry.npmjs.org/axios cache-miss
741 http cache https://registry.npmjs.org/axios 2ms (cache hit)
742 silly packumentCache full:https://registry.npmjs.org/axios set size:751549 disposed:false
743 silly fetch manifest tsscmp@^1.0.6
744 silly packumentCache full:https://registry.npmjs.org/tsscmp cache-miss
745 http fetch GET 200 https://registry.npmjs.org/@napi-rs%2fcanvas-linux-arm64-gnu 110ms (cache miss)
746 silly packumentCache full:https://registry.npmjs.org/@napi-rs%2fcanvas-linux-arm64-gnu set size:undefined disposed:false
747 silly fetch manifest express@^5.0.0
748 silly packumentCache full:https://registry.npmjs.org/express cache-miss
749 http cache https://registry.npmjs.org/express 2ms (cache hit)
750 silly packumentCache full:https://registry.npmjs.org/express set size:801222 disposed:false
751 silly fetch manifest raw-body@^3
752 silly packumentCache full:https://registry.npmjs.org/raw-body cache-miss
753 http fetch GET 200 https://registry.npmjs.org/@napi-rs%2fcanvas-linux-arm64-musl 102ms (cache miss)
754 silly packumentCache full:https://registry.npmjs.org/@napi-rs%2fcanvas-linux-arm64-musl set size:undefined disposed:false
755 silly fetch manifest @slack/oauth@^3.0.4
756 silly packumentCache full:https://registry.npmjs.org/@slack%2foauth cache-miss
757 http fetch GET 200 https://registry.npmjs.org/tsscmp 74ms (cache miss)
758 silly packumentCache full:https://registry.npmjs.org/tsscmp set size:undefined disposed:false
759 silly fetch manifest @slack/types@^2.18.0
760 silly packumentCache full:https://registry.npmjs.org/@slack%2ftypes cache-miss
761 http fetch GET 200 https://registry.npmjs.org/@napi-rs%2fcanvas-android-arm64 119ms (cache miss)
762 silly packumentCache full:https://registry.npmjs.org/@napi-rs%2fcanvas-android-arm64 set size:undefined disposed:false
763 silly fetch manifest @slack/logger@^4.0.0
764 silly packumentCache full:https://registry.npmjs.org/@slack%2flogger cache-miss
765 http fetch GET 200 https://registry.npmjs.org/@napi-rs%2fcanvas-linux-riscv64-gnu 119ms (cache miss)
766 silly packumentCache full:https://registry.npmjs.org/@napi-rs%2fcanvas-linux-riscv64-gnu set size:undefined disposed:false
767 silly fetch manifest @slack/web-api@^7.12.0
768 silly packumentCache full:https://registry.npmjs.org/@slack%2fweb-api cache-miss
769 http fetch GET 200 https://registry.npmjs.org/raw-body 82ms (cache miss)
770 silly packumentCache full:https://registry.npmjs.org/raw-body set size:undefined disposed:false
771 silly fetch manifest path-to-regexp@^8.1.0
772 silly packumentCache full:https://registry.npmjs.org/path-to-regexp cache-miss
773 http cache https://registry.npmjs.org/@slack%2fweb-api 4ms (cache hit)
774 silly packumentCache full:https://registry.npmjs.org/@slack%2fweb-api set size:380958 disposed:false
775 silly fetch manifest @slack/socket-mode@^2.0.5
776 silly packumentCache full:https://registry.npmjs.org/@slack%2fsocket-mode cache-miss
777 http fetch GET 200 https://registry.npmjs.org/@napi-rs%2fcanvas-darwin-arm64 143ms (cache miss)
778 silly packumentCache full:https://registry.npmjs.org/@napi-rs%2fcanvas-darwin-arm64 set size:undefined disposed:false
779 silly fetch manifest @types/body-parser@*
780 silly packumentCache full:https://registry.npmjs.org/@types%2fbody-parser cache-miss
781 http fetch GET 200 https://registry.npmjs.org/@slack%2ftypes 89ms (cache miss)
782 silly packumentCache full:https://registry.npmjs.org/@slack%2ftypes set size:undefined disposed:false
783 silly fetch manifest @types/serve-static@^2
784 silly packumentCache full:https://registry.npmjs.org/@types%2fserve-static cache-miss
785 http fetch GET 200 https://registry.npmjs.org/path-to-regexp 76ms (cache miss)
786 silly packumentCache full:https://registry.npmjs.org/path-to-regexp set size:undefined disposed:false
787 silly fetch manifest @types/express-serve-static-core@^5.0.0
788 silly packumentCache full:https://registry.npmjs.org/@types%2fexpress-serve-static-core cache-miss
789 http fetch GET 200 https://registry.npmjs.org/@slack%2flogger 84ms (cache miss)
790 silly packumentCache full:https://registry.npmjs.org/@slack%2flogger set size:undefined disposed:false
791 silly fetch manifest @types/node@>=18.0.0
792 silly packumentCache full:https://registry.npmjs.org/@types%2fnode cache-miss
793 http cache https://registry.npmjs.org/@types%2fnode 16ms (cache hit)
794 silly packumentCache full:https://registry.npmjs.org/@types%2fnode set size:10801274 disposed:false
795 silly fetch manifest @types/retry@0.12.0
796 silly packumentCache full:https://registry.npmjs.org/@types%2fretry cache-miss
797 http fetch GET 200 https://registry.npmjs.org/@types%2fbody-parser 166ms (cache miss)
798 silly packumentCache full:https://registry.npmjs.org/@types%2fbody-parser set size:undefined disposed:false
799 silly fetch manifest axios@^1.11.0
800 silly packumentCache full:https://registry.npmjs.org/axios cache-hit
801 silly fetch manifest eventemitter3@^5.0.1
802 silly packumentCache full:https://registry.npmjs.org/eventemitter3 cache-miss
803 http fetch GET 200 https://registry.npmjs.org/@slack%2fsocket-mode 175ms (cache miss)
804 silly packumentCache full:https://registry.npmjs.org/@slack%2fsocket-mode set size:undefined disposed:false
805 silly fetch manifest form-data@^4.0.4
806 silly packumentCache full:https://registry.npmjs.org/form-data cache-miss
807 http fetch GET 200 https://registry.npmjs.org/@types%2fserve-static 122ms (cache miss)
808 silly packumentCache full:https://registry.npmjs.org/@types%2fserve-static set size:undefined disposed:false
809 silly fetch manifest is-electron@2.2.2
810 silly packumentCache full:https://registry.npmjs.org/is-electron cache-miss
811 http fetch GET 200 https://registry.npmjs.org/@types%2fexpress-serve-static-core 204ms (cache miss)
812 silly packumentCache full:https://registry.npmjs.org/@types%2fexpress-serve-static-core set size:undefined disposed:false
813 silly fetch manifest is-stream@^2
814 silly packumentCache full:https://registry.npmjs.org/is-stream cache-miss
815 http fetch GET 200 https://registry.npmjs.org/eventemitter3 109ms (cache miss)
816 silly packumentCache full:https://registry.npmjs.org/eventemitter3 set size:undefined disposed:false
817 silly fetch manifest p-queue@^6
818 silly packumentCache full:https://registry.npmjs.org/p-queue cache-miss
819 http fetch GET 200 https://registry.npmjs.org/is-electron 109ms (cache miss)
820 silly packumentCache full:https://registry.npmjs.org/is-electron set size:undefined disposed:false
821 silly fetch manifest p-retry@^4
822 silly packumentCache full:https://registry.npmjs.org/p-retry cache-miss
823 http fetch GET 200 https://registry.npmjs.org/form-data 111ms (cache miss)
824 silly packumentCache full:https://registry.npmjs.org/form-data set size:undefined disposed:false
825 silly fetch manifest retry@^0.13.1
826 silly packumentCache full:https://registry.npmjs.org/retry cache-miss
827 http fetch GET 200 https://registry.npmjs.org/@types%2fretry 119ms (cache miss)
828 silly packumentCache full:https://registry.npmjs.org/@types%2fretry set size:undefined disposed:false
829 silly fetch manifest @cacheable/node-cache@^1.4.0
830 silly packumentCache full:https://registry.npmjs.org/@cacheable%2fnode-cache cache-miss
831 http fetch GET 200 https://registry.npmjs.org/is-stream 92ms (cache miss)
832 silly packumentCache full:https://registry.npmjs.org/is-stream set size:undefined disposed:false
833 silly fetch manifest @hapi/boom@^9.1.3
834 silly packumentCache full:https://registry.npmjs.org/@hapi%2fboom cache-miss
835 http fetch GET 200 https://registry.npmjs.org/p-queue 90ms (cache miss)
836 silly packumentCache full:https://registry.npmjs.org/p-queue set size:undefined disposed:false
837 silly fetch manifest async-mutex@^0.5.0
838 silly packumentCache full:https://registry.npmjs.org/async-mutex cache-miss
839 http fetch GET 200 https://registry.npmjs.org/p-retry 94ms (cache miss)
840 silly packumentCache full:https://registry.npmjs.org/p-retry set size:undefined disposed:false
841 silly fetch manifest libsignal@git+https://github.com/whiskeysockets/libsignal-node.git
842 http fetch GET 200 https://registry.npmjs.org/retry 98ms (cache miss)
843 silly packumentCache full:https://registry.npmjs.org/retry set size:undefined disposed:false
844 silly fetch manifest lru-cache@^11.1.0
845 silly packumentCache full:https://registry.npmjs.org/lru-cache cache-miss
846 http fetch GET 200 https://registry.npmjs.org/@cacheable%2fnode-cache 99ms (cache miss)
847 silly packumentCache full:https://registry.npmjs.org/@cacheable%2fnode-cache set size:undefined disposed:false
848 silly fetch manifest music-metadata@^11.7.0
849 silly packumentCache full:https://registry.npmjs.org/music-metadata cache-miss
850 http fetch GET 200 https://registry.npmjs.org/async-mutex 74ms (cache miss)
851 silly packumentCache full:https://registry.npmjs.org/async-mutex set size:undefined disposed:false
852 silly fetch manifest p-queue@^9.0.0
853 silly packumentCache full:https://registry.npmjs.org/p-queue cache-miss
854 http cache https://registry.npmjs.org/p-queue 2ms (cache hit)
855 silly packumentCache full:https://registry.npmjs.org/p-queue set size:167834 disposed:false
856 silly fetch manifest pino@^9.6
857 silly packumentCache full:https://registry.npmjs.org/pino cache-miss
858 http fetch GET 200 https://registry.npmjs.org/@hapi%2fboom 103ms (cache miss)
859 silly packumentCache full:https://registry.npmjs.org/@hapi%2fboom set size:undefined disposed:false
860 silly fetch manifest protobufjs@^7.2.4
861 silly packumentCache full:https://registry.npmjs.org/protobufjs cache-miss
862 http fetch GET 200 https://registry.npmjs.org/music-metadata 130ms (cache miss)
863 silly packumentCache full:https://registry.npmjs.org/music-metadata set size:undefined disposed:false
864 silly fetch manifest ws@^8.13.0
865 silly packumentCache full:https://registry.npmjs.org/ws cache-hit
866 silly fetch manifest semver@^7.7.3
867 silly packumentCache full:https://registry.npmjs.org/semver cache-miss
868 http fetch GET 200 https://registry.npmjs.org/lru-cache 141ms (cache miss)
869 silly packumentCache full:https://registry.npmjs.org/lru-cache set size:undefined disposed:false
870 silly fetch manifest @img/colour@^1.0.0
871 silly packumentCache full:https://registry.npmjs.org/@img%2fcolour cache-miss
872 http fetch GET 200 https://registry.npmjs.org/protobufjs 104ms (cache miss)
873 silly packumentCache full:https://registry.npmjs.org/protobufjs set size:undefined disposed:false
874 silly fetch manifest @img/sharp-wasm32@0.34.5
875 silly packumentCache full:https://registry.npmjs.org/@img%2fsharp-wasm32 cache-miss
876 http fetch GET 200 https://registry.npmjs.org/pino 131ms (cache miss)
877 silly packumentCache full:https://registry.npmjs.org/pino set size:undefined disposed:false
878 silly fetch manifest @img/sharp-linux-arm@0.34.5
879 silly packumentCache full:https://registry.npmjs.org/@img%2fsharp-linux-arm cache-miss
880 http fetch GET 200 https://registry.npmjs.org/semver 85ms (cache miss)
881 silly packumentCache full:https://registry.npmjs.org/semver set size:undefined disposed:false
882 silly fetch manifest @img/sharp-linux-x64@0.34.5
883 silly packumentCache full:https://registry.npmjs.org/@img%2fsharp-linux-x64 cache-miss
884 http fetch GET 200 https://registry.npmjs.org/@img%2fsharp-wasm32 75ms (cache miss)
885 silly packumentCache full:https://registry.npmjs.org/@img%2fsharp-wasm32 set size:undefined disposed:false
886 silly fetch manifest @img/sharp-win32-x64@0.34.5
887 silly packumentCache full:https://registry.npmjs.org/@img%2fsharp-win32-x64 cache-miss
888 http fetch GET 200 https://registry.npmjs.org/@img%2fsharp-linux-arm 71ms (cache miss)
889 silly packumentCache full:https://registry.npmjs.org/@img%2fsharp-linux-arm set size:undefined disposed:false
890 silly fetch manifest @img/sharp-darwin-x64@0.34.5
891 silly packumentCache full:https://registry.npmjs.org/@img%2fsharp-darwin-x64 cache-miss
892 http fetch GET 200 https://registry.npmjs.org/@img%2fcolour 136ms (cache miss)
893 silly packumentCache full:https://registry.npmjs.org/@img%2fcolour set size:undefined disposed:false
894 silly fetch manifest @img/sharp-win32-ia32@0.34.5
895 silly packumentCache full:https://registry.npmjs.org/@img%2fsharp-win32-ia32 cache-miss
896 http fetch GET 200 https://registry.npmjs.org/@img%2fsharp-linux-x64 102ms (cache miss)
897 silly packumentCache full:https://registry.npmjs.org/@img%2fsharp-linux-x64 set size:undefined disposed:false
898 silly fetch manifest @img/sharp-linux-arm64@0.34.5
899 silly packumentCache full:https://registry.npmjs.org/@img%2fsharp-linux-arm64 cache-miss
900 http fetch GET 200 https://registry.npmjs.org/@img%2fsharp-darwin-x64 89ms (cache miss)
901 silly packumentCache full:https://registry.npmjs.org/@img%2fsharp-darwin-x64 set size:undefined disposed:false
902 silly fetch manifest @img/sharp-linux-ppc64@0.34.5
903 silly packumentCache full:https://registry.npmjs.org/@img%2fsharp-linux-ppc64 cache-miss
904 http fetch GET 200 https://registry.npmjs.org/@img%2fsharp-win32-ia32 86ms (cache miss)
905 silly packumentCache full:https://registry.npmjs.org/@img%2fsharp-win32-ia32 set size:undefined disposed:false
906 silly fetch manifest @img/sharp-linux-s390x@0.34.5
907 silly packumentCache full:https://registry.npmjs.org/@img%2fsharp-linux-s390x cache-miss
908 http fetch GET 200 https://registry.npmjs.org/@img%2fsharp-win32-x64 96ms (cache miss)
909 silly packumentCache full:https://registry.npmjs.org/@img%2fsharp-win32-x64 set size:undefined disposed:false
910 silly fetch manifest @img/sharp-win32-arm64@0.34.5
911 silly packumentCache full:https://registry.npmjs.org/@img%2fsharp-win32-arm64 cache-miss
912 http fetch GET 200 https://registry.npmjs.org/@img%2fsharp-linux-arm64 87ms (cache miss)
913 silly packumentCache full:https://registry.npmjs.org/@img%2fsharp-linux-arm64 set size:undefined disposed:false
914 silly fetch manifest @img/sharp-darwin-arm64@0.34.5
915 silly packumentCache full:https://registry.npmjs.org/@img%2fsharp-darwin-arm64 cache-miss
916 http fetch GET 200 https://registry.npmjs.org/@img%2fsharp-linux-ppc64 88ms (cache miss)
917 silly packumentCache full:https://registry.npmjs.org/@img%2fsharp-linux-ppc64 set size:undefined disposed:false
918 silly fetch manifest @img/sharp-linux-riscv64@0.34.5
919 silly packumentCache full:https://registry.npmjs.org/@img%2fsharp-linux-riscv64 cache-miss
920 http fetch GET 200 https://registry.npmjs.org/@img%2fsharp-linux-s390x 87ms (cache miss)
921 silly packumentCache full:https://registry.npmjs.org/@img%2fsharp-linux-s390x set size:undefined disposed:false
922 silly fetch manifest @img/sharp-linuxmusl-x64@0.34.5
923 silly packumentCache full:https://registry.npmjs.org/@img%2fsharp-linuxmusl-x64 cache-miss
924 http fetch GET 200 https://registry.npmjs.org/@img%2fsharp-win32-arm64 86ms (cache miss)
925 silly packumentCache full:https://registry.npmjs.org/@img%2fsharp-win32-arm64 set size:undefined disposed:false
926 silly fetch manifest @img/sharp-linuxmusl-arm64@0.34.5
927 silly packumentCache full:https://registry.npmjs.org/@img%2fsharp-linuxmusl-arm64 cache-miss
928 http fetch GET 200 https://registry.npmjs.org/@img%2fsharp-darwin-arm64 77ms (cache miss)
929 silly packumentCache full:https://registry.npmjs.org/@img%2fsharp-darwin-arm64 set size:undefined disposed:false
930 silly fetch manifest @img/sharp-libvips-linux-arm@1.2.4
931 silly packumentCache full:https://registry.npmjs.org/@img%2fsharp-libvips-linux-arm cache-miss
932 http fetch GET 200 https://registry.npmjs.org/@img%2fsharp-linux-riscv64 77ms (cache miss)
933 silly packumentCache full:https://registry.npmjs.org/@img%2fsharp-linux-riscv64 set size:undefined disposed:false
934 silly fetch manifest @img/sharp-libvips-linux-x64@1.2.4
935 silly packumentCache full:https://registry.npmjs.org/@img%2fsharp-libvips-linux-x64 cache-miss
936 http fetch GET 200 https://registry.npmjs.org/@img%2fsharp-linuxmusl-x64 103ms (cache miss)
937 silly packumentCache full:https://registry.npmjs.org/@img%2fsharp-linuxmusl-x64 set size:undefined disposed:false
938 silly fetch manifest @img/sharp-libvips-darwin-x64@1.2.4
939 silly packumentCache full:https://registry.npmjs.org/@img%2fsharp-libvips-darwin-x64 cache-miss
940 http fetch GET 200 https://registry.npmjs.org/@img%2fsharp-libvips-linux-arm 72ms (cache miss)
941 silly packumentCache full:https://registry.npmjs.org/@img%2fsharp-libvips-linux-arm set size:undefined disposed:false
942 silly fetch manifest @img/sharp-libvips-linux-arm64@1.2.4
943 silly packumentCache full:https://registry.npmjs.org/@img%2fsharp-libvips-linux-arm64 cache-miss
944 http fetch GET 200 https://registry.npmjs.org/@img%2fsharp-libvips-linux-x64 86ms (cache miss)
945 silly packumentCache full:https://registry.npmjs.org/@img%2fsharp-libvips-linux-x64 set size:undefined disposed:false
946 silly fetch manifest @img/sharp-libvips-linux-ppc64@1.2.4
947 silly packumentCache full:https://registry.npmjs.org/@img%2fsharp-libvips-linux-ppc64 cache-miss
948 http fetch GET 200 https://registry.npmjs.org/@img%2fsharp-libvips-darwin-x64 90ms (cache miss)
949 silly packumentCache full:https://registry.npmjs.org/@img%2fsharp-libvips-darwin-x64 set size:undefined disposed:false
950 silly fetch manifest @img/sharp-libvips-linux-s390x@1.2.4
951 silly packumentCache full:https://registry.npmjs.org/@img%2fsharp-libvips-linux-s390x cache-miss
952 http fetch GET 200 https://registry.npmjs.org/@img%2fsharp-libvips-linux-arm64 113ms (cache miss)
953 silly packumentCache full:https://registry.npmjs.org/@img%2fsharp-libvips-linux-arm64 set size:undefined disposed:false
954 silly fetch manifest @img/sharp-libvips-darwin-arm64@1.2.4
955 silly packumentCache full:https://registry.npmjs.org/@img%2fsharp-libvips-darwin-arm64 cache-miss
956 http fetch GET 200 https://registry.npmjs.org/@img%2fsharp-libvips-linux-ppc64 86ms (cache miss)
957 silly packumentCache full:https://registry.npmjs.org/@img%2fsharp-libvips-linux-ppc64 set size:undefined disposed:false
958 silly fetch manifest @img/sharp-libvips-linux-riscv64@1.2.4
959 silly packumentCache full:https://registry.npmjs.org/@img%2fsharp-libvips-linux-riscv64 cache-miss
960 http fetch GET 200 https://registry.npmjs.org/@img%2fsharp-libvips-linux-s390x 95ms (cache miss)
961 silly packumentCache full:https://registry.npmjs.org/@img%2fsharp-libvips-linux-s390x set size:undefined disposed:false
962 silly fetch manifest @img/sharp-libvips-linuxmusl-x64@1.2.4
963 silly packumentCache full:https://registry.npmjs.org/@img%2fsharp-libvips-linuxmusl-x64 cache-miss
964 http fetch GET 200 https://registry.npmjs.org/@img%2fsharp-libvips-darwin-arm64 77ms (cache miss)
965 silly packumentCache full:https://registry.npmjs.org/@img%2fsharp-libvips-darwin-arm64 set size:undefined disposed:false
966 silly fetch manifest @img/sharp-libvips-linuxmusl-arm64@1.2.4
967 silly packumentCache full:https://registry.npmjs.org/@img%2fsharp-libvips-linuxmusl-arm64 cache-miss
968 http fetch GET 200 https://registry.npmjs.org/@img%2fsharp-libvips-linux-riscv64 98ms (cache miss)
969 silly packumentCache full:https://registry.npmjs.org/@img%2fsharp-libvips-linux-riscv64 set size:undefined disposed:false
970 silly fetch manifest fast-uri@^3.0.1
971 silly packumentCache full:https://registry.npmjs.org/fast-uri cache-miss
972 http fetch GET 200 https://registry.npmjs.org/@img%2fsharp-libvips-linuxmusl-x64 86ms (cache miss)
973 silly packumentCache full:https://registry.npmjs.org/@img%2fsharp-libvips-linuxmusl-x64 set size:undefined disposed:false
974 silly fetch manifest require-from-string@^2.0.2
975 silly packumentCache full:https://registry.npmjs.org/require-from-string cache-miss
976 http fetch GET 200 https://registry.npmjs.org/@img%2fsharp-libvips-linuxmusl-arm64 90ms (cache miss)
977 silly packumentCache full:https://registry.npmjs.org/@img%2fsharp-libvips-linuxmusl-arm64 set size:undefined disposed:false
978 silly fetch manifest json-schema-traverse@^1.0.0
979 silly packumentCache full:https://registry.npmjs.org/json-schema-traverse cache-miss
980 http fetch GET 200 https://registry.npmjs.org/fast-uri 76ms (cache miss)
981 silly packumentCache full:https://registry.npmjs.org/fast-uri set size:undefined disposed:false
982 silly fetch manifest bytes@^3.1.2
983 silly packumentCache full:https://registry.npmjs.org/bytes cache-miss
984 http fetch GET 200 https://registry.npmjs.org/json-schema-traverse 68ms (cache miss)
985 silly packumentCache full:https://registry.npmjs.org/json-schema-traverse set size:undefined disposed:false
986 silly fetch manifest content-type@^1.0.5
987 silly packumentCache full:https://registry.npmjs.org/content-type cache-miss
988 http fetch GET 200 https://registry.npmjs.org/require-from-string 83ms (cache miss)
989 silly packumentCache full:https://registry.npmjs.org/require-from-string set size:undefined disposed:false
990 silly fetch manifest http-errors@^2.0.0
991 silly packumentCache full:https://registry.npmjs.org/http-errors cache-miss
992 http fetch GET 200 https://registry.npmjs.org/bytes 94ms (cache miss)
993 silly packumentCache full:https://registry.npmjs.org/bytes set size:undefined disposed:false
994 silly fetch manifest iconv-lite@^0.7.0
995 silly packumentCache full:https://registry.npmjs.org/iconv-lite cache-miss
996 http fetch GET 200 https://registry.npmjs.org/http-errors 87ms (cache miss)
997 silly packumentCache full:https://registry.npmjs.org/http-errors set size:undefined disposed:false
998 silly fetch manifest on-finished@^2.4.1
999 silly packumentCache full:https://registry.npmjs.org/on-finished cache-miss
1000 http fetch GET 200 https://registry.npmjs.org/content-type 97ms (cache miss)
1001 silly packumentCache full:https://registry.npmjs.org/content-type set size:undefined disposed:false
1002 silly fetch manifest qs@^6.14.1
1003 silly packumentCache full:https://registry.npmjs.org/qs cache-miss
1004 http fetch GET 200 https://registry.npmjs.org/iconv-lite 75ms (cache miss)
1005 silly packumentCache full:https://registry.npmjs.org/iconv-lite set size:undefined disposed:false
1006 silly fetch manifest raw-body@^3.0.1
1007 silly packumentCache full:https://registry.npmjs.org/raw-body cache-miss
1008 http cache https://registry.npmjs.org/raw-body 2ms (cache hit)
1009 silly packumentCache full:https://registry.npmjs.org/raw-body set size:117767 disposed:false
1010 silly fetch manifest type-is@^2.0.1
1011 silly packumentCache full:https://registry.npmjs.org/type-is cache-miss
1012 http fetch GET 200 https://registry.npmjs.org/on-finished 61ms (cache miss)
1013 silly packumentCache full:https://registry.npmjs.org/on-finished set size:undefined disposed:false
1014 silly fetch manifest readdirp@^5.0.0
1015 silly packumentCache full:https://registry.npmjs.org/readdirp cache-miss
1016 http fetch GET 200 https://registry.npmjs.org/qs 76ms (cache miss)
1017 silly packumentCache full:https://registry.npmjs.org/qs set size:undefined disposed:false
1018 silly fetch manifest mitt@^3.0.1
1019 silly packumentCache full:https://registry.npmjs.org/mitt cache-miss
1020 http fetch GET 200 https://registry.npmjs.org/type-is 66ms (cache miss)
1021 silly packumentCache full:https://registry.npmjs.org/type-is set size:undefined disposed:false
1022 silly fetch manifest zod@^3.24.1
1023 silly packumentCache full:https://registry.npmjs.org/zod cache-miss
1024 http cache https://registry.npmjs.org/zod 6ms (cache hit)
1025 silly packumentCache full:https://registry.npmjs.org/zod set size:3489329 disposed:false
1026 silly fetch manifest chalk@^4.0.0
1027 silly packumentCache full:https://registry.npmjs.org/chalk cache-hit
1028 silly fetch manifest highlight.js@^10.7.1
1029 silly packumentCache full:https://registry.npmjs.org/highlight.js cache-miss
1030 http fetch GET 200 https://registry.npmjs.org/readdirp 79ms (cache miss)
1031 silly packumentCache full:https://registry.npmjs.org/readdirp set size:undefined disposed:false
1032 silly fetch manifest mz@^2.4.0
1033 silly packumentCache full:https://registry.npmjs.org/mz cache-miss
1034 http fetch GET 200 https://registry.npmjs.org/mitt 77ms (cache miss)
1035 silly packumentCache full:https://registry.npmjs.org/mitt set size:undefined disposed:false
1036 silly fetch manifest parse5@^5.1.1
1037 silly packumentCache full:https://registry.npmjs.org/parse5 cache-miss
1038 http fetch GET 200 https://registry.npmjs.org/mz 156ms (cache miss)
1039 silly packumentCache full:https://registry.npmjs.org/mz set size:undefined disposed:false
1040 silly fetch manifest parse5-htmlparser2-tree-adapter@^6.0.0
1041 silly packumentCache full:https://registry.npmjs.org/parse5-htmlparser2-tree-adapter cache-miss
1042 http fetch GET 200 https://registry.npmjs.org/parse5 234ms (cache miss)
1043 silly packumentCache full:https://registry.npmjs.org/parse5 set size:undefined disposed:false
1044 silly fetch manifest yargs@^16.0.0
1045 silly packumentCache full:https://registry.npmjs.org/yargs cache-miss
1046 http fetch GET 200 https://registry.npmjs.org/parse5-htmlparser2-tree-adapter 100ms (cache miss)
1047 silly packumentCache full:https://registry.npmjs.org/parse5-htmlparser2-tree-adapter set size:undefined disposed:false
1048 silly fetch manifest qs@^6.14.0
1049 silly packumentCache full:https://registry.npmjs.org/qs cache-miss
1050 http fetch GET 200 https://registry.npmjs.org/highlight.js 269ms (cache miss)
1051 silly packumentCache full:https://registry.npmjs.org/highlight.js set size:undefined disposed:false
1052 silly fetch manifest depd@^2.0.0
1053 silly packumentCache full:https://registry.npmjs.org/depd cache-miss
1054 http cache https://registry.npmjs.org/qs 9ms (cache hit)
1055 silly packumentCache full:https://registry.npmjs.org/qs set size:268000 disposed:false
1056 silly fetch manifest etag@^1.8.1
1057 silly packumentCache full:https://registry.npmjs.org/etag cache-miss
1058 http fetch GET 200 https://registry.npmjs.org/@discordjs%2fvoice 3297ms (cache miss)
1059 silly packumentCache full:https://registry.npmjs.org/@discordjs%2fvoice set size:undefined disposed:false
1060 silly fetch manifest once@^1.4.0
1061 silly packumentCache full:https://registry.npmjs.org/once cache-miss
1062 http fetch GET 200 https://registry.npmjs.org/etag 66ms (cache miss)
1063 silly packumentCache full:https://registry.npmjs.org/etag set size:undefined disposed:false
1064 silly fetch manifest send@^1.1.0
1065 silly packumentCache full:https://registry.npmjs.org/send cache-miss
1066 http fetch GET 200 https://registry.npmjs.org/depd 97ms (cache miss)
1067 silly packumentCache full:https://registry.npmjs.org/depd set size:undefined disposed:false
1068 silly fetch manifest vary@^1.1.2
1069 silly packumentCache full:https://registry.npmjs.org/vary cache-miss
1070 http fetch GET 200 https://registry.npmjs.org/yargs 113ms (cache miss)
1071 silly packumentCache full:https://registry.npmjs.org/yargs set size:undefined disposed:false
1072 silly fetch manifest debug@^4.4.0
1073 silly packumentCache full:https://registry.npmjs.org/debug cache-miss
1074 http cache https://registry.npmjs.org/debug 2ms (cache hit)
1075 silly packumentCache full:https://registry.npmjs.org/debug set size:195840 disposed:false
1076 silly fetch manifest fresh@^2.0.0
1077 silly packumentCache full:https://registry.npmjs.org/fresh cache-miss
1078 http fetch GET 200 https://registry.npmjs.org/once 71ms (cache miss)
1079 silly packumentCache full:https://registry.npmjs.org/once set size:undefined disposed:false
1080 silly fetch manifest cookie@^0.7.1
1081 silly packumentCache full:https://registry.npmjs.org/cookie cache-miss
1082 http fetch GET 200 https://registry.npmjs.org/vary 145ms (cache miss)
1083 silly packumentCache full:https://registry.npmjs.org/vary set size:undefined disposed:false
1084 silly fetch manifest router@^2.2.0
1085 silly packumentCache full:https://registry.npmjs.org/router cache-miss
1086 http fetch GET 200 https://registry.npmjs.org/send 174ms (cache miss)
1087 silly packumentCache full:https://registry.npmjs.org/send set size:undefined disposed:false
1088 silly fetch manifest accepts@^2.0.0
1089 silly packumentCache full:https://registry.npmjs.org/accepts cache-miss
1090 http fetch GET 200 https://registry.npmjs.org/fresh 137ms (cache miss)
1091 silly packumentCache full:https://registry.npmjs.org/fresh set size:undefined disposed:false
1092 silly fetch manifest parseurl@^1.3.3
1093 silly packumentCache full:https://registry.npmjs.org/parseurl cache-miss
1094 http fetch GET 200 https://registry.npmjs.org/accepts 78ms (cache miss)
1095 silly packumentCache full:https://registry.npmjs.org/accepts set size:undefined disposed:false
1096 silly fetch manifest statuses@^2.0.1
1097 silly packumentCache full:https://registry.npmjs.org/statuses cache-miss
1098 http fetch GET 200 https://registry.npmjs.org/router 85ms (cache miss)
1099 silly packumentCache full:https://registry.npmjs.org/router set size:undefined disposed:false
1100 silly fetch manifest encodeurl@^2.0.0
1101 silly packumentCache full:https://registry.npmjs.org/encodeurl cache-miss
1102 http fetch GET 200 https://registry.npmjs.org/parseurl 84ms (cache miss)
1103 silly packumentCache full:https://registry.npmjs.org/parseurl set size:undefined disposed:false
1104 silly fetch manifest mime-types@^3.0.0
1105 silly packumentCache full:https://registry.npmjs.org/mime-types cache-miss
1106 http cache https://registry.npmjs.org/mime-types 1ms (cache hit)
1107 silly packumentCache full:https://registry.npmjs.org/mime-types set size:139110 disposed:false
1108 silly fetch manifest proxy-addr@^2.0.7
1109 silly packumentCache full:https://registry.npmjs.org/proxy-addr cache-miss
1110 http fetch GET 200 https://registry.npmjs.org/encodeurl 115ms (cache miss)
1111 silly packumentCache full:https://registry.npmjs.org/encodeurl set size:undefined disposed:false
1112 silly fetch manifest escape-html@^1.0.3
1113 silly packumentCache full:https://registry.npmjs.org/escape-html cache-miss
1114 http fetch GET 200 https://registry.npmjs.org/statuses 121ms (cache miss)
1115 silly packumentCache full:https://registry.npmjs.org/statuses set size:undefined disposed:false
1116 silly fetch manifest finalhandler@^2.1.0
1117 silly packumentCache full:https://registry.npmjs.org/finalhandler cache-miss
1118 http fetch GET 200 https://registry.npmjs.org/proxy-addr 113ms (cache miss)
1119 silly packumentCache full:https://registry.npmjs.org/proxy-addr set size:undefined disposed:false
1120 silly fetch manifest range-parser@^1.2.1
1121 silly packumentCache full:https://registry.npmjs.org/range-parser cache-miss
1122 http fetch GET 200 https://registry.npmjs.org/cookie 390ms (cache miss)
1123 silly packumentCache full:https://registry.npmjs.org/cookie set size:undefined disposed:false
1124 silly fetch manifest serve-static@^2.2.0
1125 silly packumentCache full:https://registry.npmjs.org/serve-static cache-miss
1126 http fetch GET 200 https://registry.npmjs.org/finalhandler 69ms (cache miss)
1127 silly packumentCache full:https://registry.npmjs.org/finalhandler set size:undefined disposed:false
1128 silly fetch manifest cookie-signature@^1.2.1
1129 silly packumentCache full:https://registry.npmjs.org/cookie-signature cache-miss
1130 http fetch GET 200 https://registry.npmjs.org/escape-html 72ms (cache miss)
1131 silly packumentCache full:https://registry.npmjs.org/escape-html set size:undefined disposed:false
1132 silly fetch manifest merge-descriptors@^2.0.0
1133 silly packumentCache full:https://registry.npmjs.org/merge-descriptors cache-miss
1134 http fetch GET 200 https://registry.npmjs.org/merge-descriptors 99ms (cache miss)
1135 silly packumentCache full:https://registry.npmjs.org/merge-descriptors set size:undefined disposed:false
1136 silly fetch manifest content-disposition@^1.0.0
1137 silly packumentCache full:https://registry.npmjs.org/content-disposition cache-miss
1138 http fetch GET 200 https://registry.npmjs.org/cookie-signature 106ms (cache miss)
1139 silly packumentCache full:https://registry.npmjs.org/cookie-signature set size:undefined disposed:false
1140 silly fetch manifest @tokenizer/inflate@^0.4.1
1141 silly packumentCache full:https://registry.npmjs.org/@tokenizer%2finflate cache-miss
1142 http fetch GET 200 https://registry.npmjs.org/serve-static 129ms (cache miss)
1143 silly packumentCache full:https://registry.npmjs.org/serve-static set size:undefined disposed:false
1144 silly fetch manifest strtok3@^10.3.4
1145 silly packumentCache full:https://registry.npmjs.org/strtok3 cache-miss
1146 http fetch GET 200 https://registry.npmjs.org/content-disposition 79ms (cache miss)
1147 silly packumentCache full:https://registry.npmjs.org/content-disposition set size:undefined disposed:false
1148 silly fetch manifest token-types@^6.1.1
1149 silly packumentCache full:https://registry.npmjs.org/token-types cache-miss
1150 http fetch GET 200 https://registry.npmjs.org/strtok3 163ms (cache miss)
1151 silly packumentCache full:https://registry.npmjs.org/strtok3 set size:undefined disposed:false
1152 silly fetch manifest uint8array-extras@^1.4.0
1153 silly packumentCache full:https://registry.npmjs.org/uint8array-extras cache-miss
1154 http fetch GET 200 https://registry.npmjs.org/@tokenizer%2finflate 183ms (cache miss)
1155 silly packumentCache full:https://registry.npmjs.org/@tokenizer%2finflate set size:undefined disposed:false
1156 silly fetch manifest lie@~3.3.0
1157 silly packumentCache full:https://registry.npmjs.org/lie cache-miss
1158 http fetch GET 200 https://registry.npmjs.org/token-types 113ms (cache miss)
1159 silly packumentCache full:https://registry.npmjs.org/token-types set size:undefined disposed:false
1160 silly fetch manifest pako@~1.0.2
1161 silly packumentCache full:https://registry.npmjs.org/pako cache-miss
1162 http fetch GET 200 https://registry.npmjs.org/uint8array-extras 97ms (cache miss)
1163 silly packumentCache full:https://registry.npmjs.org/uint8array-extras set size:undefined disposed:false
1164 silly fetch manifest setimmediate@^1.0.5
1165 silly packumentCache full:https://registry.npmjs.org/setimmediate cache-miss
1166 http fetch GET 200 https://registry.npmjs.org/pako 89ms (cache miss)
1167 silly packumentCache full:https://registry.npmjs.org/pako set size:undefined disposed:false
1168 silly fetch manifest readable-stream@~2.3.6
1169 silly packumentCache full:https://registry.npmjs.org/readable-stream cache-miss
1170 http fetch GET 200 https://registry.npmjs.org/lie 96ms (cache miss)
1171 silly packumentCache full:https://registry.npmjs.org/lie set size:undefined disposed:false
1172 silly fetch manifest css-select@^5.1.0
1173 silly packumentCache full:https://registry.npmjs.org/css-select cache-miss
1174 http fetch GET 200 https://registry.npmjs.org/readable-stream 98ms (cache miss)
1175 silly packumentCache full:https://registry.npmjs.org/readable-stream set size:undefined disposed:false
1176 silly fetch manifest cssom@^0.5.0
1177 silly packumentCache full:https://registry.npmjs.org/cssom cache-miss
1178 http fetch GET 200 https://registry.npmjs.org/setimmediate 102ms (cache miss)
1179 silly packumentCache full:https://registry.npmjs.org/setimmediate set size:undefined disposed:false
1180 silly fetch manifest html-escaper@^3.0.3
1181 silly packumentCache full:https://registry.npmjs.org/html-escaper cache-miss
1182 http fetch GET 200 https://registry.npmjs.org/css-select 109ms (cache miss)
1183 silly packumentCache full:https://registry.npmjs.org/css-select set size:undefined disposed:false
1184 silly fetch manifest htmlparser2@^10.0.0
1185 silly packumentCache full:https://registry.npmjs.org/htmlparser2 cache-miss
1186 http fetch GET 200 https://registry.npmjs.org/cssom 66ms (cache miss)
1187 silly packumentCache full:https://registry.npmjs.org/cssom set size:undefined disposed:false
1188 silly fetch manifest uhyphen@^0.2.0
1189 silly packumentCache full:https://registry.npmjs.org/uhyphen cache-miss
1190 http fetch GET 200 https://registry.npmjs.org/html-escaper 71ms (cache miss)
1191 silly packumentCache full:https://registry.npmjs.org/html-escaper set size:undefined disposed:false
1192 silly fetch manifest argparse@^2.0.1
1193 silly packumentCache full:https://registry.npmjs.org/argparse cache-miss
1194 silly fetch manifest entities@^4.4.0
1195 silly packumentCache full:https://registry.npmjs.org/entities cache-miss
1196 http fetch GET 200 https://registry.npmjs.org/htmlparser2 106ms (cache miss)
1197 silly packumentCache full:https://registry.npmjs.org/htmlparser2 set size:undefined disposed:false
1198 silly fetch manifest linkify-it@^5.0.0
1199 silly packumentCache full:https://registry.npmjs.org/linkify-it cache-miss
1200 http fetch GET 200 https://registry.npmjs.org/uhyphen 78ms (cache miss)
1201 silly packumentCache full:https://registry.npmjs.org/uhyphen set size:undefined disposed:false
1202 silly fetch manifest mdurl@^2.0.0
1203 silly packumentCache full:https://registry.npmjs.org/mdurl cache-miss
1204 http fetch GET 200 https://registry.npmjs.org/argparse 73ms (cache miss)
1205 silly packumentCache full:https://registry.npmjs.org/argparse set size:undefined disposed:false
1206 silly fetch manifest punycode.js@^2.3.1
1207 silly packumentCache full:https://registry.npmjs.org/punycode.js cache-miss
1208 http fetch GET 200 https://registry.npmjs.org/linkify-it 76ms (cache miss)
1209 silly packumentCache full:https://registry.npmjs.org/linkify-it set size:undefined disposed:false
1210 silly fetch manifest uc.micro@^2.1.0
1211 silly packumentCache full:https://registry.npmjs.org/uc.micro cache-miss
1212 http fetch GET 200 https://registry.npmjs.org/entities 80ms (cache miss)
1213 silly packumentCache full:https://registry.npmjs.org/entities set size:undefined disposed:false
1214 silly fetch manifest https-proxy-agent@^7.0.1
1215 silly packumentCache full:https://registry.npmjs.org/https-proxy-agent cache-miss
1216 http fetch GET 200 https://registry.npmjs.org/punycode.js 78ms (cache miss)
1217 silly packumentCache full:https://registry.npmjs.org/punycode.js set size:undefined disposed:false
1218 silly fetch manifest yargs@^17.7.2
1219 silly packumentCache full:https://registry.npmjs.org/yargs cache-miss
1220 http cache https://registry.npmjs.org/yargs 2ms (cache hit)
1221 silly packumentCache full:https://registry.npmjs.org/yargs set size:743056 disposed:false
1222 silly fetch manifest ora@^8.2.0
1223 silly packumentCache full:https://registry.npmjs.org/ora cache-miss
1224 http fetch GET 200 https://registry.npmjs.org/mdurl 90ms (cache miss)
1225 silly packumentCache full:https://registry.npmjs.org/mdurl set size:undefined disposed:false
1226 silly fetch manifest ipull@^3.9.2
1227 silly packumentCache full:https://registry.npmjs.org/ipull cache-miss
1228 http fetch GET 200 https://registry.npmjs.org/uc.micro 63ms (cache miss)
1229 silly packumentCache full:https://registry.npmjs.org/uc.micro set size:undefined disposed:false
1230 silly fetch manifest which@^5.0.0
1231 silly packumentCache full:https://registry.npmjs.org/which cache-miss
1232 http fetch GET 200 https://registry.npmjs.org/https-proxy-agent 65ms (cache miss)
1233 silly packumentCache full:https://registry.npmjs.org/https-proxy-agent set size:undefined disposed:false
1234 silly fetch manifest ignore@^7.0.4
1235 silly packumentCache full:https://registry.npmjs.org/ignore cache-miss
1236 http fetch GET 200 https://registry.npmjs.org/ipull 69ms (cache miss)
1237 silly packumentCache full:https://registry.npmjs.org/ipull set size:undefined disposed:false
1238 silly fetch manifest nanoid@^5.1.5
1239 silly packumentCache full:https://registry.npmjs.org/nanoid cache-miss
1240 http fetch GET 200 https://registry.npmjs.org/ora 82ms (cache miss)
1241 silly packumentCache full:https://registry.npmjs.org/ora set size:undefined disposed:false
1242 silly fetch manifest semver@^7.7.1
1243 silly packumentCache full:https://registry.npmjs.org/semver cache-miss
1244 http cache https://registry.npmjs.org/semver 1ms (cache hit)
1245 silly packumentCache full:https://registry.npmjs.org/semver set size:226907 disposed:false
1246 silly fetch manifest chmodrp@^1.0.2
1247 silly packumentCache full:https://registry.npmjs.org/chmodrp cache-miss
1248 http fetch GET 200 https://registry.npmjs.org/ignore 85ms (cache miss)
1249 silly packumentCache full:https://registry.npmjs.org/ignore set size:undefined disposed:false
1250 silly fetch manifest env-var@^7.5.0
1251 silly packumentCache full:https://registry.npmjs.org/env-var cache-miss
1252 http fetch GET 200 https://registry.npmjs.org/@img%2fsharp-linuxmusl-arm64 2312ms (cache miss)
1253 silly packumentCache full:https://registry.npmjs.org/@img%2fsharp-linuxmusl-arm64 set size:undefined disposed:false
1254 silly fetch manifest octokit@^5.0.3
1255 silly packumentCache full:https://registry.npmjs.org/octokit cache-miss
1256 http fetch GET 200 https://registry.npmjs.org/nanoid 89ms (cache miss)
1257 silly packumentCache full:https://registry.npmjs.org/nanoid set size:undefined disposed:false
1258 silly fetch manifest cmake-js@^7.4.0
1259 silly packumentCache full:https://registry.npmjs.org/cmake-js cache-miss
1260 http fetch GET 200 https://registry.npmjs.org/chmodrp 82ms (cache miss)
1261 silly packumentCache full:https://registry.npmjs.org/chmodrp set size:undefined disposed:false
1262 silly fetch manifest fs-extra@^11.3.0
1263 silly packumentCache full:https://registry.npmjs.org/fs-extra cache-miss
1264 http fetch GET 200 https://registry.npmjs.org/which 169ms (cache miss)
1265 silly packumentCache full:https://registry.npmjs.org/which set size:undefined disposed:false
1266 silly fetch manifest pretty-ms@^9.2.0
1267 silly packumentCache full:https://registry.npmjs.org/pretty-ms cache-miss
1268 http fetch GET 200 https://registry.npmjs.org/octokit 93ms (cache miss)
1269 silly packumentCache full:https://registry.npmjs.org/octokit set size:undefined disposed:false
1270 silly fetch manifest filenamify@^6.0.0
1271 silly packumentCache full:https://registry.npmjs.org/filenamify cache-miss
1272 http fetch GET 200 https://registry.npmjs.org/env-var 99ms (cache miss)
1273 silly packumentCache full:https://registry.npmjs.org/env-var set size:undefined disposed:false
1274 silly fetch manifest simple-git@^3.27.0
1275 silly packumentCache full:https://registry.npmjs.org/simple-git cache-miss
1276 http fetch GET 200 https://registry.npmjs.org/fs-extra 84ms (cache miss)
1277 silly packumentCache full:https://registry.npmjs.org/fs-extra set size:undefined disposed:false
1278 silly fetch manifest slice-ansi@^7.1.0
1279 silly packumentCache full:https://registry.npmjs.org/slice-ansi cache-miss
1280 http fetch GET 200 https://registry.npmjs.org/cmake-js 98ms (cache miss)
1281 silly packumentCache full:https://registry.npmjs.org/cmake-js set size:undefined disposed:false
1282 silly fetch manifest strip-ansi@^7.1.0
1283 silly packumentCache full:https://registry.npmjs.org/strip-ansi cache-miss
1284 http fetch GET 200 https://registry.npmjs.org/pretty-ms 85ms (cache miss)
1285 silly packumentCache full:https://registry.npmjs.org/pretty-ms set size:undefined disposed:false
1286 silly fetch manifest async-retry@^1.3.3
1287 silly packumentCache full:https://registry.npmjs.org/async-retry cache-miss
1288 http fetch GET 200 https://registry.npmjs.org/filenamify 70ms (cache miss)
1289 silly packumentCache full:https://registry.npmjs.org/filenamify set size:undefined disposed:false
1290 silly fetch manifest cross-spawn@^7.0.6
1291 silly packumentCache full:https://registry.npmjs.org/cross-spawn cache-miss
1292 http fetch GET 200 https://registry.npmjs.org/simple-git 112ms (cache miss)
1293 silly packumentCache full:https://registry.npmjs.org/simple-git set size:undefined disposed:false
1294 silly fetch manifest log-symbols@^7.0.0
1295 silly packumentCache full:https://registry.npmjs.org/log-symbols cache-miss
1296 http fetch GET 200 https://registry.npmjs.org/slice-ansi 81ms (cache miss)
1297 silly packumentCache full:https://registry.npmjs.org/slice-ansi set size:undefined disposed:false
1298 silly fetch manifest stdout-update@^4.0.1
1299 silly packumentCache full:https://registry.npmjs.org/stdout-update cache-miss
1300 http fetch GET 200 https://registry.npmjs.org/strip-ansi 87ms (cache miss)
1301 silly packumentCache full:https://registry.npmjs.org/strip-ansi set size:undefined disposed:false
1302 silly fetch manifest node-addon-api@^8.3.1
1303 silly packumentCache full:https://registry.npmjs.org/node-addon-api cache-miss
1304 http fetch GET 200 https://registry.npmjs.org/async-retry 73ms (cache miss)
1305 silly packumentCache full:https://registry.npmjs.org/async-retry set size:undefined disposed:false
1306 silly fetch manifest lifecycle-utils@^3.0.1
1307 silly packumentCache full:https://registry.npmjs.org/lifecycle-utils cache-miss
1308 http fetch GET 200 https://registry.npmjs.org/cross-spawn 95ms (cache miss)
1309 silly packumentCache full:https://registry.npmjs.org/cross-spawn set size:undefined disposed:false
1310 silly fetch manifest @huggingface/jinja@^0.5.3
1311 silly packumentCache full:https://registry.npmjs.org/@huggingface%2fjinja cache-miss
1312 http fetch GET 200 https://registry.npmjs.org/log-symbols 83ms (cache miss)
1313 silly packumentCache full:https://registry.npmjs.org/log-symbols set size:undefined disposed:false
1314 silly fetch manifest is-unicode-supported@^2.1.0
1315 silly packumentCache full:https://registry.npmjs.org/is-unicode-supported cache-miss
1316 http fetch GET 200 https://registry.npmjs.org/lifecycle-utils 73ms (cache miss)
1317 silly packumentCache full:https://registry.npmjs.org/lifecycle-utils set size:undefined disposed:false
1318 silly fetch manifest validate-npm-package-name@^6.0.0
1319 silly packumentCache full:https://registry.npmjs.org/validate-npm-package-name cache-miss
1320 http fetch GET 200 https://registry.npmjs.org/node-addon-api 80ms (cache miss)
1321 silly packumentCache full:https://registry.npmjs.org/node-addon-api set size:undefined disposed:false
1322 silly fetch manifest @node-llama-cpp/mac-x64@3.15.0
1323 silly packumentCache full:https://registry.npmjs.org/@node-llama-cpp%2fmac-x64 cache-miss
1324 http fetch GET 200 https://registry.npmjs.org/@huggingface%2fjinja 76ms (cache miss)
1325 silly packumentCache full:https://registry.npmjs.org/@huggingface%2fjinja set size:undefined disposed:false
1326 silly fetch manifest @node-llama-cpp/win-x64@3.15.0
1327 silly packumentCache full:https://registry.npmjs.org/@node-llama-cpp%2fwin-x64 cache-miss
1328 http fetch GET 200 https://registry.npmjs.org/is-unicode-supported 73ms (cache miss)
1329 silly packumentCache full:https://registry.npmjs.org/is-unicode-supported set size:undefined disposed:false
1330 silly fetch manifest @node-llama-cpp/linux-x64@3.15.0
1331 silly packumentCache full:https://registry.npmjs.org/@node-llama-cpp%2flinux-x64 cache-miss
1332 http fetch GET 200 https://registry.npmjs.org/validate-npm-package-name 85ms (cache miss)
1333 silly packumentCache full:https://registry.npmjs.org/validate-npm-package-name set size:undefined disposed:false
1334 silly fetch manifest @node-llama-cpp/win-arm64@3.15.0
1335 silly packumentCache full:https://registry.npmjs.org/@node-llama-cpp%2fwin-arm64 cache-miss
1336 http fetch GET 200 https://registry.npmjs.org/@node-llama-cpp%2fmac-x64 83ms (cache miss)
1337 silly packumentCache full:https://registry.npmjs.org/@node-llama-cpp%2fmac-x64 set size:undefined disposed:false
1338 silly fetch manifest @node-llama-cpp/linux-arm64@3.15.0
1339 silly packumentCache full:https://registry.npmjs.org/@node-llama-cpp%2flinux-arm64 cache-miss
1340 http fetch GET 200 https://registry.npmjs.org/@node-llama-cpp%2fwin-x64 79ms (cache miss)
1341 silly packumentCache full:https://registry.npmjs.org/@node-llama-cpp%2fwin-x64 set size:undefined disposed:false
1342 silly fetch manifest @node-llama-cpp/linux-armv7l@3.15.0
1343 silly packumentCache full:https://registry.npmjs.org/@node-llama-cpp%2flinux-armv7l cache-miss
1344 http fetch GET 200 https://registry.npmjs.org/@node-llama-cpp%2flinux-x64 93ms (cache miss)
1345 silly packumentCache full:https://registry.npmjs.org/@node-llama-cpp%2flinux-x64 set size:undefined disposed:false
1346 silly fetch manifest @node-llama-cpp/win-x64-cuda@3.15.0
1347 silly packumentCache full:https://registry.npmjs.org/@node-llama-cpp%2fwin-x64-cuda cache-miss
1348 http fetch GET 200 https://registry.npmjs.org/stdout-update 277ms (cache miss)
1349 silly packumentCache full:https://registry.npmjs.org/stdout-update set size:undefined disposed:false
1350 silly fetch manifest @node-llama-cpp/linux-x64-cuda@3.15.0
1351 silly packumentCache full:https://registry.npmjs.org/@node-llama-cpp%2flinux-x64-cuda cache-miss
1352 http fetch GET 200 https://registry.npmjs.org/@node-llama-cpp%2flinux-arm64 94ms (cache miss)
1353 silly packumentCache full:https://registry.npmjs.org/@node-llama-cpp%2flinux-arm64 set size:undefined disposed:false
1354 silly fetch manifest @node-llama-cpp/win-x64-vulkan@3.15.0
1355 silly packumentCache full:https://registry.npmjs.org/@node-llama-cpp%2fwin-x64-vulkan cache-miss
1356 http fetch GET 200 https://registry.npmjs.org/@node-llama-cpp%2fwin-arm64 104ms (cache miss)
1357 silly packumentCache full:https://registry.npmjs.org/@node-llama-cpp%2fwin-arm64 set size:undefined disposed:false
1358 silly fetch manifest @node-llama-cpp/mac-arm64-metal@3.15.0
1359 silly packumentCache full:https://registry.npmjs.org/@node-llama-cpp%2fmac-arm64-metal cache-miss
1360 http fetch GET 200 https://registry.npmjs.org/@node-llama-cpp%2flinux-armv7l 84ms (cache miss)
1361 silly packumentCache full:https://registry.npmjs.org/@node-llama-cpp%2flinux-armv7l set size:undefined disposed:false
1362 silly fetch manifest @node-llama-cpp/linux-x64-vulkan@3.15.0
1363 silly packumentCache full:https://registry.npmjs.org/@node-llama-cpp%2flinux-x64-vulkan cache-miss
1364 http fetch GET 200 https://registry.npmjs.org/@node-llama-cpp%2fwin-x64-cuda 93ms (cache miss)
1365 silly packumentCache full:https://registry.npmjs.org/@node-llama-cpp%2fwin-x64-cuda set size:undefined disposed:false
1366 silly fetch manifest @node-llama-cpp/win-x64-cuda-ext@3.15.0
1367 silly packumentCache full:https://registry.npmjs.org/@node-llama-cpp%2fwin-x64-cuda-ext cache-miss
1368 http fetch GET 200 https://registry.npmjs.org/@node-llama-cpp%2flinux-x64-vulkan 81ms (cache miss)
1369 silly packumentCache full:https://registry.npmjs.org/@node-llama-cpp%2flinux-x64-vulkan set size:undefined disposed:false
1370 silly fetch manifest @node-llama-cpp/linux-x64-cuda-ext@3.15.0
1371 silly packumentCache full:https://registry.npmjs.org/@node-llama-cpp%2flinux-x64-cuda-ext cache-miss
1372 http fetch GET 200 https://registry.npmjs.org/@node-llama-cpp%2fmac-arm64-metal 85ms (cache miss)
1373 silly packumentCache full:https://registry.npmjs.org/@node-llama-cpp%2fmac-arm64-metal set size:undefined disposed:false
1374 silly fetch manifest graceful-fs@^4.2.4
1375 silly packumentCache full:https://registry.npmjs.org/graceful-fs cache-miss
1376 http fetch GET 200 https://registry.npmjs.org/@node-llama-cpp%2flinux-x64-cuda 94ms (cache miss)
1377 silly packumentCache full:https://registry.npmjs.org/@node-llama-cpp%2flinux-x64-cuda set size:undefined disposed:false
1378 silly fetch manifest retry@^0.12.0
1379 silly packumentCache full:https://registry.npmjs.org/retry cache-miss
1380 http fetch GET 200 https://registry.npmjs.org/@node-llama-cpp%2fwin-x64-vulkan 92ms (cache miss)
1381 silly packumentCache full:https://registry.npmjs.org/@node-llama-cpp%2fwin-x64-vulkan set size:undefined disposed:false
1382 silly fetch manifest signal-exit@^3.0.2
1383 silly packumentCache full:https://registry.npmjs.org/signal-exit cache-miss
1384 http cache https://registry.npmjs.org/retry 3ms (cache hit)
1385 silly packumentCache full:https://registry.npmjs.org/retry set size:31161 disposed:false
1386 silly fetch manifest sqlite-vec-darwin-x64@0.1.7-alpha.2
1387 silly packumentCache full:https://registry.npmjs.org/sqlite-vec-darwin-x64 cache-miss
1388 http fetch GET 200 https://registry.npmjs.org/@node-llama-cpp%2fwin-x64-cuda-ext 89ms (cache miss)
1389 silly packumentCache full:https://registry.npmjs.org/@node-llama-cpp%2fwin-x64-cuda-ext set size:undefined disposed:false
1390 silly fetch manifest sqlite-vec-darwin-arm64@0.1.7-alpha.2
1391 silly packumentCache full:https://registry.npmjs.org/sqlite-vec-darwin-arm64 cache-miss
1392 http fetch GET 200 https://registry.npmjs.org/graceful-fs 96ms (cache miss)
1393 silly packumentCache full:https://registry.npmjs.org/graceful-fs set size:undefined disposed:false
1394 silly fetch manifest sqlite-vec-linux-arm64@0.1.7-alpha.2
1395 silly packumentCache full:https://registry.npmjs.org/sqlite-vec-linux-arm64 cache-miss
1396 http fetch GET 200 https://registry.npmjs.org/signal-exit 94ms (cache miss)
1397 silly packumentCache full:https://registry.npmjs.org/signal-exit set size:undefined disposed:false
1398 silly fetch manifest sqlite-vec-windows-x64@0.1.7-alpha.2
1399 silly packumentCache full:https://registry.npmjs.org/sqlite-vec-windows-x64 cache-miss
1400 http fetch GET 200 https://registry.npmjs.org/@node-llama-cpp%2flinux-x64-cuda-ext 143ms (cache miss)
1401 silly packumentCache full:https://registry.npmjs.org/@node-llama-cpp%2flinux-x64-cuda-ext set size:undefined disposed:false
1402 silly fetch manifest sqlite-vec-linux-x64@0.1.7-alpha.2
1403 silly packumentCache full:https://registry.npmjs.org/sqlite-vec-linux-x64 cache-miss
1404 http fetch GET 200 https://registry.npmjs.org/sqlite-vec-darwin-arm64 84ms (cache miss)
1405 silly packumentCache full:https://registry.npmjs.org/sqlite-vec-darwin-arm64 set size:undefined disposed:false
1406 silly fetch manifest chownr@^3.0.0
1407 silly packumentCache full:https://registry.npmjs.org/chownr cache-miss
1408 http fetch GET 200 https://registry.npmjs.org/sqlite-vec-linux-arm64 61ms (cache miss)
1409 silly packumentCache full:https://registry.npmjs.org/sqlite-vec-linux-arm64 set size:undefined disposed:false
1410 silly fetch manifest yallist@^5.0.0
1411 silly packumentCache full:https://registry.npmjs.org/yallist cache-miss
1412 http fetch GET 200 https://registry.npmjs.org/sqlite-vec-windows-x64 69ms (cache miss)
1413 silly packumentCache full:https://registry.npmjs.org/sqlite-vec-windows-x64 set size:undefined disposed:false
1414 silly fetch manifest minipass@^7.1.2
1415 silly packumentCache full:https://registry.npmjs.org/minipass cache-miss
1416 http fetch GET 200 https://registry.npmjs.org/chownr 83ms (cache miss)
1417 silly packumentCache full:https://registry.npmjs.org/chownr set size:undefined disposed:false
1418 silly fetch manifest minizlib@^3.1.0
1419 silly packumentCache full:https://registry.npmjs.org/minizlib cache-miss
1420 http fetch GET 200 https://registry.npmjs.org/yallist 76ms (cache miss)
1421 silly packumentCache full:https://registry.npmjs.org/yallist set size:undefined disposed:false
1422 silly fetch manifest @isaacs/fs-minipass@^4.0.0
1423 silly packumentCache full:https://registry.npmjs.org/@isaacs%2ffs-minipass cache-miss
1424 http fetch GET 200 https://registry.npmjs.org/minipass 145ms (cache miss)
1425 silly packumentCache full:https://registry.npmjs.org/minipass set size:undefined disposed:false
1426 http fetch GET 200 https://registry.npmjs.org/minizlib 84ms (cache miss)
1427 silly packumentCache full:https://registry.npmjs.org/minizlib set size:undefined disposed:false
1428 http fetch GET 200 https://registry.npmjs.org/@isaacs%2ffs-minipass 80ms (cache miss)
1429 silly packumentCache full:https://registry.npmjs.org/@isaacs%2ffs-minipass set size:undefined disposed:false
1430 http fetch GET 200 https://registry.npmjs.org/sqlite-vec-linux-x64 173ms (cache miss)
1431 silly packumentCache full:https://registry.npmjs.org/sqlite-vec-linux-x64 set size:undefined disposed:false
1432 http fetch GET 200 https://registry.npmjs.org/range-parser 2117ms (cache miss)
1433 silly packumentCache full:https://registry.npmjs.org/range-parser set size:undefined disposed:false
1434 http fetch GET 200 https://registry.npmjs.org/@slack%2foauth 5556ms (cache miss)
1435 silly packumentCache full:https://registry.npmjs.org/@slack%2foauth set size:undefined disposed:false
1436 http fetch GET 200 https://registry.npmjs.org/sqlite-vec-darwin-x64 5441ms (cache miss)
1437 silly packumentCache full:https://registry.npmjs.org/sqlite-vec-darwin-x64 set size:102112 disposed:false
1438 silly fetch manifest aws-crt@>=1.0.0
1439 silly packumentCache full:https://registry.npmjs.org/aws-crt cache-miss
1440 http fetch GET 200 https://registry.npmjs.org/aws-crt 113ms (cache miss)
1441 silly packumentCache full:https://registry.npmjs.org/aws-crt set size:undefined disposed:false
1442 silly placeDep node_modules/clawdbot @aws-crypto/sha256-browser@5.2.0 OK for: @aws-sdk/client-bedrock@3.975.0 want: 5.2.0
1443 silly placeDep node_modules/clawdbot @aws-crypto/sha256-js@5.2.0 OK for: @aws-sdk/client-bedrock@3.975.0 want: 5.2.0
1444 silly placeDep node_modules/clawdbot @aws-sdk/core@3.973.3 OK for: @aws-sdk/client-bedrock@3.975.0 want: ^3.973.1
1445 silly placeDep node_modules/clawdbot @aws-sdk/credential-provider-node@3.972.2 OK for: @aws-sdk/client-bedrock@3.975.0 want: ^3.972.1
1446 silly placeDep node_modules/clawdbot @aws-sdk/middleware-host-header@3.972.2 OK for: @aws-sdk/client-bedrock@3.975.0 want: ^3.972.1
1447 silly placeDep node_modules/clawdbot @aws-sdk/middleware-logger@3.972.2 OK for: @aws-sdk/client-bedrock@3.975.0 want: ^3.972.1
1448 silly placeDep node_modules/clawdbot @aws-sdk/middleware-recursion-detection@3.972.2 OK for: @aws-sdk/client-bedrock@3.975.0 want: ^3.972.1
1449 silly placeDep node_modules/clawdbot @aws-sdk/middleware-user-agent@3.972.3 OK for: @aws-sdk/client-bedrock@3.975.0 want: ^3.972.2
1450 silly placeDep node_modules/clawdbot @aws-sdk/region-config-resolver@3.972.2 OK for: @aws-sdk/client-bedrock@3.975.0 want: ^3.972.1
1451 silly placeDep node_modules/clawdbot @aws-sdk/token-providers@3.975.0 OK for: @aws-sdk/client-bedrock@3.975.0 want: 3.975.0
1452 silly placeDep node_modules/clawdbot @aws-sdk/types@3.973.1 OK for: @aws-sdk/client-bedrock@3.975.0 want: ^3.973.0
1453 silly placeDep node_modules/clawdbot @aws-sdk/util-endpoints@3.972.0 OK for: @aws-sdk/client-bedrock@3.975.0 want: 3.972.0
1454 silly placeDep node_modules/clawdbot @aws-sdk/util-user-agent-browser@3.972.2 OK for: @aws-sdk/client-bedrock@3.975.0 want: ^3.972.1
1455 silly placeDep node_modules/clawdbot @aws-sdk/util-user-agent-node@3.972.2 OK for: @aws-sdk/client-bedrock@3.975.0 want: ^3.972.1
1456 silly placeDep node_modules/clawdbot @smithy/config-resolver@4.4.6 OK for: @aws-sdk/client-bedrock@3.975.0 want: ^4.4.6
1457 silly placeDep node_modules/clawdbot @smithy/core@3.22.0 OK for: @aws-sdk/client-bedrock@3.975.0 want: ^3.21.1
1458 silly placeDep node_modules/clawdbot @smithy/fetch-http-handler@5.3.9 OK for: @aws-sdk/client-bedrock@3.975.0 want: ^5.3.9
1459 silly placeDep node_modules/clawdbot @smithy/hash-node@4.2.8 OK for: @aws-sdk/client-bedrock@3.975.0 want: ^4.2.8
1460 silly placeDep node_modules/clawdbot @smithy/invalid-dependency@4.2.8 OK for: @aws-sdk/client-bedrock@3.975.0 want: ^4.2.8
1461 silly placeDep node_modules/clawdbot @smithy/middleware-content-length@4.2.8 OK for: @aws-sdk/client-bedrock@3.975.0 want: ^4.2.8
1462 silly placeDep node_modules/clawdbot @smithy/middleware-endpoint@4.4.12 OK for: @aws-sdk/client-bedrock@3.975.0 want: ^4.4.11
1463 silly placeDep node_modules/clawdbot @smithy/middleware-retry@4.4.29 OK for: @aws-sdk/client-bedrock@3.975.0 want: ^4.4.27
1464 silly placeDep node_modules/clawdbot @smithy/middleware-serde@4.2.9 OK for: @aws-sdk/client-bedrock@3.975.0 want: ^4.2.9
1465 silly placeDep node_modules/clawdbot @smithy/middleware-stack@4.2.8 OK for: @aws-sdk/client-bedrock@3.975.0 want: ^4.2.8
1466 silly placeDep node_modules/clawdbot @smithy/node-config-provider@4.3.8 OK for: @aws-sdk/client-bedrock@3.975.0 want: ^4.3.8
1467 silly placeDep node_modules/clawdbot @smithy/node-http-handler@4.4.8 OK for: @aws-sdk/client-bedrock@3.975.0 want: ^4.4.8
1468 silly placeDep node_modules/clawdbot @smithy/protocol-http@5.3.8 OK for: @aws-sdk/client-bedrock@3.975.0 want: ^5.3.8
1469 silly placeDep node_modules/clawdbot @smithy/smithy-client@4.11.1 OK for: @aws-sdk/client-bedrock@3.975.0 want: ^4.10.12
1470 silly placeDep node_modules/clawdbot @smithy/types@4.12.0 OK for: @aws-sdk/client-bedrock@3.975.0 want: ^4.12.0
1471 silly placeDep node_modules/clawdbot @smithy/url-parser@4.2.8 OK for: @aws-sdk/client-bedrock@3.975.0 want: ^4.2.8
1472 silly placeDep node_modules/clawdbot @smithy/util-base64@4.3.0 OK for: @aws-sdk/client-bedrock@3.975.0 want: ^4.3.0
1473 silly placeDep node_modules/clawdbot @smithy/util-body-length-browser@4.2.0 OK for: @aws-sdk/client-bedrock@3.975.0 want: ^4.2.0
1474 silly placeDep node_modules/clawdbot @smithy/util-body-length-node@4.2.1 OK for: @aws-sdk/client-bedrock@3.975.0 want: ^4.2.1
1475 silly placeDep node_modules/clawdbot @smithy/util-defaults-mode-browser@4.3.28 OK for: @aws-sdk/client-bedrock@3.975.0 want: ^4.3.26
1476 silly placeDep node_modules/clawdbot @smithy/util-defaults-mode-node@4.2.31 OK for: @aws-sdk/client-bedrock@3.975.0 want: ^4.2.29
1477 silly placeDep node_modules/clawdbot @smithy/util-endpoints@3.2.8 OK for: @aws-sdk/client-bedrock@3.975.0 want: ^3.2.8
1478 silly placeDep node_modules/clawdbot @smithy/util-middleware@4.2.8 OK for: @aws-sdk/client-bedrock@3.975.0 want: ^4.2.8
1479 silly placeDep node_modules/clawdbot @smithy/util-retry@4.2.8 OK for: @aws-sdk/client-bedrock@3.975.0 want: ^4.2.8
1480 silly placeDep node_modules/clawdbot @smithy/util-utf8@4.2.0 OK for: @aws-sdk/client-bedrock@3.975.0 want: ^4.2.0
1481 silly placeDep node_modules/clawdbot tslib@2.8.1 OK for: @aws-sdk/client-bedrock@3.975.0 want: ^2.6.2
1482 silly fetch manifest @aws-sdk/types@^3.222.0
1483 silly packumentCache full:https://registry.npmjs.org/@aws-sdk%2ftypes cache-miss
1484 silly fetch manifest @aws-crypto/util@^5.2.0
1485 silly packumentCache full:https://registry.npmjs.org/@aws-crypto%2futil cache-miss
1486 silly fetch manifest @smithy/util-utf8@^2.0.0
1487 silly packumentCache full:https://registry.npmjs.org/@smithy%2futil-utf8 cache-miss
1488 silly fetch manifest @aws-crypto/sha256-js@^5.2.0
1489 silly packumentCache full:https://registry.npmjs.org/@aws-crypto%2fsha256-js cache-miss
1490 silly fetch manifest @aws-sdk/util-locate-window@^3.0.0
1491 silly packumentCache full:https://registry.npmjs.org/@aws-sdk%2futil-locate-window cache-miss
1492 silly fetch manifest @aws-crypto/supports-web-crypto@^5.2.0
1493 silly packumentCache full:https://registry.npmjs.org/@aws-crypto%2fsupports-web-crypto cache-miss
1494 silly fetch manifest @aws-sdk/types@^3.222.0
1495 silly packumentCache full:https://registry.npmjs.org/@aws-sdk%2ftypes cache-miss
1496 http cache https://registry.npmjs.org/@smithy%2futil-utf8 5ms (cache hit)
1497 silly packumentCache full:https://registry.npmjs.org/@smithy%2futil-utf8 set size:44673 disposed:false
1498 silly fetch manifest @aws-crypto/util@^5.2.0
1499 silly packumentCache full:https://registry.npmjs.org/@aws-crypto%2futil cache-miss
1500 http cache https://registry.npmjs.org/@aws-crypto%2fsha256-js 6ms (cache hit)
1501 silly packumentCache full:https://registry.npmjs.org/@aws-crypto%2fsha256-js set size:54628 disposed:false
1502 silly fetch manifest @aws-sdk/types@^3.973.1
1503 silly packumentCache full:https://registry.npmjs.org/@aws-sdk%2ftypes cache-miss
1504 http cache https://registry.npmjs.org/@aws-sdk%2ftypes 7ms (cache hit)
1505 silly packumentCache full:https://registry.npmjs.org/@aws-sdk%2ftypes set size:502760 disposed:false
1506 silly fetch manifest @aws-sdk/xml-builder@^3.972.2
1507 silly packumentCache full:https://registry.npmjs.org/@aws-sdk%2fxml-builder cache-miss
1508 http cache https://registry.npmjs.org/@aws-sdk%2ftypes 10ms (cache hit)
1509 silly packumentCache full:https://registry.npmjs.org/@aws-sdk%2ftypes set size:502760 disposed:false
1510 silly packumentCache full:https://registry.npmjs.org/@aws-sdk%2ftypes dispose
1511 silly fetch manifest @smithy/property-provider@^4.2.8
1512 silly packumentCache full:https://registry.npmjs.org/@smithy%2fproperty-provider cache-miss
1513 http cache https://registry.npmjs.org/@aws-sdk%2ftypes 9ms (cache hit)
1514 silly packumentCache full:https://registry.npmjs.org/@aws-sdk%2ftypes set size:502760 disposed:true
1515 silly packumentCache full:https://registry.npmjs.org/@aws-sdk%2ftypes dispose
1516 silly fetch manifest @smithy/signature-v4@^5.3.8
1517 silly packumentCache full:https://registry.npmjs.org/@smithy%2fsignature-v4 cache-miss
1518 http fetch GET 200 https://registry.npmjs.org/@aws-crypto%2futil 104ms (cache miss)
1519 silly packumentCache full:https://registry.npmjs.org/@aws-crypto%2futil set size:undefined disposed:false
1520 silly fetch manifest @aws-sdk/credential-provider-env@^3.972.2
1521 silly packumentCache full:https://registry.npmjs.org/@aws-sdk%2fcredential-provider-env cache-miss
1522 http fetch GET 200 https://registry.npmjs.org/@aws-crypto%2fsupports-web-crypto 111ms (cache miss)
1523 silly packumentCache full:https://registry.npmjs.org/@aws-crypto%2fsupports-web-crypto set size:undefined disposed:false
1524 silly fetch manifest @aws-sdk/credential-provider-http@^3.972.3
1525 silly packumentCache full:https://registry.npmjs.org/@aws-sdk%2fcredential-provider-http cache-miss
1526 http fetch GET 200 https://registry.npmjs.org/@aws-crypto%2futil 110ms (cache miss)
1527 silly packumentCache full:https://registry.npmjs.org/@aws-crypto%2futil set size:undefined disposed:false
1528 silly fetch manifest @aws-sdk/credential-provider-ini@^3.972.2
1529 silly packumentCache full:https://registry.npmjs.org/@aws-sdk%2fcredential-provider-ini cache-miss
1530 http fetch GET 200 https://registry.npmjs.org/@aws-sdk%2futil-locate-window 116ms (cache miss)
1531 silly packumentCache full:https://registry.npmjs.org/@aws-sdk%2futil-locate-window set size:undefined disposed:false
1532 silly fetch manifest @aws-sdk/credential-provider-process@^3.972.2
1533 silly packumentCache full:https://registry.npmjs.org/@aws-sdk%2fcredential-provider-process cache-miss
1534 http fetch GET 200 https://registry.npmjs.org/@aws-sdk%2fxml-builder 114ms (cache miss)
1535 silly packumentCache full:https://registry.npmjs.org/@aws-sdk%2fxml-builder set size:undefined disposed:false
1536 silly fetch manifest @aws-sdk/credential-provider-sso@^3.972.2
1537 silly packumentCache full:https://registry.npmjs.org/@aws-sdk%2fcredential-provider-sso cache-miss
1538 http fetch GET 200 https://registry.npmjs.org/@smithy%2fsignature-v4 112ms (cache miss)
1539 silly packumentCache full:https://registry.npmjs.org/@smithy%2fsignature-v4 set size:undefined disposed:false
1540 silly fetch manifest @aws-sdk/credential-provider-web-identity@^3.972.2
1541 silly packumentCache full:https://registry.npmjs.org/@aws-sdk%2fcredential-provider-web-identity cache-miss
1542 http fetch GET 200 https://registry.npmjs.org/@smithy%2fproperty-provider 119ms (cache miss)
1543 silly packumentCache full:https://registry.npmjs.org/@smithy%2fproperty-provider set size:undefined disposed:false
1544 silly fetch manifest @smithy/credential-provider-imds@^4.2.8
1545 silly packumentCache full:https://registry.npmjs.org/@smithy%2fcredential-provider-imds cache-miss
1546 http fetch GET 200 https://registry.npmjs.org/@aws-sdk%2fcredential-provider-http 106ms (cache miss)
1547 silly packumentCache full:https://registry.npmjs.org/@aws-sdk%2fcredential-provider-http set size:undefined disposed:false
1548 silly fetch manifest @smithy/shared-ini-file-loader@^4.4.3
1549 silly packumentCache full:https://registry.npmjs.org/@smithy%2fshared-ini-file-loader cache-miss
1550 http fetch GET 200 https://registry.npmjs.org/@aws-sdk%2fcredential-provider-env 141ms (cache miss)
1551 silly packumentCache full:https://registry.npmjs.org/@aws-sdk%2fcredential-provider-env set size:undefined disposed:false
1552 silly fetch manifest @aws/lambda-invoke-store@^0.2.2
1553 silly packumentCache full:https://registry.npmjs.org/@aws%2flambda-invoke-store cache-miss
1554 http fetch GET 200 https://registry.npmjs.org/@aws-sdk%2fcredential-provider-sso 165ms (cache miss)
1555 silly packumentCache full:https://registry.npmjs.org/@aws-sdk%2fcredential-provider-sso set size:undefined disposed:false
1556 silly fetch manifest @aws-sdk/nested-clients@3.975.0
1557 silly packumentCache full:https://registry.npmjs.org/@aws-sdk%2fnested-clients cache-miss
1558 http fetch GET 200 https://registry.npmjs.org/@smithy%2fcredential-provider-imds 196ms (cache miss)
1559 silly packumentCache full:https://registry.npmjs.org/@smithy%2fcredential-provider-imds set size:undefined disposed:false
1560 silly fetch manifest @smithy/shared-ini-file-loader@^4.4.3
1561 silly packumentCache full:https://registry.npmjs.org/@smithy%2fshared-ini-file-loader cache-miss
1562 http fetch GET 200 https://registry.npmjs.org/@aws-sdk%2fcredential-provider-web-identity 202ms (cache miss)
1563 silly packumentCache full:https://registry.npmjs.org/@aws-sdk%2fcredential-provider-web-identity set size:undefined disposed:false
1564 silly fetch manifest @aws-sdk/types@3.972.0
1565 silly packumentCache full:https://registry.npmjs.org/@aws-sdk%2ftypes cache-hit
1566 silly fetch manifest bowser@^2.11.0
1567 silly packumentCache full:https://registry.npmjs.org/bowser cache-miss
1568 http fetch GET 200 https://registry.npmjs.org/@aws-sdk%2fcredential-provider-process 245ms (cache miss)
1569 silly packumentCache full:https://registry.npmjs.org/@aws-sdk%2fcredential-provider-process set size:undefined disposed:false
1570 silly fetch manifest @smithy/util-config-provider@^4.2.0
1571 silly packumentCache full:https://registry.npmjs.org/@smithy%2futil-config-provider cache-miss
1572 http fetch GET 200 https://registry.npmjs.org/@aws%2flambda-invoke-store 122ms (cache miss)
1573 silly packumentCache full:https://registry.npmjs.org/@aws%2flambda-invoke-store set size:undefined disposed:false
1574 silly fetch manifest @smithy/util-stream@^4.5.10
1575 silly packumentCache full:https://registry.npmjs.org/@smithy%2futil-stream cache-miss
1576 http fetch GET 200 https://registry.npmjs.org/@smithy%2fshared-ini-file-loader 151ms (cache miss)
1577 silly packumentCache full:https://registry.npmjs.org/@smithy%2fshared-ini-file-loader set size:undefined disposed:false
1578 silly fetch manifest @smithy/uuid@^1.1.0
1579 silly packumentCache full:https://registry.npmjs.org/@smithy%2fuuid cache-miss
1580 http fetch GET 200 https://registry.npmjs.org/@aws-sdk%2fnested-clients 90ms (cache miss)
1581 silly packumentCache full:https://registry.npmjs.org/@aws-sdk%2fnested-clients set size:undefined disposed:false
1582 silly fetch manifest @smithy/querystring-builder@^4.2.8
1583 silly packumentCache full:https://registry.npmjs.org/@smithy%2fquerystring-builder cache-miss
1584 http fetch GET 200 https://registry.npmjs.org/@aws-sdk%2fcredential-provider-ini 331ms (cache miss)
1585 silly packumentCache full:https://registry.npmjs.org/@aws-sdk%2fcredential-provider-ini set size:undefined disposed:false
1586 silly fetch manifest @smithy/util-buffer-from@^4.2.0
1587 silly packumentCache full:https://registry.npmjs.org/@smithy%2futil-buffer-from cache-miss
1588 http fetch GET 200 https://registry.npmjs.org/@smithy%2fshared-ini-file-loader 126ms (cache miss)
1589 silly packumentCache full:https://registry.npmjs.org/@smithy%2fshared-ini-file-loader set size:undefined disposed:false
1590 silly fetch manifest @smithy/service-error-classification@^4.2.8
1591 silly packumentCache full:https://registry.npmjs.org/@smithy%2fservice-error-classification cache-miss
1592 http fetch GET 200 https://registry.npmjs.org/bowser 126ms (cache miss)
1593 silly packumentCache full:https://registry.npmjs.org/bowser set size:undefined disposed:false
1594 silly fetch manifest @smithy/smithy-client@^4.11.1
1595 silly packumentCache full:https://registry.npmjs.org/@smithy%2fsmithy-client cache-miss
1596 http cache https://registry.npmjs.org/@smithy%2fsmithy-client 3ms (cache hit)
1597 silly packumentCache full:https://registry.npmjs.org/@smithy%2fsmithy-client set size:475419 disposed:false
1598 silly fetch manifest @smithy/uuid@^1.1.0
1599 silly packumentCache full:https://registry.npmjs.org/@smithy%2fuuid cache-miss
1600 http fetch GET 200 https://registry.npmjs.org/@smithy%2fuuid 117ms (cache miss)
1601 silly packumentCache full:https://registry.npmjs.org/@smithy%2fuuid set size:undefined disposed:false
1602 silly fetch manifest @smithy/abort-controller@^4.2.8
1603 silly packumentCache full:https://registry.npmjs.org/@smithy%2fabort-controller cache-miss
1604 http fetch GET 200 https://registry.npmjs.org/@smithy%2futil-stream 194ms (cache miss)
1605 silly packumentCache full:https://registry.npmjs.org/@smithy%2futil-stream set size:undefined disposed:false
1606 silly fetch manifest @smithy/querystring-builder@^4.2.8
1607 silly packumentCache full:https://registry.npmjs.org/@smithy%2fquerystring-builder cache-miss
1608 http fetch GET 200 https://registry.npmjs.org/@smithy%2futil-buffer-from 120ms (cache miss)
1609 silly packumentCache full:https://registry.npmjs.org/@smithy%2futil-buffer-from set size:undefined disposed:false
1610 silly fetch manifest @smithy/querystring-parser@^4.2.8
1611 silly packumentCache full:https://registry.npmjs.org/@smithy%2fquerystring-parser cache-miss
1612 http fetch GET 200 https://registry.npmjs.org/@smithy%2fuuid 110ms (cache miss)
1613 silly packumentCache full:https://registry.npmjs.org/@smithy%2fuuid set size:undefined disposed:false
1614 silly fetch manifest @smithy/service-error-classification@^4.2.8
1615 silly packumentCache full:https://registry.npmjs.org/@smithy%2fservice-error-classification cache-miss
1616 http fetch GET 200 https://registry.npmjs.org/@smithy%2futil-config-provider 209ms (cache miss)
1617 silly packumentCache full:https://registry.npmjs.org/@smithy%2futil-config-provider set size:undefined disposed:false
1618 http fetch GET 200 https://registry.npmjs.org/@smithy%2fquerystring-builder 189ms (cache miss)
1619 silly packumentCache full:https://registry.npmjs.org/@smithy%2fquerystring-builder set size:undefined disposed:false
1620 http fetch GET 200 https://registry.npmjs.org/@smithy%2fservice-error-classification 122ms (cache miss)
1621 silly packumentCache full:https://registry.npmjs.org/@smithy%2fservice-error-classification set size:undefined disposed:false
1622 http fetch GET 200 https://registry.npmjs.org/@smithy%2fabort-controller 89ms (cache miss)
1623 silly packumentCache full:https://registry.npmjs.org/@smithy%2fabort-controller set size:undefined disposed:false
1624 http fetch GET 200 https://registry.npmjs.org/@smithy%2fquerystring-builder 98ms (cache miss)
1625 silly packumentCache full:https://registry.npmjs.org/@smithy%2fquerystring-builder set size:undefined disposed:false
1626 http fetch GET 200 https://registry.npmjs.org/@smithy%2fquerystring-parser 109ms (cache miss)
1627 silly packumentCache full:https://registry.npmjs.org/@smithy%2fquerystring-parser set size:undefined disposed:false
1628 http fetch GET 200 https://registry.npmjs.org/@smithy%2fservice-error-classification 112ms (cache miss)
1629 silly packumentCache full:https://registry.npmjs.org/@smithy%2fservice-error-classification set size:undefined disposed:false
1630 silly placeDep node_modules/clawdbot @aws-crypto/supports-web-crypto@5.2.0 OK for: @aws-crypto/sha256-browser@5.2.0 want: ^5.2.0
1631 silly placeDep node_modules/clawdbot @aws-crypto/util@5.2.0 OK for: @aws-crypto/sha256-browser@5.2.0 want: ^5.2.0
1632 silly placeDep node_modules/clawdbot @aws-sdk/util-locate-window@3.965.4 OK for: @aws-crypto/sha256-browser@5.2.0 want: ^3.0.0
1633 silly placeDep node_modules/clawdbot/node_modules/@aws-crypto/sha256-browser @smithy/util-utf8@2.3.0 OK for: @aws-crypto/sha256-browser@5.2.0 want: ^2.0.0
1634 silly fetch manifest @smithy/util-buffer-from@^2.2.0
1635 silly packumentCache full:https://registry.npmjs.org/@smithy%2futil-buffer-from cache-miss
1636 http cache https://registry.npmjs.org/@smithy%2futil-buffer-from 5ms (cache hit)
1637 silly packumentCache full:https://registry.npmjs.org/@smithy%2futil-buffer-from set size:37874 disposed:false
1638 silly placeDep node_modules/clawdbot/node_modules/@aws-crypto/util @smithy/util-utf8@2.3.0 OK for: @aws-crypto/util@5.2.0 want: ^2.0.0
1639 silly placeDep node_modules/clawdbot @aws-sdk/xml-builder@3.972.2 OK for: @aws-sdk/core@3.973.3 want: ^3.972.2
1640 silly placeDep node_modules/clawdbot @smithy/property-provider@4.2.8 OK for: @aws-sdk/core@3.973.3 want: ^4.2.8
1641 silly placeDep node_modules/clawdbot @smithy/signature-v4@5.3.8 OK for: @aws-sdk/core@3.973.3 want: ^5.3.8
1642 silly fetch manifest fast-xml-parser@5.2.5
1643 silly packumentCache full:https://registry.npmjs.org/fast-xml-parser cache-miss
1644 silly fetch manifest @smithy/is-array-buffer@^4.2.0
1645 silly packumentCache full:https://registry.npmjs.org/@smithy%2fis-array-buffer cache-miss
1646 silly fetch manifest @smithy/util-hex-encoding@^4.2.0
1647 silly packumentCache full:https://registry.npmjs.org/@smithy%2futil-hex-encoding cache-miss
1648 silly fetch manifest @smithy/util-uri-escape@^4.2.0
1649 silly packumentCache full:https://registry.npmjs.org/@smithy%2futil-uri-escape cache-miss
1650 http fetch GET 200 https://registry.npmjs.org/@smithy%2futil-uri-escape 91ms (cache miss)
1651 silly packumentCache full:https://registry.npmjs.org/@smithy%2futil-uri-escape set size:undefined disposed:false
1652 http fetch GET 200 https://registry.npmjs.org/fast-xml-parser 96ms (cache miss)
1653 silly packumentCache full:https://registry.npmjs.org/fast-xml-parser set size:undefined disposed:false
1654 http fetch GET 200 https://registry.npmjs.org/@smithy%2fis-array-buffer 100ms (cache miss)
1655 silly packumentCache full:https://registry.npmjs.org/@smithy%2fis-array-buffer set size:undefined disposed:false
1656 http fetch GET 200 https://registry.npmjs.org/@smithy%2futil-hex-encoding 101ms (cache miss)
1657 silly packumentCache full:https://registry.npmjs.org/@smithy%2futil-hex-encoding set size:undefined disposed:false
1658 silly placeDep node_modules/clawdbot @aws-sdk/credential-provider-env@3.972.2 OK for: @aws-sdk/credential-provider-node@3.972.2 want: ^3.972.2
1659 silly placeDep node_modules/clawdbot @aws-sdk/credential-provider-http@3.972.3 OK for: @aws-sdk/credential-provider-node@3.972.2 want: ^3.972.3
1660 silly placeDep node_modules/clawdbot @aws-sdk/credential-provider-ini@3.972.2 OK for: @aws-sdk/credential-provider-node@3.972.2 want: ^3.972.2
1661 silly placeDep node_modules/clawdbot @aws-sdk/credential-provider-process@3.972.2 OK for: @aws-sdk/credential-provider-node@3.972.2 want: ^3.972.2
1662 silly placeDep node_modules/clawdbot @aws-sdk/credential-provider-sso@3.972.2 OK for: @aws-sdk/credential-provider-node@3.972.2 want: ^3.972.2
1663 silly placeDep node_modules/clawdbot @aws-sdk/credential-provider-web-identity@3.972.2 OK for: @aws-sdk/credential-provider-node@3.972.2 want: ^3.972.2
1664 silly placeDep node_modules/clawdbot @smithy/credential-provider-imds@4.2.8 OK for: @aws-sdk/credential-provider-node@3.972.2 want: ^4.2.8
1665 silly placeDep node_modules/clawdbot @smithy/shared-ini-file-loader@4.4.3 OK for: @aws-sdk/credential-provider-node@3.972.2 want: ^4.4.3
1666 silly fetch manifest @aws-sdk/credential-provider-login@^3.972.2
1667 silly packumentCache full:https://registry.npmjs.org/@aws-sdk%2fcredential-provider-login cache-miss
1668 silly fetch manifest @aws-sdk/client-sso@3.975.0
1669 silly packumentCache full:https://registry.npmjs.org/@aws-sdk%2fclient-sso cache-miss
1670 http fetch GET 200 https://registry.npmjs.org/@aws-sdk%2fcredential-provider-login 109ms (cache miss)
1671 silly packumentCache full:https://registry.npmjs.org/@aws-sdk%2fcredential-provider-login set size:undefined disposed:false
1672 http fetch GET 200 https://registry.npmjs.org/@aws-sdk%2fclient-sso 146ms (cache miss)
1673 silly packumentCache full:https://registry.npmjs.org/@aws-sdk%2fclient-sso set size:undefined disposed:false
1674 silly placeDep node_modules/clawdbot @smithy/util-stream@4.5.10 OK for: @aws-sdk/credential-provider-http@3.972.3 want: ^4.5.10
1675 silly placeDep node_modules/clawdbot @aws-sdk/credential-provider-login@3.972.2 OK for: @aws-sdk/credential-provider-ini@3.972.2 want: ^3.972.2
1676 silly placeDep node_modules/clawdbot @aws-sdk/nested-clients@3.975.0 OK for: @aws-sdk/credential-provider-ini@3.972.2 want: 3.975.0
1677 silly placeDep node_modules/clawdbot @aws-sdk/client-sso@3.975.0 OK for: @aws-sdk/credential-provider-sso@3.972.2 want: 3.975.0
1678 silly placeDep node_modules/clawdbot @aws/lambda-invoke-store@0.2.3 OK for: @aws-sdk/middleware-recursion-detection@3.972.2 want: ^0.2.2
1679 silly placeDep node_modules/clawdbot/node_modules/@aws-sdk/util-endpoints @aws-sdk/types@3.972.0 OK for: @aws-sdk/util-endpoints@3.972.0 want: 3.972.0
1680 silly placeDep node_modules/clawdbot bowser@2.13.1 OK for: @aws-sdk/util-user-agent-browser@3.972.2 want: ^2.11.0
1681 silly placeDep node_modules/clawdbot fast-xml-parser@5.2.5 OK for: @aws-sdk/xml-builder@3.972.2 want: 5.2.5
1682 silly fetch manifest strnum@^2.1.0
1683 silly packumentCache full:https://registry.npmjs.org/strnum cache-miss
1684 http fetch GET 200 https://registry.npmjs.org/strnum 80ms (cache miss)
1685 silly packumentCache full:https://registry.npmjs.org/strnum set size:undefined disposed:false
1686 silly fetch manifest hono@^4
1687 silly packumentCache full:https://registry.npmjs.org/hono cache-miss
1688 http cache https://registry.npmjs.org/hono 7ms (cache hit)
1689 silly packumentCache full:https://registry.npmjs.org/hono set size:5274860 disposed:false
1690 silly placeDep node_modules/clawdbot @cloudflare/workers-types@4.20260120.0 OK for: @buape/carbon@0.14.0 want: 4.20260120.0
1691 silly placeDep node_modules/clawdbot @discordjs/voice@0.19.0 OK for: @buape/carbon@0.14.0 want: 0.19.0
1692 silly placeDep node_modules/clawdbot @hono/node-server@1.19.9 OK for: @buape/carbon@0.14.0 want: 1.19.9
1693 silly placeDep node_modules/clawdbot @types/bun@1.3.6 OK for: @buape/carbon@0.14.0 want: 1.3.6
1694 silly placeDep node_modules/clawdbot @types/node@25.0.10 OK for: @buape/carbon@0.14.0 want: ^25.0.9
1695 silly placeDep node_modules/clawdbot @types/ws@8.18.1 OK for: @buape/carbon@0.14.0 want: 8.18.1
1696 silly fetch manifest @types/ws@^8.18.1
1697 silly packumentCache full:https://registry.npmjs.org/@types%2fws cache-miss
1698 silly fetch manifest prism-media@^1.3.5
1699 silly packumentCache full:https://registry.npmjs.org/prism-media cache-miss
1700 silly fetch manifest bun-types@1.3.6
1701 silly packumentCache full:https://registry.npmjs.org/bun-types cache-miss
1702 silly fetch manifest undici-types@~7.16.0
1703 silly packumentCache full:https://registry.npmjs.org/undici-types cache-miss
1704 http cache https://registry.npmjs.org/@types%2fws 11ms (cache hit)
1705 silly packumentCache full:https://registry.npmjs.org/@types%2fws set size:167959 disposed:false
1706 http fetch GET 200 https://registry.npmjs.org/prism-media 97ms (cache miss)
1707 silly packumentCache full:https://registry.npmjs.org/prism-media set size:undefined disposed:false
1708 http fetch GET 200 https://registry.npmjs.org/undici-types 125ms (cache miss)
1709 silly packumentCache full:https://registry.npmjs.org/undici-types set size:undefined disposed:false
1710 http fetch GET 200 https://registry.npmjs.org/bun-types 175ms (cache miss)
1711 silly packumentCache full:https://registry.npmjs.org/bun-types set size:undefined disposed:false
1712 silly placeDep node_modules/clawdbot @clack/core@0.5.0 OK for: @clack/prompts@0.11.0 want: 0.5.0
1713 silly placeDep node_modules/clawdbot picocolors@1.1.1 OK for: @clack/prompts@0.11.0 want: ^1.0.0
1714 silly placeDep node_modules/clawdbot sisteransi@1.0.5 OK for: @clack/prompts@0.11.0 want: ^1.0.5
1715 silly fetch manifest @discordjs/opus@>=0.8.0 <1.0.0
1716 silly packumentCache full:https://registry.npmjs.org/@discordjs%2fopus cache-miss
1717 http fetch GET 200 https://registry.npmjs.org/@discordjs%2fopus 1436ms (cache miss)
1718 silly packumentCache full:https://registry.npmjs.org/@discordjs%2fopus set size:undefined disposed:false
1719 silly fetch manifest ffmpeg-static@^5.0.2 || ^4.2.7 || ^3.0.0 || ^2.4.0
1720 silly packumentCache full:https://registry.npmjs.org/ffmpeg-static cache-miss
1721 http fetch GET 200 https://registry.npmjs.org/ffmpeg-static 90ms (cache miss)
1722 silly packumentCache full:https://registry.npmjs.org/ffmpeg-static set size:undefined disposed:false
1723 silly fetch manifest node-opus@^0.3.3
1724 silly packumentCache full:https://registry.npmjs.org/node-opus cache-miss
1725 http fetch GET 200 https://registry.npmjs.org/node-opus 82ms (cache miss)
1726 silly packumentCache full:https://registry.npmjs.org/node-opus set size:undefined disposed:false
1727 silly fetch manifest opusscript@^0.0.8
1728 silly packumentCache full:https://registry.npmjs.org/opusscript cache-miss
1729 http fetch GET 200 https://registry.npmjs.org/opusscript 150ms (cache miss)
1730 silly packumentCache full:https://registry.npmjs.org/opusscript set size:undefined disposed:false
1731 silly placeDep node_modules/clawdbot prism-media@1.3.5 OK for: @discordjs/voice@0.19.0 want: ^1.3.5
1732 silly placeDep node_modules/clawdbot abort-controller@3.0.0 OK for: @grammyjs/runner@2.0.3 want: ^3.0.0
1733 silly fetch manifest event-target-shim@^5.0.0
1734 silly packumentCache full:https://registry.npmjs.org/event-target-shim cache-miss
1735 http fetch GET 200 https://registry.npmjs.org/event-target-shim 71ms (cache miss)
1736 silly packumentCache full:https://registry.npmjs.org/event-target-shim set size:undefined disposed:false
1737 silly placeDep node_modules/clawdbot bottleneck@2.19.5 OK for: @grammyjs/transformer-throttler@1.2.1 want: ^2.0.0
1738 silly placeDep node_modules/clawdbot debug@4.4.3 OK for: @homebridge/ciao@1.3.4 want: ^4.4.1
1739 silly placeDep node_modules/clawdbot fast-deep-equal@3.1.3 OK for: @homebridge/ciao@1.3.4 want: ^3.1.3
1740 silly placeDep node_modules/clawdbot source-map-support@0.5.21 OK for: @homebridge/ciao@1.3.4 want: ^0.5.21
1741 silly fetch manifest ms@^2.1.3
1742 silly packumentCache full:https://registry.npmjs.org/ms cache-miss
1743 silly fetch manifest buffer-from@^1.0.0
1744 silly packumentCache full:https://registry.npmjs.org/buffer-from cache-miss
1745 silly fetch manifest source-map@^0.6.0
1746 silly packumentCache full:https://registry.npmjs.org/source-map cache-miss
1747 http fetch GET 200 https://registry.npmjs.org/buffer-from 77ms (cache miss)
1748 silly packumentCache full:https://registry.npmjs.org/buffer-from set size:undefined disposed:false
1749 http fetch GET 200 https://registry.npmjs.org/ms 79ms (cache miss)
1750 silly packumentCache full:https://registry.npmjs.org/ms set size:undefined disposed:false
1751 http fetch GET 200 https://registry.npmjs.org/source-map 80ms (cache miss)
1752 silly packumentCache full:https://registry.npmjs.org/source-map set size:undefined disposed:false
1753 silly placeDep node_modules/clawdbot/node_modules/@line/bot-sdk @types/node@24.10.9 OK for: @line/bot-sdk@10.6.0 want: ^24.0.0
1754 silly placeDep node_modules/clawdbot axios@1.13.4 OK for: @line/bot-sdk@10.6.0 want: ^1.7.4
1755 silly fetch manifest follow-redirects@^1.15.6
1756 silly packumentCache full:https://registry.npmjs.org/follow-redirects cache-miss
1757 silly fetch manifest proxy-from-env@^1.1.0
1758 silly packumentCache full:https://registry.npmjs.org/proxy-from-env cache-miss
1759 http fetch GET 200 https://registry.npmjs.org/proxy-from-env 85ms (cache miss)
1760 silly packumentCache full:https://registry.npmjs.org/proxy-from-env set size:undefined disposed:false
1761 http fetch GET 200 https://registry.npmjs.org/follow-redirects 90ms (cache miss)
1762 silly packumentCache full:https://registry.npmjs.org/follow-redirects set size:undefined disposed:false
1763 silly placeDep node_modules/clawdbot @lydell/node-pty-darwin-arm64@1.2.0-beta.3 OK for: @lydell/node-pty@1.2.0-beta.3 want: 1.2.0-beta.3
1764 silly placeDep node_modules/clawdbot @lydell/node-pty-darwin-x64@1.2.0-beta.3 OK for: @lydell/node-pty@1.2.0-beta.3 want: 1.2.0-beta.3
1765 silly placeDep node_modules/clawdbot @lydell/node-pty-linux-arm64@1.2.0-beta.3 OK for: @lydell/node-pty@1.2.0-beta.3 want: 1.2.0-beta.3
1766 silly placeDep node_modules/clawdbot @lydell/node-pty-linux-x64@1.2.0-beta.3 OK for: @lydell/node-pty@1.2.0-beta.3 want: 1.2.0-beta.3
1767 silly placeDep node_modules/clawdbot @lydell/node-pty-win32-arm64@1.2.0-beta.3 OK for: @lydell/node-pty@1.2.0-beta.3 want: 1.2.0-beta.3
1768 silly placeDep node_modules/clawdbot @lydell/node-pty-win32-x64@1.2.0-beta.3 OK for: @lydell/node-pty@1.2.0-beta.3 want: 1.2.0-beta.3
1769 silly fetch manifest ws@^8.18.0
1770 silly packumentCache full:https://registry.npmjs.org/ws cache-hit
1771 silly fetch manifest zod@^3.25 || ^4.0
1772 silly packumentCache full:https://registry.npmjs.org/zod cache-miss
1773 http cache https://registry.npmjs.org/zod 9ms (cache hit)
1774 silly packumentCache full:https://registry.npmjs.org/zod set size:3489329 disposed:false
1775 silly fetch manifest @modelcontextprotocol/sdk@^1.24.0
1776 silly packumentCache full:https://registry.npmjs.org/@modelcontextprotocol%2fsdk cache-miss
1777 http fetch GET 200 https://registry.npmjs.org/@modelcontextprotocol%2fsdk 92ms (cache miss)
1778 silly packumentCache full:https://registry.npmjs.org/@modelcontextprotocol%2fsdk set size:undefined disposed:false
1779 silly fetch manifest @cfworker/json-schema@^4.1.1
1780 silly packumentCache full:https://registry.npmjs.org/@cfworker%2fjson-schema cache-miss
1781 http fetch GET 200 https://registry.npmjs.org/@cfworker%2fjson-schema 96ms (cache miss)
1782 silly packumentCache full:https://registry.npmjs.org/@cfworker%2fjson-schema set size:undefined disposed:false
1783 silly fetch manifest zod@^3.25.0 || ^4.0.0
1784 silly packumentCache full:https://registry.npmjs.org/zod cache-miss
1785 http cache https://registry.npmjs.org/zod 9ms (cache hit)
1786 silly packumentCache full:https://registry.npmjs.org/zod set size:3489329 disposed:false
1787 silly fetch manifest zod@^3.25 || ^4
1788 silly packumentCache full:https://registry.npmjs.org/zod cache-miss
1789 http cache https://registry.npmjs.org/zod 7ms (cache hit)
1790 silly packumentCache full:https://registry.npmjs.org/zod set size:3489329 disposed:false
1791 silly placeDep node_modules/clawdbot @anthropic-ai/sdk@0.71.2 OK for: @mariozechner/pi-ai@0.49.3 want: 0.71.2
1792 silly placeDep node_modules/clawdbot @aws-sdk/client-bedrock-runtime@3.975.0 OK for: @mariozechner/pi-ai@0.49.3 want: ^3.966.0
1793 silly placeDep node_modules/clawdbot @google/genai@1.34.0 OK for: @mariozechner/pi-ai@0.49.3 want: 1.34.0
1794 silly placeDep node_modules/clawdbot @mistralai/mistralai@1.10.0 OK for: @mariozechner/pi-ai@0.49.3 want: 1.10.0
1795 silly placeDep node_modules/clawdbot ajv-formats@3.0.1 OK for: @mariozechner/pi-ai@0.49.3 want: ^3.0.1
1796 silly placeDep node_modules/clawdbot openai@6.10.0 OK for: @mariozechner/pi-ai@0.49.3 want: 6.10.0
1797 silly placeDep node_modules/clawdbot partial-json@0.1.7 OK for: @mariozechner/pi-ai@0.49.3 want: ^0.1.7
1798 silly placeDep node_modules/clawdbot zod-to-json-schema@3.25.1 OK for: @mariozechner/pi-ai@0.49.3 want: ^3.24.6
1799 silly fetch manifest json-schema-to-ts@^3.1.1
1800 silly packumentCache full:https://registry.npmjs.org/json-schema-to-ts cache-miss
1801 silly fetch manifest @aws-sdk/eventstream-handler-node@^3.972.1
1802 silly packumentCache full:https://registry.npmjs.org/@aws-sdk%2feventstream-handler-node cache-miss
1803 silly fetch manifest @aws-sdk/middleware-eventstream@^3.972.1
1804 silly packumentCache full:https://registry.npmjs.org/@aws-sdk%2fmiddleware-eventstream cache-miss
1805 silly fetch manifest @aws-sdk/middleware-websocket@^3.972.1
1806 silly packumentCache full:https://registry.npmjs.org/@aws-sdk%2fmiddleware-websocket cache-miss
1807 silly fetch manifest @smithy/eventstream-serde-browser@^4.2.8
1808 silly packumentCache full:https://registry.npmjs.org/@smithy%2feventstream-serde-browser cache-miss
1809 silly fetch manifest @smithy/eventstream-serde-config-resolver@^4.3.8
1810 silly packumentCache full:https://registry.npmjs.org/@smithy%2feventstream-serde-config-resolver cache-miss
1811 silly fetch manifest @smithy/eventstream-serde-node@^4.2.8
1812 silly packumentCache full:https://registry.npmjs.org/@smithy%2feventstream-serde-node cache-miss
1813 http fetch GET 200 https://registry.npmjs.org/json-schema-to-ts 90ms (cache miss)
1814 silly packumentCache full:https://registry.npmjs.org/json-schema-to-ts set size:undefined disposed:false
1815 silly fetch manifest google-auth-library@^10.3.0
1816 silly packumentCache full:https://registry.npmjs.org/google-auth-library cache-miss
1817 http fetch GET 200 https://registry.npmjs.org/@aws-sdk%2fmiddleware-eventstream 105ms (cache miss)
1818 silly packumentCache full:https://registry.npmjs.org/@aws-sdk%2fmiddleware-eventstream set size:undefined disposed:false
1819 silly fetch manifest zod@^3.20.0
1820 silly packumentCache full:https://registry.npmjs.org/zod cache-miss
1821 http cache https://registry.npmjs.org/zod 5ms (cache hit)
1822 silly packumentCache full:https://registry.npmjs.org/zod set size:3489329 disposed:false
1823 silly fetch manifest zod-to-json-schema@^3.24.1
1824 silly packumentCache full:https://registry.npmjs.org/zod-to-json-schema cache-miss
1825 http cache https://registry.npmjs.org/zod-to-json-schema 4ms (cache hit)
1826 silly packumentCache full:https://registry.npmjs.org/zod-to-json-schema set size:301404 disposed:false
1827 http fetch GET 200 https://registry.npmjs.org/@smithy%2feventstream-serde-browser 132ms (cache miss)
1828 silly packumentCache full:https://registry.npmjs.org/@smithy%2feventstream-serde-browser set size:undefined disposed:false
1829 http fetch GET 200 https://registry.npmjs.org/@aws-sdk%2feventstream-handler-node 134ms (cache miss)
1830 silly packumentCache full:https://registry.npmjs.org/@aws-sdk%2feventstream-handler-node set size:undefined disposed:false
1831 http fetch GET 200 https://registry.npmjs.org/google-auth-library 132ms (cache miss)
1832 silly packumentCache full:https://registry.npmjs.org/google-auth-library set size:undefined disposed:false
1833 http fetch GET 200 https://registry.npmjs.org/@smithy%2feventstream-serde-node 802ms (cache miss)
1834 silly packumentCache full:https://registry.npmjs.org/@smithy%2feventstream-serde-node set size:undefined disposed:false
1835 http fetch GET 200 https://registry.npmjs.org/@aws-sdk%2fmiddleware-websocket 804ms (cache miss)
1836 silly packumentCache full:https://registry.npmjs.org/@aws-sdk%2fmiddleware-websocket set size:undefined disposed:false
1837 http fetch GET 200 https://registry.npmjs.org/@smithy%2feventstream-serde-config-resolver 1314ms (cache miss)
1838 silly packumentCache full:https://registry.npmjs.org/@smithy%2feventstream-serde-config-resolver set size:undefined disposed:false
1839 silly placeDep node_modules/clawdbot json-schema-to-ts@3.1.1 OK for: @anthropic-ai/sdk@0.71.2 want: ^3.1.1
1840 silly fetch manifest @babel/runtime@^7.18.3
1841 silly packumentCache full:https://registry.npmjs.org/@babel%2fruntime cache-miss
1842 silly fetch manifest ts-algebra@^2.0.0
1843 silly packumentCache full:https://registry.npmjs.org/ts-algebra cache-miss
1844 http fetch GET 200 https://registry.npmjs.org/ts-algebra 98ms (cache miss)
1845 silly packumentCache full:https://registry.npmjs.org/ts-algebra set size:undefined disposed:false
1846 http fetch GET 200 https://registry.npmjs.org/@babel%2fruntime 154ms (cache miss)
1847 silly packumentCache full:https://registry.npmjs.org/@babel%2fruntime set size:undefined disposed:false
1848 silly placeDep node_modules/clawdbot @aws-sdk/eventstream-handler-node@3.972.2 OK for: @aws-sdk/client-bedrock-runtime@3.975.0 want: ^3.972.1
1849 silly placeDep node_modules/clawdbot @aws-sdk/middleware-eventstream@3.972.2 OK for: @aws-sdk/client-bedrock-runtime@3.975.0 want: ^3.972.1
1850 silly placeDep node_modules/clawdbot @aws-sdk/middleware-websocket@3.972.2 OK for: @aws-sdk/client-bedrock-runtime@3.975.0 want: ^3.972.1
1851 silly placeDep node_modules/clawdbot @smithy/eventstream-serde-browser@4.2.8 OK for: @aws-sdk/client-bedrock-runtime@3.975.0 want: ^4.2.8
1852 silly placeDep node_modules/clawdbot @smithy/eventstream-serde-config-resolver@4.3.8 OK for: @aws-sdk/client-bedrock-runtime@3.975.0 want: ^4.3.8
1853 silly placeDep node_modules/clawdbot @smithy/eventstream-serde-node@4.2.8 OK for: @aws-sdk/client-bedrock-runtime@3.975.0 want: ^4.2.8
1854 silly fetch manifest @smithy/eventstream-codec@^4.2.8
1855 silly packumentCache full:https://registry.npmjs.org/@smithy%2feventstream-codec cache-miss
1856 silly fetch manifest @aws-sdk/util-format-url@^3.972.2
1857 silly packumentCache full:https://registry.npmjs.org/@aws-sdk%2futil-format-url cache-miss
1858 silly fetch manifest @smithy/eventstream-codec@^4.2.8
1859 silly packumentCache full:https://registry.npmjs.org/@smithy%2feventstream-codec cache-miss
1860 silly fetch manifest @smithy/eventstream-serde-universal@^4.2.8
1861 silly packumentCache full:https://registry.npmjs.org/@smithy%2feventstream-serde-universal cache-miss
1862 silly fetch manifest @smithy/eventstream-serde-universal@^4.2.8
1863 silly packumentCache full:https://registry.npmjs.org/@smithy%2feventstream-serde-universal cache-miss
1864 http fetch GET 200 https://registry.npmjs.org/@smithy%2feventstream-serde-universal 100ms (cache miss)
1865 silly packumentCache full:https://registry.npmjs.org/@smithy%2feventstream-serde-universal set size:undefined disposed:false
1866 http fetch GET 200 https://registry.npmjs.org/@smithy%2feventstream-serde-universal 104ms (cache miss)
1867 silly packumentCache full:https://registry.npmjs.org/@smithy%2feventstream-serde-universal set size:undefined disposed:false
1868 http fetch GET 200 https://registry.npmjs.org/@smithy%2feventstream-codec 110ms (cache miss)
1869 silly packumentCache full:https://registry.npmjs.org/@smithy%2feventstream-codec set size:undefined disposed:false
1870 http fetch GET 200 https://registry.npmjs.org/@smithy%2feventstream-codec 112ms (cache miss)
1871 silly packumentCache full:https://registry.npmjs.org/@smithy%2feventstream-codec set size:undefined disposed:false
1872 http fetch GET 200 https://registry.npmjs.org/@aws-sdk%2futil-format-url 2461ms (cache miss)
1873 silly packumentCache full:https://registry.npmjs.org/@aws-sdk%2futil-format-url set size:undefined disposed:false
1874 silly placeDep node_modules/clawdbot @smithy/eventstream-codec@4.2.8 OK for: @aws-sdk/eventstream-handler-node@3.972.2 want: ^4.2.8
1875 silly fetch manifest @aws-crypto/crc32@5.2.0
1876 silly packumentCache full:https://registry.npmjs.org/@aws-crypto%2fcrc32 cache-miss
1877 http fetch GET 200 https://registry.npmjs.org/@aws-crypto%2fcrc32 96ms (cache miss)
1878 silly packumentCache full:https://registry.npmjs.org/@aws-crypto%2fcrc32 set size:undefined disposed:false
1879 silly placeDep node_modules/clawdbot @aws-sdk/util-format-url@3.972.2 OK for: @aws-sdk/middleware-websocket@3.972.2 want: ^3.972.2
1880 silly placeDep node_modules/clawdbot @smithy/util-hex-encoding@4.2.0 OK for: @aws-sdk/middleware-websocket@3.972.2 want: ^4.2.0
1881 silly placeDep node_modules/clawdbot @smithy/querystring-builder@4.2.8 OK for: @aws-sdk/util-format-url@3.972.2 want: ^4.2.8
1882 silly placeDep node_modules/clawdbot google-auth-library@10.5.0 OK for: @google/genai@1.34.0 want: ^10.3.0
1883 silly fetch manifest base64-js@^1.3.0
1884 silly packumentCache full:https://registry.npmjs.org/base64-js cache-miss
1885 silly fetch manifest ecdsa-sig-formatter@^1.0.11
1886 silly packumentCache full:https://registry.npmjs.org/ecdsa-sig-formatter cache-miss
1887 silly fetch manifest gaxios@^7.0.0
1888 silly packumentCache full:https://registry.npmjs.org/gaxios cache-miss
1889 silly fetch manifest gcp-metadata@^8.0.0
1890 silly packumentCache full:https://registry.npmjs.org/gcp-metadata cache-miss
1891 silly fetch manifest google-logging-utils@^1.0.0
1892 silly packumentCache full:https://registry.npmjs.org/google-logging-utils cache-miss
1893 silly fetch manifest gtoken@^8.0.0
1894 silly packumentCache full:https://registry.npmjs.org/gtoken cache-miss
1895 silly fetch manifest jws@^4.0.0
1896 silly packumentCache full:https://registry.npmjs.org/jws cache-miss
1897 http fetch GET 200 https://registry.npmjs.org/ecdsa-sig-formatter 73ms (cache miss)
1898 silly packumentCache full:https://registry.npmjs.org/ecdsa-sig-formatter set size:undefined disposed:false
1899 http fetch GET 200 https://registry.npmjs.org/base64-js 77ms (cache miss)
1900 silly packumentCache full:https://registry.npmjs.org/base64-js set size:undefined disposed:false
1901 http fetch GET 200 https://registry.npmjs.org/gaxios 103ms (cache miss)
1902 silly packumentCache full:https://registry.npmjs.org/gaxios set size:undefined disposed:false
1903 http fetch GET 200 https://registry.npmjs.org/jws 108ms (cache miss)
1904 silly packumentCache full:https://registry.npmjs.org/jws set size:undefined disposed:false
1905 http fetch GET 200 https://registry.npmjs.org/google-logging-utils 109ms (cache miss)
1906 silly packumentCache full:https://registry.npmjs.org/google-logging-utils set size:undefined disposed:false
1907 http fetch GET 200 https://registry.npmjs.org/gcp-metadata 110ms (cache miss)
1908 silly packumentCache full:https://registry.npmjs.org/gcp-metadata set size:undefined disposed:false
1909 http fetch GET 200 https://registry.npmjs.org/gtoken 187ms (cache miss)
1910 silly packumentCache full:https://registry.npmjs.org/gtoken set size:undefined disposed:false
1911 silly placeDep node_modules/clawdbot @mariozechner/clipboard@0.3.0 OK for: @mariozechner/pi-coding-agent@0.49.3 want: ^0.3.0
1912 silly placeDep node_modules/clawdbot @mariozechner/jiti@2.6.5 OK for: @mariozechner/pi-coding-agent@0.49.3 want: ^2.6.2
1913 silly placeDep node_modules/clawdbot @silvia-odwyer/photon-node@0.3.4 OK for: @mariozechner/pi-coding-agent@0.49.3 want: ^0.3.4
1914 silly placeDep node_modules/clawdbot diff@8.0.3 OK for: @mariozechner/pi-coding-agent@0.49.3 want: ^8.0.2
1915 silly placeDep node_modules/clawdbot glob@11.1.0 OK for: @mariozechner/pi-coding-agent@0.49.3 want: ^11.0.3
1916 silly placeDep node_modules/clawdbot marked@15.0.12 OK for: @mariozechner/pi-coding-agent@0.49.3 want: ^15.0.12
1917 silly placeDep node_modules/clawdbot minimatch@10.1.1 OK for: @mariozechner/pi-coding-agent@0.49.3 want: ^10.1.1
1918 silly fetch manifest @mariozechner/clipboard-win32-x64-msvc@0.3.0
1919 silly packumentCache full:https://registry.npmjs.org/@mariozechner%2fclipboard-win32-x64-msvc cache-miss
1920 silly fetch manifest @mariozechner/clipboard-darwin-x64@0.3.0
1921 silly packumentCache full:https://registry.npmjs.org/@mariozechner%2fclipboard-darwin-x64 cache-miss
1922 silly fetch manifest @mariozechner/clipboard-linux-x64-gnu@0.3.0
1923 silly packumentCache full:https://registry.npmjs.org/@mariozechner%2fclipboard-linux-x64-gnu cache-miss
1924 silly fetch manifest @mariozechner/clipboard-darwin-arm64@0.3.0
1925 silly packumentCache full:https://registry.npmjs.org/@mariozechner%2fclipboard-darwin-arm64 cache-miss
1926 silly fetch manifest @mariozechner/clipboard-linux-arm64-gnu@0.3.0
1927 silly packumentCache full:https://registry.npmjs.org/@mariozechner%2fclipboard-linux-arm64-gnu cache-miss
1928 silly fetch manifest @mariozechner/clipboard-win32-arm64-msvc@0.3.0
1929 silly packumentCache full:https://registry.npmjs.org/@mariozechner%2fclipboard-win32-arm64-msvc cache-miss
1930 silly fetch manifest @mariozechner/clipboard-darwin-universal@0.3.0
1931 silly packumentCache full:https://registry.npmjs.org/@mariozechner%2fclipboard-darwin-universal cache-miss
1932 http fetch GET 200 https://registry.npmjs.org/@mariozechner%2fclipboard-win32-x64-msvc 84ms (cache miss)
1933 silly packumentCache full:https://registry.npmjs.org/@mariozechner%2fclipboard-win32-x64-msvc set size:undefined disposed:false
1934 silly fetch manifest @mariozechner/clipboard-linux-riscv64-gnu@0.3.0
1935 silly packumentCache full:https://registry.npmjs.org/@mariozechner%2fclipboard-linux-riscv64-gnu cache-miss
1936 http fetch GET 200 https://registry.npmjs.org/@mariozechner%2fclipboard-darwin-universal 84ms (cache miss)
1937 silly packumentCache full:https://registry.npmjs.org/@mariozechner%2fclipboard-darwin-universal set size:undefined disposed:false
1938 silly fetch manifest @mariozechner/clipboard-linux-x64-musl@0.3.0
1939 silly packumentCache full:https://registry.npmjs.org/@mariozechner%2fclipboard-linux-x64-musl cache-miss
1940 http fetch GET 200 https://registry.npmjs.org/@mariozechner%2fclipboard-win32-arm64-msvc 85ms (cache miss)
1941 silly packumentCache full:https://registry.npmjs.org/@mariozechner%2fclipboard-win32-arm64-msvc set size:undefined disposed:false
1942 silly fetch manifest std-env@^3.10.0
1943 silly packumentCache full:https://registry.npmjs.org/std-env cache-miss
1944 http fetch GET 200 https://registry.npmjs.org/@mariozechner%2fclipboard-linux-arm64-gnu 86ms (cache miss)
1945 silly packumentCache full:https://registry.npmjs.org/@mariozechner%2fclipboard-linux-arm64-gnu set size:undefined disposed:false
1946 silly fetch manifest yoctocolors@^2.1.2
1947 silly packumentCache full:https://registry.npmjs.org/yoctocolors cache-miss
1948 http fetch GET 200 https://registry.npmjs.org/@mariozechner%2fclipboard-linux-x64-gnu 88ms (cache miss)
1949 silly packumentCache full:https://registry.npmjs.org/@mariozechner%2fclipboard-linux-x64-gnu set size:undefined disposed:false
1950 silly fetch manifest jackspeak@^4.1.1
1951 silly packumentCache full:https://registry.npmjs.org/jackspeak cache-miss
1952 http fetch GET 200 https://registry.npmjs.org/@mariozechner%2fclipboard-linux-x64-musl 80ms (cache miss)
1953 silly packumentCache full:https://registry.npmjs.org/@mariozechner%2fclipboard-linux-x64-musl set size:undefined disposed:false
1954 silly fetch manifest path-scurry@^2.0.0
1955 silly packumentCache full:https://registry.npmjs.org/path-scurry cache-miss
1956 http fetch GET 200 https://registry.npmjs.org/std-env 83ms (cache miss)
1957 silly packumentCache full:https://registry.npmjs.org/std-env set size:undefined disposed:false
1958 silly fetch manifest foreground-child@^3.3.1
1959 silly packumentCache full:https://registry.npmjs.org/foreground-child cache-miss
1960 http fetch GET 200 https://registry.npmjs.org/jackspeak 83ms (cache miss)
1961 silly packumentCache full:https://registry.npmjs.org/jackspeak set size:undefined disposed:false
1962 silly fetch manifest package-json-from-dist@^1.0.0
1963 silly packumentCache full:https://registry.npmjs.org/package-json-from-dist cache-miss
1964 http fetch GET 200 https://registry.npmjs.org/yoctocolors 88ms (cache miss)
1965 silly packumentCache full:https://registry.npmjs.org/yoctocolors set size:undefined disposed:false
1966 silly fetch manifest @isaacs/brace-expansion@^5.0.0
1967 silly packumentCache full:https://registry.npmjs.org/@isaacs%2fbrace-expansion cache-miss
1968 http fetch GET 200 https://registry.npmjs.org/foreground-child 71ms (cache miss)
1969 silly packumentCache full:https://registry.npmjs.org/foreground-child set size:undefined disposed:false
1970 http fetch GET 200 https://registry.npmjs.org/path-scurry 79ms (cache miss)
1971 silly packumentCache full:https://registry.npmjs.org/path-scurry set size:undefined disposed:false
1972 http fetch GET 200 https://registry.npmjs.org/package-json-from-dist 75ms (cache miss)
1973 silly packumentCache full:https://registry.npmjs.org/package-json-from-dist set size:undefined disposed:false
1974 http fetch GET 200 https://registry.npmjs.org/@isaacs%2fbrace-expansion 88ms (cache miss)
1975 silly packumentCache full:https://registry.npmjs.org/@isaacs%2fbrace-expansion set size:undefined disposed:false
1976 http fetch GET 200 https://registry.npmjs.org/@mariozechner%2fclipboard-darwin-x64 893ms (cache miss)
1977 silly packumentCache full:https://registry.npmjs.org/@mariozechner%2fclipboard-darwin-x64 set size:undefined disposed:false
1978 http fetch GET 200 https://registry.npmjs.org/@mariozechner%2fclipboard-darwin-arm64 1611ms (cache miss)
1979 silly packumentCache full:https://registry.npmjs.org/@mariozechner%2fclipboard-darwin-arm64 set size:undefined disposed:false
1980 http fetch GET 200 https://registry.npmjs.org/@mariozechner%2fclipboard-linux-riscv64-gnu 1837ms (cache miss)
1981 silly packumentCache full:https://registry.npmjs.org/@mariozechner%2fclipboard-linux-riscv64-gnu set size:undefined disposed:false
1982 silly placeDep node_modules/clawdbot @mariozechner/clipboard-darwin-arm64@0.3.0 OK for: @mariozechner/clipboard@0.3.0 want: 0.3.0
1983 silly placeDep node_modules/clawdbot @mariozechner/clipboard-darwin-universal@0.3.0 OK for: @mariozechner/clipboard@0.3.0 want: 0.3.0
1984 silly placeDep node_modules/clawdbot @mariozechner/clipboard-darwin-x64@0.3.0 OK for: @mariozechner/clipboard@0.3.0 want: 0.3.0
1985 silly placeDep node_modules/clawdbot @mariozechner/clipboard-linux-arm64-gnu@0.3.0 OK for: @mariozechner/clipboard@0.3.0 want: 0.3.0
1986 silly placeDep node_modules/clawdbot @mariozechner/clipboard-linux-riscv64-gnu@0.3.0 OK for: @mariozechner/clipboard@0.3.0 want: 0.3.0
1987 silly placeDep node_modules/clawdbot @mariozechner/clipboard-linux-x64-gnu@0.3.0 OK for: @mariozechner/clipboard@0.3.0 want: 0.3.0
1988 silly placeDep node_modules/clawdbot @mariozechner/clipboard-linux-x64-musl@0.3.0 OK for: @mariozechner/clipboard@0.3.0 want: 0.3.0
1989 silly placeDep node_modules/clawdbot @mariozechner/clipboard-win32-arm64-msvc@0.3.0 OK for: @mariozechner/clipboard@0.3.0 want: 0.3.0
1990 silly placeDep node_modules/clawdbot @mariozechner/clipboard-win32-x64-msvc@0.3.0 OK for: @mariozechner/clipboard@0.3.0 want: 0.3.0
1991 silly placeDep node_modules/clawdbot std-env@3.10.0 OK for: @mariozechner/jiti@2.6.5 want: ^3.10.0
1992 silly placeDep node_modules/clawdbot yoctocolors@2.1.2 OK for: @mariozechner/jiti@2.6.5 want: ^2.1.2
1993 silly placeDep node_modules/clawdbot @types/mime-types@2.1.4 OK for: @mariozechner/pi-tui@0.49.3 want: ^2.1.4
1994 silly placeDep node_modules/clawdbot get-east-asian-width@1.4.0 OK for: @mariozechner/pi-tui@0.49.3 want: ^1.3.0
1995 silly placeDep node_modules/clawdbot mime-types@3.0.2 OK for: @mariozechner/pi-tui@0.49.3 want: ^3.0.1
1996 silly fetch manifest mime-db@^1.54.0
1997 silly packumentCache full:https://registry.npmjs.org/mime-db cache-miss
1998 http fetch GET 200 https://registry.npmjs.org/mime-db 77ms (cache miss)
1999 silly packumentCache full:https://registry.npmjs.org/mime-db set size:undefined disposed:false
2000 silly placeDep node_modules/clawdbot/node_modules/@mistralai/mistralai zod@3.25.76 OK for: @mistralai/mistralai@1.10.0 want: ^3.20.0
2001 silly placeDep node_modules/clawdbot @napi-rs/canvas-android-arm64@0.1.89 OK for: @napi-rs/canvas@0.1.89 want: 0.1.89
2002 silly placeDep node_modules/clawdbot @napi-rs/canvas-darwin-arm64@0.1.89 OK for: @napi-rs/canvas@0.1.89 want: 0.1.89
2003 silly placeDep node_modules/clawdbot @napi-rs/canvas-darwin-x64@0.1.89 OK for: @napi-rs/canvas@0.1.89 want: 0.1.89
2004 silly placeDep node_modules/clawdbot @napi-rs/canvas-linux-arm-gnueabihf@0.1.89 OK for: @napi-rs/canvas@0.1.89 want: 0.1.89
2005 silly placeDep node_modules/clawdbot @napi-rs/canvas-linux-arm64-gnu@0.1.89 OK for: @napi-rs/canvas@0.1.89 want: 0.1.89
2006 silly placeDep node_modules/clawdbot @napi-rs/canvas-linux-arm64-musl@0.1.89 OK for: @napi-rs/canvas@0.1.89 want: 0.1.89
2007 silly placeDep node_modules/clawdbot @napi-rs/canvas-linux-riscv64-gnu@0.1.89 OK for: @napi-rs/canvas@0.1.89 want: 0.1.89
2008 silly placeDep node_modules/clawdbot @napi-rs/canvas-linux-x64-gnu@0.1.89 OK for: @napi-rs/canvas@0.1.89 want: 0.1.89
2009 silly placeDep node_modules/clawdbot @napi-rs/canvas-linux-x64-musl@0.1.89 OK for: @napi-rs/canvas@0.1.89 want: 0.1.89
2010 silly placeDep node_modules/clawdbot @napi-rs/canvas-win32-arm64-msvc@0.1.89 OK for: @napi-rs/canvas@0.1.89 want: 0.1.89
2011 silly placeDep node_modules/clawdbot @napi-rs/canvas-win32-x64-msvc@0.1.89 OK for: @napi-rs/canvas@0.1.89 want: 0.1.89
2012 silly placeDep node_modules/clawdbot @slack/logger@4.0.0 OK for: @slack/bolt@4.6.0 want: ^4.0.0
2013 silly placeDep node_modules/clawdbot @slack/oauth@3.0.4 OK for: @slack/bolt@4.6.0 want: ^3.0.4
2014 silly placeDep node_modules/clawdbot @slack/socket-mode@2.0.5 OK for: @slack/bolt@4.6.0 want: ^2.0.5
2015 silly placeDep node_modules/clawdbot @slack/types@2.19.0 OK for: @slack/bolt@4.6.0 want: ^2.18.0
2016 silly placeDep node_modules/clawdbot path-to-regexp@8.3.0 OK for: @slack/bolt@4.6.0 want: ^8.1.0
2017 silly placeDep node_modules/clawdbot raw-body@3.0.2 OK for: @slack/bolt@4.6.0 want: ^3
2018 silly placeDep node_modules/clawdbot tsscmp@1.0.6 OK for: @slack/bolt@4.6.0 want: ^1.0.6
2019 silly fetch manifest @types/jsonwebtoken@^9
2020 silly packumentCache full:https://registry.npmjs.org/@types%2fjsonwebtoken cache-miss
2021 silly fetch manifest jsonwebtoken@^9
2022 silly packumentCache full:https://registry.npmjs.org/jsonwebtoken cache-miss
2023 silly fetch manifest eventemitter3@^5
2024 silly packumentCache full:https://registry.npmjs.org/eventemitter3 cache-miss
2025 silly fetch manifest bytes@~3.1.2
2026 silly packumentCache full:https://registry.npmjs.org/bytes cache-miss
2027 silly fetch manifest unpipe@~1.0.0
2028 silly packumentCache full:https://registry.npmjs.org/unpipe cache-miss
2029 silly fetch manifest iconv-lite@~0.7.0
2030 silly packumentCache full:https://registry.npmjs.org/iconv-lite cache-miss
2031 silly fetch manifest http-errors@~2.0.1
2032 silly packumentCache full:https://registry.npmjs.org/http-errors cache-miss
2033 http cache https://registry.npmjs.org/bytes 8ms (cache hit)
2034 silly packumentCache full:https://registry.npmjs.org/bytes set size:37018 disposed:false
2035 http cache https://registry.npmjs.org/iconv-lite 8ms (cache hit)
2036 silly packumentCache full:https://registry.npmjs.org/iconv-lite set size:120557 disposed:false
2037 http cache https://registry.npmjs.org/eventemitter3 10ms (cache hit)
2038 silly packumentCache full:https://registry.npmjs.org/eventemitter3 set size:92292 disposed:false
2039 http cache https://registry.npmjs.org/http-errors 9ms (cache hit)
2040 silly packumentCache full:https://registry.npmjs.org/http-errors set size:71987 disposed:false
2041 http fetch GET 200 https://registry.npmjs.org/jsonwebtoken 87ms (cache miss)
2042 silly packumentCache full:https://registry.npmjs.org/jsonwebtoken set size:undefined disposed:false
2043 http fetch GET 200 https://registry.npmjs.org/@types%2fjsonwebtoken 94ms (cache miss)
2044 silly packumentCache full:https://registry.npmjs.org/@types%2fjsonwebtoken set size:undefined disposed:false
2045 http fetch GET 200 https://registry.npmjs.org/unpipe 96ms (cache miss)
2046 silly packumentCache full:https://registry.npmjs.org/unpipe set size:undefined disposed:false
2047 silly placeDep node_modules/clawdbot @types/jsonwebtoken@9.0.10 OK for: @slack/oauth@3.0.4 want: ^9
2048 silly placeDep node_modules/clawdbot jsonwebtoken@9.0.3 OK for: @slack/oauth@3.0.4 want: ^9
2049 silly fetch manifest @types/ms@*
2050 silly packumentCache full:https://registry.npmjs.org/@types%2fms cache-miss
2051 silly fetch manifest ms@^2.1.1
2052 silly packumentCache full:https://registry.npmjs.org/ms cache-miss
2053 silly fetch manifest jws@^4.0.1
2054 silly packumentCache full:https://registry.npmjs.org/jws cache-miss
2055 silly fetch manifest semver@^7.5.4
2056 silly packumentCache full:https://registry.npmjs.org/semver cache-hit
2057 silly fetch manifest lodash.once@^4.0.0
2058 silly packumentCache full:https://registry.npmjs.org/lodash.once cache-miss
2059 silly fetch manifest lodash.includes@^4.3.0
2060 silly packumentCache full:https://registry.npmjs.org/lodash.includes cache-miss
2061 silly fetch manifest lodash.isnumber@^3.0.3
2062 silly packumentCache full:https://registry.npmjs.org/lodash.isnumber cache-miss
2063 silly fetch manifest lodash.isstring@^4.0.1
2064 silly packumentCache full:https://registry.npmjs.org/lodash.isstring cache-miss
2065 http cache https://registry.npmjs.org/jws 8ms (cache hit)
2066 silly packumentCache full:https://registry.npmjs.org/jws set size:48919 disposed:false
2067 silly fetch manifest lodash.isboolean@^3.0.3
2068 silly packumentCache full:https://registry.npmjs.org/lodash.isboolean cache-miss
2069 http cache https://registry.npmjs.org/ms 10ms (cache hit)
2070 silly packumentCache full:https://registry.npmjs.org/ms set size:92208 disposed:false
2071 silly fetch manifest lodash.isinteger@^4.0.4
2072 silly packumentCache full:https://registry.npmjs.org/lodash.isinteger cache-miss
2073 http fetch GET 200 https://registry.npmjs.org/lodash.isnumber 79ms (cache miss)
2074 silly packumentCache full:https://registry.npmjs.org/lodash.isnumber set size:undefined disposed:false
2075 silly fetch manifest lodash.isplainobject@^4.0.6
2076 silly packumentCache full:https://registry.npmjs.org/lodash.isplainobject cache-miss
2077 http fetch GET 200 https://registry.npmjs.org/lodash.includes 83ms (cache miss)
2078 silly packumentCache full:https://registry.npmjs.org/lodash.includes set size:undefined disposed:false
2079 http fetch GET 200 https://registry.npmjs.org/lodash.isstring 85ms (cache miss)
2080 silly packumentCache full:https://registry.npmjs.org/lodash.isstring set size:undefined disposed:false
2081 http fetch GET 200 https://registry.npmjs.org/lodash.isinteger 77ms (cache miss)
2082 silly packumentCache full:https://registry.npmjs.org/lodash.isinteger set size:undefined disposed:false
2083 http fetch GET 200 https://registry.npmjs.org/lodash.isboolean 80ms (cache miss)
2084 silly packumentCache full:https://registry.npmjs.org/lodash.isboolean set size:undefined disposed:false
2085 http fetch GET 200 https://registry.npmjs.org/lodash.once 89ms (cache miss)
2086 silly packumentCache full:https://registry.npmjs.org/lodash.once set size:undefined disposed:false
2087 http fetch GET 200 https://registry.npmjs.org/lodash.isplainobject 77ms (cache miss)
2088 silly packumentCache full:https://registry.npmjs.org/lodash.isplainobject set size:undefined disposed:false
2089 http fetch GET 200 https://registry.npmjs.org/@types%2fms 1259ms (cache miss)
2090 silly packumentCache full:https://registry.npmjs.org/@types%2fms set size:undefined disposed:false
2091 silly placeDep node_modules/clawdbot eventemitter3@5.0.4 OK for: @slack/socket-mode@2.0.5 want: ^5
2092 silly placeDep node_modules/clawdbot @types/retry@0.12.0 OK for: @slack/web-api@7.13.0 want: 0.12.0
2093 silly placeDep node_modules/clawdbot form-data@4.0.5 OK for: @slack/web-api@7.13.0 want: ^4.0.4
2094 silly placeDep node_modules/clawdbot is-electron@2.2.2 OK for: @slack/web-api@7.13.0 want: 2.2.2
2095 silly placeDep node_modules/clawdbot is-stream@2.0.1 OK for: @slack/web-api@7.13.0 want: ^2
2096 silly placeDep node_modules/clawdbot p-queue@6.6.2 OK for: @slack/web-api@7.13.0 want: ^6
2097 silly placeDep node_modules/clawdbot p-retry@4.6.2 OK for: @slack/web-api@7.13.0 want: ^4
2098 silly placeDep node_modules/clawdbot retry@0.13.1 OK for: @slack/web-api@7.13.0 want: ^0.13.1
2099 silly fetch manifest asynckit@^0.4.0
2100 silly packumentCache full:https://registry.npmjs.org/asynckit cache-miss
2101 silly fetch manifest combined-stream@^1.0.8
2102 silly packumentCache full:https://registry.npmjs.org/combined-stream cache-miss
2103 silly fetch manifest es-set-tostringtag@^2.1.0
2104 silly packumentCache full:https://registry.npmjs.org/es-set-tostringtag cache-miss
2105 silly fetch manifest hasown@^2.0.2
2106 silly packumentCache full:https://registry.npmjs.org/hasown cache-miss
2107 silly fetch manifest mime-types@^2.1.12
2108 silly packumentCache full:https://registry.npmjs.org/mime-types cache-hit
2109 silly fetch manifest p-timeout@^3.2.0
2110 silly packumentCache full:https://registry.npmjs.org/p-timeout cache-miss
2111 silly fetch manifest eventemitter3@^4.0.4
2112 silly packumentCache full:https://registry.npmjs.org/eventemitter3 cache-hit
2113 http fetch GET 200 https://registry.npmjs.org/asynckit 87ms (cache miss)
2114 silly packumentCache full:https://registry.npmjs.org/asynckit set size:undefined disposed:false
2115 http fetch GET 200 https://registry.npmjs.org/combined-stream 88ms (cache miss)
2116 silly packumentCache full:https://registry.npmjs.org/combined-stream set size:undefined disposed:false
2117 http fetch GET 200 https://registry.npmjs.org/hasown 87ms (cache miss)
2118 silly packumentCache full:https://registry.npmjs.org/hasown set size:undefined disposed:false
2119 http fetch GET 200 https://registry.npmjs.org/p-timeout 88ms (cache miss)
2120 silly packumentCache full:https://registry.npmjs.org/p-timeout set size:undefined disposed:false
2121 http fetch GET 200 https://registry.npmjs.org/es-set-tostringtag 5396ms (cache miss)
2122 silly packumentCache full:https://registry.npmjs.org/es-set-tostringtag set size:22094 disposed:false
2123 silly placeDep node_modules/clawdbot @smithy/util-config-provider@4.2.0 OK for: @smithy/config-resolver@4.4.6 want: ^4.2.0
2124 silly placeDep node_modules/clawdbot @smithy/uuid@1.1.0 OK for: @smithy/core@3.22.0 want: ^1.1.0
2125 silly placeDep node_modules/clawdbot @aws-crypto/crc32@5.2.0 OK for: @smithy/eventstream-codec@4.2.8 want: 5.2.0
2126 silly placeDep node_modules/clawdbot @smithy/eventstream-serde-universal@4.2.8 OK for: @smithy/eventstream-serde-browser@4.2.8 want: ^4.2.8
2127 silly placeDep node_modules/clawdbot @smithy/util-buffer-from@4.2.0 OK for: @smithy/hash-node@4.2.8 want: ^4.2.0
2128 silly placeDep node_modules/clawdbot @smithy/service-error-classification@4.2.8 OK for: @smithy/middleware-retry@4.4.29 want: ^4.2.8
2129 silly placeDep node_modules/clawdbot @smithy/abort-controller@4.2.8 OK for: @smithy/node-http-handler@4.4.8 want: ^4.2.8
2130 silly placeDep node_modules/clawdbot @smithy/util-uri-escape@4.2.0 OK for: @smithy/querystring-builder@4.2.8 want: ^4.2.0
2131 silly placeDep node_modules/clawdbot @smithy/is-array-buffer@4.2.0 OK for: @smithy/signature-v4@5.3.8 want: ^4.2.0
2132 silly placeDep node_modules/clawdbot @smithy/querystring-parser@4.2.8 OK for: @smithy/url-parser@4.2.8 want: ^4.2.8
2133 silly placeDep node_modules/clawdbot bun-types@1.3.6 OK for: @types/bun@1.3.6 want: 1.3.6
2134 silly placeDep node_modules/clawdbot @types/body-parser@1.19.6 OK for: @types/express@5.0.6 want: *
2135 silly placeDep node_modules/clawdbot @types/express-serve-static-core@5.1.1 OK for: @types/express@5.0.6 want: ^5.0.0
2136 silly placeDep node_modules/clawdbot @types/serve-static@2.2.0 OK for: @types/express@5.0.6 want: ^2
2137 silly fetch manifest @types/connect@*
2138 silly packumentCache full:https://registry.npmjs.org/@types%2fconnect cache-miss
2139 silly fetch manifest @types/qs@*
2140 silly packumentCache full:https://registry.npmjs.org/@types%2fqs cache-miss
2141 silly fetch manifest @types/send@*
2142 silly packumentCache full:https://registry.npmjs.org/@types%2fsend cache-miss
2143 silly fetch manifest @types/range-parser@*
2144 silly packumentCache full:https://registry.npmjs.org/@types%2frange-parser cache-miss
2145 silly fetch manifest @types/http-errors@*
2146 silly packumentCache full:https://registry.npmjs.org/@types%2fhttp-errors cache-miss
2147 http fetch GET 200 https://registry.npmjs.org/@types%2fconnect 86ms (cache miss)
2148 silly packumentCache full:https://registry.npmjs.org/@types%2fconnect set size:undefined disposed:false
2149 http fetch GET 200 https://registry.npmjs.org/@types%2fhttp-errors 86ms (cache miss)
2150 silly packumentCache full:https://registry.npmjs.org/@types%2fhttp-errors set size:undefined disposed:false
2151 http fetch GET 200 https://registry.npmjs.org/@types%2frange-parser 87ms (cache miss)
2152 silly packumentCache full:https://registry.npmjs.org/@types%2frange-parser set size:undefined disposed:false
2153 http fetch GET 200 https://registry.npmjs.org/@types%2fqs 87ms (cache miss)
2154 silly packumentCache full:https://registry.npmjs.org/@types%2fqs set size:undefined disposed:false
2155 http fetch GET 200 https://registry.npmjs.org/@types%2fsend 89ms (cache miss)
2156 silly packumentCache full:https://registry.npmjs.org/@types%2fsend set size:undefined disposed:false
2157 silly placeDep node_modules/clawdbot @types/connect@3.4.38 OK for: @types/body-parser@1.19.6 want: *
2158 silly placeDep node_modules/clawdbot @types/qs@6.14.0 OK for: @types/express-serve-static-core@5.1.1 want: *
2159 silly placeDep node_modules/clawdbot @types/range-parser@1.2.7 OK for: @types/express-serve-static-core@5.1.1 want: *
2160 silly placeDep node_modules/clawdbot @types/send@1.2.1 OK for: @types/express-serve-static-core@5.1.1 want: *
2161 silly placeDep node_modules/clawdbot @types/ms@2.1.0 OK for: @types/jsonwebtoken@9.0.10 want: *
2162 silly placeDep node_modules/clawdbot undici-types@7.16.0 OK for: @types/node@25.0.10 want: ~7.16.0
2163 silly placeDep node_modules/clawdbot @types/http-errors@2.0.5 OK for: @types/serve-static@2.2.0 want: *
2164 silly placeDep node_modules/clawdbot @cacheable/node-cache@1.7.6 OK for: @whiskeysockets/baileys@7.0.0-rc.9 want: ^1.4.0
2165 silly placeDep node_modules/clawdbot @hapi/boom@9.1.4 OK for: @whiskeysockets/baileys@7.0.0-rc.9 want: ^9.1.3
2166 silly placeDep node_modules/clawdbot async-mutex@0.5.0 OK for: @whiskeysockets/baileys@7.0.0-rc.9 want: ^0.5.0
2167 silly placeDep node_modules/clawdbot libsignal@2.0.1 OK for: @whiskeysockets/baileys@7.0.0-rc.9 want: git+https://github.com/whiskeysockets/libsignal-node.git
2168 silly placeDep node_modules/clawdbot lru-cache@11.2.5 OK for: @whiskeysockets/baileys@7.0.0-rc.9 want: ^11.1.0
2169 silly placeDep node_modules/clawdbot music-metadata@11.11.0 OK for: @whiskeysockets/baileys@7.0.0-rc.9 want: ^11.7.0
2170 silly placeDep node_modules/clawdbot/node_modules/@whiskeysockets/baileys p-queue@9.1.0 OK for: @whiskeysockets/baileys@7.0.0-rc.9 want: ^9.0.0
2171 silly placeDep node_modules/clawdbot pino@9.14.0 OK for: @whiskeysockets/baileys@7.0.0-rc.9 want: ^9.6
2172 silly placeDep node_modules/clawdbot protobufjs@7.5.4 OK for: @whiskeysockets/baileys@7.0.0-rc.9 want: ^7.2.4
2173 silly fetch manifest keyv@^5.5.5
2174 silly packumentCache full:https://registry.npmjs.org/keyv cache-miss
2175 silly fetch manifest cacheable@^2.3.1
2176 silly packumentCache full:https://registry.npmjs.org/cacheable cache-miss
2177 silly fetch manifest hookified@^1.14.0
2178 silly packumentCache full:https://registry.npmjs.org/hookified cache-miss
2179 silly fetch manifest @hapi/hoek@9.x.x
2180 silly packumentCache full:https://registry.npmjs.org/@hapi%2fhoek cache-miss
2181 silly fetch manifest curve25519-js@^0.0.4
2182 silly packumentCache full:https://registry.npmjs.org/curve25519-js cache-miss
2183 silly fetch manifest protobufjs@6.8.8
2184 silly packumentCache full:https://registry.npmjs.org/protobufjs cache-miss
2185 silly fetch manifest @borewit/text-codec@^0.2.1
2186 silly packumentCache full:https://registry.npmjs.org/@borewit%2ftext-codec cache-miss
2187 http cache https://registry.npmjs.org/protobufjs 8ms (cache hit)
2188 silly packumentCache full:https://registry.npmjs.org/protobufjs set size:635352 disposed:false
2189 silly fetch manifest @tokenizer/token@^0.3.0
2190 silly packumentCache full:https://registry.npmjs.org/@tokenizer%2ftoken cache-miss
2191 http fetch GET 200 https://registry.npmjs.org/hookified 81ms (cache miss)
2192 silly packumentCache full:https://registry.npmjs.org/hookified set size:undefined disposed:false
2193 silly fetch manifest media-typer@^1.1.0
2194 silly packumentCache full:https://registry.npmjs.org/media-typer cache-miss
2195 http fetch GET 200 https://registry.npmjs.org/cacheable 84ms (cache miss)
2196 silly packumentCache full:https://registry.npmjs.org/cacheable set size:undefined disposed:false
2197 silly fetch manifest token-types@^6.1.2
2198 silly packumentCache full:https://registry.npmjs.org/token-types cache-miss
2199 http cache https://registry.npmjs.org/token-types 2ms (cache hit)
2200 silly packumentCache full:https://registry.npmjs.org/token-types set size:155133 disposed:false
2201 silly fetch manifest uint8array-extras@^1.5.0
2202 silly packumentCache full:https://registry.npmjs.org/uint8array-extras cache-miss
2203 http cache https://registry.npmjs.org/uint8array-extras 2ms (cache hit)
2204 silly packumentCache full:https://registry.npmjs.org/uint8array-extras set size:36606 disposed:false
2205 silly fetch manifest win-guid@^0.2.0
2206 silly packumentCache full:https://registry.npmjs.org/win-guid cache-miss
2207 http fetch GET 200 https://registry.npmjs.org/keyv 97ms (cache miss)
2208 silly packumentCache full:https://registry.npmjs.org/keyv set size:undefined disposed:false
2209 silly fetch manifest p-timeout@^7.0.0
2210 silly packumentCache full:https://registry.npmjs.org/p-timeout cache-miss
2211 http fetch GET 200 https://registry.npmjs.org/@borewit%2ftext-codec 100ms (cache miss)
2212 silly packumentCache full:https://registry.npmjs.org/@borewit%2ftext-codec set size:undefined disposed:false
2213 silly fetch manifest sonic-boom@^4.0.1
2214 silly packumentCache full:https://registry.npmjs.org/sonic-boom cache-miss
2215 http fetch GET 200 https://registry.npmjs.org/@tokenizer%2ftoken 84ms (cache miss)
2216 silly packumentCache full:https://registry.npmjs.org/@tokenizer%2ftoken set size:undefined disposed:false
2217 silly fetch manifest atomic-sleep@^1.0.0
2218 silly packumentCache full:https://registry.npmjs.org/atomic-sleep cache-miss
2219 http cache https://registry.npmjs.org/p-timeout 3ms (cache hit)
2220 silly packumentCache full:https://registry.npmjs.org/p-timeout set size:60739 disposed:false
2221 silly fetch manifest real-require@^0.2.0
2222 silly packumentCache full:https://registry.npmjs.org/real-require cache-miss
2223 http fetch GET 200 https://registry.npmjs.org/real-require 79ms (cache miss)
2224 silly packumentCache full:https://registry.npmjs.org/real-require set size:undefined disposed:false
2225 silly fetch manifest thread-stream@^3.0.0
2226 silly packumentCache full:https://registry.npmjs.org/thread-stream cache-miss
2227 http fetch GET 200 https://registry.npmjs.org/media-typer 101ms (cache miss)
2228 silly packumentCache full:https://registry.npmjs.org/media-typer set size:undefined disposed:false
2229 silly fetch manifest @pinojs/redact@^0.4.0
2230 silly packumentCache full:https://registry.npmjs.org/@pinojs%2fredact cache-miss
2231 http fetch GET 200 https://registry.npmjs.org/atomic-sleep 84ms (cache miss)
2232 silly packumentCache full:https://registry.npmjs.org/atomic-sleep set size:undefined disposed:false
2233 silly fetch manifest process-warning@^5.0.0
2234 silly packumentCache full:https://registry.npmjs.org/process-warning cache-miss
2235 http fetch GET 200 https://registry.npmjs.org/sonic-boom 88ms (cache miss)
2236 silly packumentCache full:https://registry.npmjs.org/sonic-boom set size:undefined disposed:false
2237 silly fetch manifest on-exit-leak-free@^2.1.0
2238 silly packumentCache full:https://registry.npmjs.org/on-exit-leak-free cache-miss
2239 http fetch GET 200 https://registry.npmjs.org/@hapi%2fhoek 220ms (cache miss)
2240 silly packumentCache full:https://registry.npmjs.org/@hapi%2fhoek set size:undefined disposed:false
2241 silly fetch manifest pino-std-serializers@^7.0.0
2242 silly packumentCache full:https://registry.npmjs.org/pino-std-serializers cache-miss
2243 http fetch GET 200 https://registry.npmjs.org/thread-stream 79ms (cache miss)
2244 silly packumentCache full:https://registry.npmjs.org/thread-stream set size:undefined disposed:false
2245 silly fetch manifest safe-stable-stringify@^2.3.1
2246 silly packumentCache full:https://registry.npmjs.org/safe-stable-stringify cache-miss
2247 http fetch GET 200 https://registry.npmjs.org/process-warning 81ms (cache miss)
2248 silly packumentCache full:https://registry.npmjs.org/process-warning set size:undefined disposed:false
2249 silly fetch manifest quick-format-unescaped@^4.0.3
2250 silly packumentCache full:https://registry.npmjs.org/quick-format-unescaped cache-miss
2251 http fetch GET 200 https://registry.npmjs.org/on-exit-leak-free 79ms (cache miss)
2252 silly packumentCache full:https://registry.npmjs.org/on-exit-leak-free set size:undefined disposed:false
2253 silly fetch manifest pino-abstract-transport@^2.0.0
2254 silly packumentCache full:https://registry.npmjs.org/pino-abstract-transport cache-miss
2255 http fetch GET 200 https://registry.npmjs.org/@pinojs%2fredact 94ms (cache miss)
2256 silly packumentCache full:https://registry.npmjs.org/@pinojs%2fredact set size:undefined disposed:false
2257 silly fetch manifest @protobufjs/path@^1.1.2
2258 silly packumentCache full:https://registry.npmjs.org/@protobufjs%2fpath cache-miss
2259 http fetch GET 200 https://registry.npmjs.org/pino-std-serializers 82ms (cache miss)
2260 silly packumentCache full:https://registry.npmjs.org/pino-std-serializers set size:undefined disposed:false
2261 silly fetch manifest @protobufjs/pool@^1.1.0
2262 silly packumentCache full:https://registry.npmjs.org/@protobufjs%2fpool cache-miss
2263 http fetch GET 200 https://registry.npmjs.org/safe-stable-stringify 71ms (cache miss)
2264 silly packumentCache full:https://registry.npmjs.org/safe-stable-stringify set size:undefined disposed:false
2265 silly fetch manifest @protobufjs/utf8@^1.1.0
2266 silly packumentCache full:https://registry.npmjs.org/@protobufjs%2futf8 cache-miss
2267 http fetch GET 200 https://registry.npmjs.org/pino-abstract-transport 81ms (cache miss)
2268 silly packumentCache full:https://registry.npmjs.org/pino-abstract-transport set size:undefined disposed:false
2269 silly fetch manifest @protobufjs/fetch@^1.1.0
2270 silly packumentCache full:https://registry.npmjs.org/@protobufjs%2ffetch cache-miss
2271 http fetch GET 200 https://registry.npmjs.org/quick-format-unescaped 94ms (cache miss)
2272 silly packumentCache full:https://registry.npmjs.org/quick-format-unescaped set size:undefined disposed:false
2273 silly fetch manifest @protobufjs/float@^1.0.2
2274 silly packumentCache full:https://registry.npmjs.org/@protobufjs%2ffloat cache-miss
2275 http fetch GET 200 https://registry.npmjs.org/@protobufjs%2fpath 86ms (cache miss)
2276 silly packumentCache full:https://registry.npmjs.org/@protobufjs%2fpath set size:undefined disposed:false
2277 silly fetch manifest @protobufjs/base64@^1.1.2
2278 silly packumentCache full:https://registry.npmjs.org/@protobufjs%2fbase64 cache-miss
2279 http fetch GET 200 https://registry.npmjs.org/@protobufjs%2fpool 78ms (cache miss)
2280 silly packumentCache full:https://registry.npmjs.org/@protobufjs%2fpool set size:undefined disposed:false
2281 silly fetch manifest @protobufjs/codegen@^2.0.4
2282 silly packumentCache full:https://registry.npmjs.org/@protobufjs%2fcodegen cache-miss
2283 http fetch GET 200 https://registry.npmjs.org/@protobufjs%2futf8 95ms (cache miss)
2284 silly packumentCache full:https://registry.npmjs.org/@protobufjs%2futf8 set size:undefined disposed:false
2285 silly fetch manifest @protobufjs/inquire@^1.1.0
2286 silly packumentCache full:https://registry.npmjs.org/@protobufjs%2finquire cache-miss
2287 http fetch GET 200 https://registry.npmjs.org/win-guid 343ms (cache miss)
2288 silly packumentCache full:https://registry.npmjs.org/win-guid set size:undefined disposed:false
2289 silly fetch manifest @protobufjs/aspromise@^1.1.2
2290 silly packumentCache full:https://registry.npmjs.org/@protobufjs%2faspromise cache-miss
2291 http fetch GET 200 https://registry.npmjs.org/@protobufjs%2ffetch 92ms (cache miss)
2292 silly packumentCache full:https://registry.npmjs.org/@protobufjs%2ffetch set size:undefined disposed:false
2293 silly fetch manifest @protobufjs/eventemitter@^1.1.0
2294 silly packumentCache full:https://registry.npmjs.org/@protobufjs%2feventemitter cache-miss
2295 http fetch GET 200 https://registry.npmjs.org/@protobufjs%2fbase64 77ms (cache miss)
2296 silly packumentCache full:https://registry.npmjs.org/@protobufjs%2fbase64 set size:undefined disposed:false
2297 http fetch GET 200 https://registry.npmjs.org/@protobufjs%2fcodegen 100ms (cache miss)
2298 silly packumentCache full:https://registry.npmjs.org/@protobufjs%2fcodegen set size:undefined disposed:false
2299 http fetch GET 200 https://registry.npmjs.org/@protobufjs%2finquire 93ms (cache miss)
2300 silly packumentCache full:https://registry.npmjs.org/@protobufjs%2finquire set size:undefined disposed:false
2301 http fetch GET 200 https://registry.npmjs.org/@protobufjs%2ffloat 163ms (cache miss)
2302 silly packumentCache full:https://registry.npmjs.org/@protobufjs%2ffloat set size:undefined disposed:false
2303 http fetch GET 200 https://registry.npmjs.org/@protobufjs%2faspromise 91ms (cache miss)
2304 silly packumentCache full:https://registry.npmjs.org/@protobufjs%2faspromise set size:undefined disposed:false
2305 http fetch GET 200 https://registry.npmjs.org/@protobufjs%2feventemitter 84ms (cache miss)
2306 silly packumentCache full:https://registry.npmjs.org/@protobufjs%2feventemitter set size:undefined disposed:false
2307 http fetch GET 200 https://registry.npmjs.org/curve25519-js 1873ms (cache miss)
2308 silly packumentCache full:https://registry.npmjs.org/curve25519-js set size:undefined disposed:false
2309 silly placeDep node_modules/clawdbot cacheable@2.3.2 OK for: @cacheable/node-cache@1.7.6 want: ^2.3.1
2310 silly placeDep node_modules/clawdbot hookified@1.15.0 OK for: @cacheable/node-cache@1.7.6 want: ^1.14.0
2311 silly placeDep node_modules/clawdbot keyv@5.6.0 OK for: @cacheable/node-cache@1.7.6 want: ^5.5.5
2312 silly fetch manifest hookified@^1.15.0
2313 silly packumentCache full:https://registry.npmjs.org/hookified cache-miss
2314 silly fetch manifest qified@^0.6.0
2315 silly packumentCache full:https://registry.npmjs.org/qified cache-miss
2316 silly fetch manifest @cacheable/memory@^2.0.7
2317 silly packumentCache full:https://registry.npmjs.org/@cacheable%2fmemory cache-miss
2318 silly fetch manifest @cacheable/utils@^2.3.3
2319 silly packumentCache full:https://registry.npmjs.org/@cacheable%2futils cache-miss
2320 silly fetch manifest @keyv/serialize@^1.1.1
2321 silly packumentCache full:https://registry.npmjs.org/@keyv%2fserialize cache-miss
2322 http cache https://registry.npmjs.org/hookified 5ms (cache hit)
2323 silly packumentCache full:https://registry.npmjs.org/hookified set size:108065 disposed:false
2324 http fetch GET 200 https://registry.npmjs.org/qified 70ms (cache miss)
2325 silly packumentCache full:https://registry.npmjs.org/qified set size:undefined disposed:false
2326 http fetch GET 200 https://registry.npmjs.org/@keyv%2fserialize 93ms (cache miss)
2327 silly packumentCache full:https://registry.npmjs.org/@keyv%2fserialize set size:undefined disposed:false
2328 http fetch GET 200 https://registry.npmjs.org/@cacheable%2futils 95ms (cache miss)
2329 silly packumentCache full:https://registry.npmjs.org/@cacheable%2futils set size:undefined disposed:false
2330 http fetch GET 200 https://registry.npmjs.org/@cacheable%2fmemory 98ms (cache miss)
2331 silly packumentCache full:https://registry.npmjs.org/@cacheable%2fmemory set size:undefined disposed:false
2332 silly placeDep node_modules/clawdbot @hapi/hoek@9.3.0 OK for: @hapi/boom@9.1.4 want: 9.x.x
2333 silly placeDep node_modules/clawdbot event-target-shim@5.0.1 OK for: abort-controller@3.0.0 want: ^5.0.0
2334 silly placeDep node_modules/clawdbot fast-uri@3.1.0 OK for: ajv@8.17.1 want: ^3.0.1
2335 silly placeDep node_modules/clawdbot json-schema-traverse@1.0.0 OK for: ajv@8.17.1 want: ^1.0.0
2336 silly placeDep node_modules/clawdbot require-from-string@2.0.2 OK for: ajv@8.17.1 want: ^2.0.2
2337 silly placeDep node_modules/clawdbot follow-redirects@1.15.11 OK for: axios@1.13.4 want: ^1.15.6
2338 silly placeDep node_modules/clawdbot proxy-from-env@1.1.0 OK for: axios@1.13.4 want: ^1.1.0
2339 silly placeDep node_modules/clawdbot bytes@3.1.2 OK for: body-parser@2.2.2 want: ^3.1.2
2340 silly placeDep node_modules/clawdbot content-type@1.0.5 OK for: body-parser@2.2.2 want: ^1.0.5
2341 silly placeDep node_modules/clawdbot http-errors@2.0.1 OK for: body-parser@2.2.2 want: ^2.0.0
2342 silly placeDep node_modules/clawdbot iconv-lite@0.7.2 OK for: body-parser@2.2.2 want: ^0.7.0
2343 silly placeDep node_modules/clawdbot on-finished@2.4.1 OK for: body-parser@2.2.2 want: ^2.4.1
2344 silly placeDep node_modules/clawdbot qs@6.14.1 OK for: body-parser@2.2.2 want: ^6.14.1
2345 silly placeDep node_modules/clawdbot type-is@2.0.1 OK for: body-parser@2.2.2 want: ^2.0.1
2346 silly fetch manifest depd@~2.0.0
2347 silly packumentCache full:https://registry.npmjs.org/depd cache-miss
2348 silly fetch manifest inherits@~2.0.4
2349 silly packumentCache full:https://registry.npmjs.org/inherits cache-miss
2350 silly fetch manifest setprototypeof@~1.2.0
2351 silly packumentCache full:https://registry.npmjs.org/setprototypeof cache-miss
2352 silly fetch manifest statuses@~2.0.2
2353 silly packumentCache full:https://registry.npmjs.org/statuses cache-miss
2354 silly fetch manifest toidentifier@~1.0.1
2355 silly packumentCache full:https://registry.npmjs.org/toidentifier cache-miss
2356 silly fetch manifest safer-buffer@>= 2.1.2 < 3.0.0
2357 silly packumentCache full:https://registry.npmjs.org/safer-buffer cache-miss
2358 silly fetch manifest ee-first@1.1.1
2359 silly packumentCache full:https://registry.npmjs.org/ee-first cache-miss
2360 http cache https://registry.npmjs.org/depd 22ms (cache hit)
2361 silly packumentCache full:https://registry.npmjs.org/depd set size:40182 disposed:false
2362 silly fetch manifest side-channel@^1.1.0
2363 silly packumentCache full:https://registry.npmjs.org/side-channel cache-miss
2364 http cache https://registry.npmjs.org/statuses 24ms (cache hit)
2365 silly packumentCache full:https://registry.npmjs.org/statuses set size:37117 disposed:false
2366 http fetch GET 200 https://registry.npmjs.org/inherits 66ms (cache miss)
2367 silly packumentCache full:https://registry.npmjs.org/inherits set size:undefined disposed:false
2368 http fetch GET 200 https://registry.npmjs.org/toidentifier 84ms (cache miss)
2369 silly packumentCache full:https://registry.npmjs.org/toidentifier set size:undefined disposed:false
2370 http fetch GET 200 https://registry.npmjs.org/setprototypeof 85ms (cache miss)
2371 silly packumentCache full:https://registry.npmjs.org/setprototypeof set size:undefined disposed:false
2372 http fetch GET 200 https://registry.npmjs.org/ee-first 90ms (cache miss)
2373 silly packumentCache full:https://registry.npmjs.org/ee-first set size:undefined disposed:false
2374 http fetch GET 200 https://registry.npmjs.org/side-channel 74ms (cache miss)
2375 silly packumentCache full:https://registry.npmjs.org/side-channel set size:undefined disposed:false
2376 http fetch GET 200 https://registry.npmjs.org/safer-buffer 131ms (cache miss)
2377 silly packumentCache full:https://registry.npmjs.org/safer-buffer set size:undefined disposed:false
2378 silly placeDep node_modules/clawdbot @cacheable/memory@2.0.7 OK for: cacheable@2.3.2 want: ^2.0.7
2379 silly placeDep node_modules/clawdbot @cacheable/utils@2.3.3 OK for: cacheable@2.3.2 want: ^2.3.3
2380 silly placeDep node_modules/clawdbot qified@0.6.0 OK for: cacheable@2.3.2 want: ^0.6.0
2381 silly fetch manifest @keyv/bigmap@^1.3.0
2382 silly packumentCache full:https://registry.npmjs.org/@keyv%2fbigmap cache-miss
2383 silly fetch manifest hashery@^1.3.0
2384 silly packumentCache full:https://registry.npmjs.org/hashery cache-miss
2385 http fetch GET 200 https://registry.npmjs.org/hashery 94ms (cache miss)
2386 silly packumentCache full:https://registry.npmjs.org/hashery set size:undefined disposed:false
2387 http fetch GET 200 https://registry.npmjs.org/@keyv%2fbigmap 95ms (cache miss)
2388 silly packumentCache full:https://registry.npmjs.org/@keyv%2fbigmap set size:undefined disposed:false
2389 silly placeDep node_modules/clawdbot @keyv/bigmap@1.3.1 OK for: @cacheable/memory@2.0.7 want: ^1.3.0
2390 silly fetch manifest hashery@^1.4.0
2391 silly packumentCache full:https://registry.npmjs.org/hashery cache-miss
2392 http cache https://registry.npmjs.org/hashery 2ms (cache hit)
2393 silly packumentCache full:https://registry.npmjs.org/hashery set size:60573 disposed:false
2394 silly placeDep node_modules/clawdbot hashery@1.4.0 OK for: @cacheable/utils@2.3.3 want: ^1.3.0
2395 silly placeDep node_modules/clawdbot readdirp@5.0.0 OK for: chokidar@5.0.0 want: ^5.0.0
2396 silly placeDep node_modules/clawdbot mitt@3.0.1 OK for: chromium-bidi@13.0.1 want: ^3.0.1
2397 silly placeDep node_modules/clawdbot/node_modules/chromium-bidi zod@3.25.76 OK for: chromium-bidi@13.0.1 want: ^3.24.1
2398 silly placeDep node_modules/clawdbot/node_modules/cli-highlight chalk@4.1.2 OK for: cli-highlight@2.1.11 want: ^4.0.0
2399 silly placeDep node_modules/clawdbot highlight.js@10.7.3 OK for: cli-highlight@2.1.11 want: ^10.7.1
2400 silly placeDep node_modules/clawdbot mz@2.7.0 OK for: cli-highlight@2.1.11 want: ^2.4.0
2401 silly placeDep node_modules/clawdbot parse5@5.1.1 OK for: cli-highlight@2.1.11 want: ^5.1.1
2402 silly placeDep node_modules/clawdbot parse5-htmlparser2-tree-adapter@6.0.1 OK for: cli-highlight@2.1.11 want: ^6.0.0
2403 silly placeDep node_modules/clawdbot yargs@16.2.0 OK for: cli-highlight@2.1.11 want: ^16.0.0
2404 silly fetch manifest ansi-styles@^4.1.0
2405 silly packumentCache full:https://registry.npmjs.org/ansi-styles cache-miss
2406 silly fetch manifest supports-color@^7.1.0
2407 silly packumentCache full:https://registry.npmjs.org/supports-color cache-miss
2408 silly fetch manifest any-promise@^1.0.0
2409 silly packumentCache full:https://registry.npmjs.org/any-promise cache-miss
2410 silly fetch manifest object-assign@^4.0.1
2411 silly packumentCache full:https://registry.npmjs.org/object-assign cache-miss
2412 silly fetch manifest thenify-all@^1.0.0
2413 silly packumentCache full:https://registry.npmjs.org/thenify-all cache-miss
2414 silly fetch manifest parse5@^6.0.1
2415 silly packumentCache full:https://registry.npmjs.org/parse5 cache-miss
2416 silly fetch manifest y18n@^5.0.5
2417 silly packumentCache full:https://registry.npmjs.org/y18n cache-miss
2418 http cache https://registry.npmjs.org/parse5 4ms (cache hit)
2419 silly packumentCache full:https://registry.npmjs.org/parse5 set size:120809 disposed:false
2420 silly fetch manifest cliui@^7.0.2
2421 silly packumentCache full:https://registry.npmjs.org/cliui cache-miss
2422 http fetch GET 200 https://registry.npmjs.org/any-promise 97ms (cache miss)
2423 silly packumentCache full:https://registry.npmjs.org/any-promise set size:undefined disposed:false
2424 silly fetch manifest escalade@^3.1.1
2425 silly packumentCache full:https://registry.npmjs.org/escalade cache-miss
2426 http fetch GET 200 https://registry.npmjs.org/thenify-all 99ms (cache miss)
2427 silly packumentCache full:https://registry.npmjs.org/thenify-all set size:undefined disposed:false
2428 silly fetch manifest string-width@^4.2.0
2429 silly packumentCache full:https://registry.npmjs.org/string-width cache-miss
2430 http fetch GET 200 https://registry.npmjs.org/object-assign 100ms (cache miss)
2431 silly packumentCache full:https://registry.npmjs.org/object-assign set size:undefined disposed:false
2432 silly fetch manifest yargs-parser@^20.2.2
2433 silly packumentCache full:https://registry.npmjs.org/yargs-parser cache-miss
2434 http fetch GET 200 https://registry.npmjs.org/cliui 96ms (cache miss)
2435 silly packumentCache full:https://registry.npmjs.org/cliui set size:undefined disposed:false
2436 silly fetch manifest get-caller-file@^2.0.5
2437 silly packumentCache full:https://registry.npmjs.org/get-caller-file cache-miss
2438 http fetch GET 200 https://registry.npmjs.org/y18n 101ms (cache miss)
2439 silly packumentCache full:https://registry.npmjs.org/y18n set size:undefined disposed:false
2440 silly fetch manifest require-directory@^2.1.1
2441 silly packumentCache full:https://registry.npmjs.org/require-directory cache-miss
2442 http fetch GET 200 https://registry.npmjs.org/ansi-styles 104ms (cache miss)
2443 silly packumentCache full:https://registry.npmjs.org/ansi-styles set size:undefined disposed:false
2444 http fetch GET 200 https://registry.npmjs.org/supports-color 105ms (cache miss)
2445 silly packumentCache full:https://registry.npmjs.org/supports-color set size:undefined disposed:false
2446 http fetch GET 200 https://registry.npmjs.org/require-directory 91ms (cache miss)
2447 silly packumentCache full:https://registry.npmjs.org/require-directory set size:undefined disposed:false
2448 http fetch GET 200 https://registry.npmjs.org/escalade 96ms (cache miss)
2449 silly packumentCache full:https://registry.npmjs.org/escalade set size:undefined disposed:false
2450 http fetch GET 200 https://registry.npmjs.org/string-width 95ms (cache miss)
2451 silly packumentCache full:https://registry.npmjs.org/string-width set size:undefined disposed:false
2452 http fetch GET 200 https://registry.npmjs.org/get-caller-file 95ms (cache miss)
2453 silly packumentCache full:https://registry.npmjs.org/get-caller-file set size:undefined disposed:false
2454 http fetch GET 200 https://registry.npmjs.org/yargs-parser 96ms (cache miss)
2455 silly packumentCache full:https://registry.npmjs.org/yargs-parser set size:undefined disposed:false
2456 silly placeDep node_modules/clawdbot ms@2.1.3 OK for: debug@4.4.3 want: ^2.1.3
2457 silly placeDep node_modules/clawdbot accepts@2.0.0 OK for: express@5.2.1 want: ^2.0.0
2458 silly placeDep node_modules/clawdbot content-disposition@1.0.1 OK for: express@5.2.1 want: ^1.0.0
2459 silly placeDep node_modules/clawdbot cookie@0.7.2 OK for: express@5.2.1 want: ^0.7.1
2460 silly placeDep node_modules/clawdbot cookie-signature@1.2.2 OK for: express@5.2.1 want: ^1.2.1
2461 silly placeDep node_modules/clawdbot depd@2.0.0 OK for: express@5.2.1 want: ^2.0.0
2462 silly placeDep node_modules/clawdbot encodeurl@2.0.0 OK for: express@5.2.1 want: ^2.0.0
2463 silly placeDep node_modules/clawdbot escape-html@1.0.3 OK for: express@5.2.1 want: ^1.0.3
2464 silly placeDep node_modules/clawdbot etag@1.8.1 OK for: express@5.2.1 want: ^1.8.1
2465 silly placeDep node_modules/clawdbot finalhandler@2.1.1 OK for: express@5.2.1 want: ^2.1.0
2466 silly placeDep node_modules/clawdbot fresh@2.0.0 OK for: express@5.2.1 want: ^2.0.0
2467 silly placeDep node_modules/clawdbot merge-descriptors@2.0.0 OK for: express@5.2.1 want: ^2.0.0
2468 silly placeDep node_modules/clawdbot once@1.4.0 OK for: express@5.2.1 want: ^1.4.0
2469 silly placeDep node_modules/clawdbot parseurl@1.3.3 OK for: express@5.2.1 want: ^1.3.3
2470 silly placeDep node_modules/clawdbot proxy-addr@2.0.7 OK for: express@5.2.1 want: ^2.0.7
2471 silly placeDep node_modules/clawdbot range-parser@1.2.1 OK for: express@5.2.1 want: ^1.2.1
2472 silly placeDep node_modules/clawdbot router@2.2.0 OK for: express@5.2.1 want: ^2.2.0
2473 silly placeDep node_modules/clawdbot send@1.2.1 OK for: express@5.2.1 want: ^1.1.0
2474 silly placeDep node_modules/clawdbot serve-static@2.2.1 OK for: express@5.2.1 want: ^2.2.0
2475 silly placeDep node_modules/clawdbot statuses@2.0.2 OK for: express@5.2.1 want: ^2.0.1
2476 silly placeDep node_modules/clawdbot vary@1.1.2 OK for: express@5.2.1 want: ^1.1.2
2477 silly fetch manifest negotiator@^1.0.0
2478 silly packumentCache full:https://registry.npmjs.org/negotiator cache-miss
2479 silly fetch manifest wrappy@1
2480 silly packumentCache full:https://registry.npmjs.org/wrappy cache-miss
2481 silly fetch manifest forwarded@0.2.0
2482 silly packumentCache full:https://registry.npmjs.org/forwarded cache-miss
2483 silly fetch manifest ipaddr.js@1.9.1
2484 silly packumentCache full:https://registry.npmjs.org/ipaddr.js cache-miss
2485 silly fetch manifest is-promise@^4.0.0
2486 silly packumentCache full:https://registry.npmjs.org/is-promise cache-miss
2487 silly fetch manifest statuses@^2.0.2
2488 silly packumentCache full:https://registry.npmjs.org/statuses cache-hit
2489 http fetch GET 200 https://registry.npmjs.org/forwarded 74ms (cache miss)
2490 silly packumentCache full:https://registry.npmjs.org/forwarded set size:undefined disposed:false
2491 http fetch GET 200 https://registry.npmjs.org/wrappy 90ms (cache miss)
2492 silly packumentCache full:https://registry.npmjs.org/wrappy set size:undefined disposed:false
2493 http fetch GET 200 https://registry.npmjs.org/is-promise 90ms (cache miss)
2494 silly packumentCache full:https://registry.npmjs.org/is-promise set size:undefined disposed:false
2495 http fetch GET 200 https://registry.npmjs.org/negotiator 90ms (cache miss)
2496 silly packumentCache full:https://registry.npmjs.org/negotiator set size:undefined disposed:false
2497 http fetch GET 200 https://registry.npmjs.org/ipaddr.js 91ms (cache miss)
2498 silly packumentCache full:https://registry.npmjs.org/ipaddr.js set size:undefined disposed:false
2499 silly placeDep node_modules/clawdbot negotiator@1.0.0 OK for: accepts@2.0.0 want: ^1.0.0
2500 silly placeDep node_modules/clawdbot strnum@2.1.2 OK for: fast-xml-parser@5.2.5 want: ^2.1.0
2501 silly placeDep node_modules/clawdbot @tokenizer/inflate@0.4.1 OK for: file-type@21.3.0 want: ^0.4.1
2502 silly placeDep node_modules/clawdbot strtok3@10.3.4 OK for: file-type@21.3.0 want: ^10.3.4
2503 silly placeDep node_modules/clawdbot token-types@6.1.2 OK for: file-type@21.3.0 want: ^6.1.1
2504 silly placeDep node_modules/clawdbot uint8array-extras@1.5.0 OK for: file-type@21.3.0 want: ^1.4.0
2505 silly fetch manifest ieee754@^1.2.1
2506 silly packumentCache full:https://registry.npmjs.org/ieee754 cache-miss
2507 http fetch GET 200 https://registry.npmjs.org/ieee754 75ms (cache miss)
2508 silly packumentCache full:https://registry.npmjs.org/ieee754 set size:undefined disposed:false
2509 silly placeDep node_modules/clawdbot asynckit@0.4.0 OK for: form-data@4.0.5 want: ^0.4.0
2510 silly placeDep node_modules/clawdbot combined-stream@1.0.8 OK for: form-data@4.0.5 want: ^1.0.8
2511 silly placeDep node_modules/clawdbot es-set-tostringtag@2.1.0 OK for: form-data@4.0.5 want: ^2.1.0
2512 silly placeDep node_modules/clawdbot hasown@2.0.2 OK for: form-data@4.0.5 want: ^2.0.2
2513 silly placeDep node_modules/clawdbot/node_modules/form-data mime-types@2.1.35 OK for: form-data@4.0.5 want: ^2.1.12
2514 silly fetch manifest delayed-stream@~1.0.0
2515 silly packumentCache full:https://registry.npmjs.org/delayed-stream cache-miss
2516 silly fetch manifest es-errors@^1.3.0
2517 silly packumentCache full:https://registry.npmjs.org/es-errors cache-miss
2518 silly fetch manifest get-intrinsic@^1.2.6
2519 silly packumentCache full:https://registry.npmjs.org/get-intrinsic cache-miss
2520 silly fetch manifest has-tostringtag@^1.0.2
2521 silly packumentCache full:https://registry.npmjs.org/has-tostringtag cache-miss
2522 silly fetch manifest function-bind@^1.1.2
2523 silly packumentCache full:https://registry.npmjs.org/function-bind cache-miss
2524 silly fetch manifest mime-db@1.52.0
2525 silly packumentCache full:https://registry.npmjs.org/mime-db cache-miss
2526 http cache https://registry.npmjs.org/mime-db 7ms (cache hit)
2527 silly packumentCache full:https://registry.npmjs.org/mime-db set size:164953 disposed:false
2528 http fetch GET 200 https://registry.npmjs.org/es-errors 75ms (cache miss)
2529 silly packumentCache full:https://registry.npmjs.org/es-errors set size:undefined disposed:false
2530 http fetch GET 200 https://registry.npmjs.org/function-bind 75ms (cache miss)
2531 silly packumentCache full:https://registry.npmjs.org/function-bind set size:undefined disposed:false
2532 http fetch GET 200 https://registry.npmjs.org/has-tostringtag 77ms (cache miss)
2533 silly packumentCache full:https://registry.npmjs.org/has-tostringtag set size:undefined disposed:false
2534 http fetch GET 200 https://registry.npmjs.org/delayed-stream 80ms (cache miss)
2535 silly packumentCache full:https://registry.npmjs.org/delayed-stream set size:undefined disposed:false
2536 http fetch GET 200 https://registry.npmjs.org/get-intrinsic 80ms (cache miss)
2537 silly packumentCache full:https://registry.npmjs.org/get-intrinsic set size:undefined disposed:false
2538 silly placeDep node_modules/clawdbot delayed-stream@1.0.0 OK for: combined-stream@1.0.8 want: ~1.0.0
2539 silly placeDep node_modules/clawdbot es-errors@1.3.0 OK for: es-set-tostringtag@2.1.0 want: ^1.3.0
2540 silly placeDep node_modules/clawdbot get-intrinsic@1.3.0 OK for: es-set-tostringtag@2.1.0 want: ^1.2.6
2541 silly placeDep node_modules/clawdbot has-tostringtag@1.0.2 OK for: es-set-tostringtag@2.1.0 want: ^1.0.2
2542 silly fetch manifest gopd@^1.2.0
2543 silly packumentCache full:https://registry.npmjs.org/gopd cache-miss
2544 silly fetch manifest get-proto@^1.0.1
2545 silly packumentCache full:https://registry.npmjs.org/get-proto cache-miss
2546 silly fetch manifest has-symbols@^1.1.0
2547 silly packumentCache full:https://registry.npmjs.org/has-symbols cache-miss
2548 silly fetch manifest es-object-atoms@^1.1.1
2549 silly packumentCache full:https://registry.npmjs.org/es-object-atoms cache-miss
2550 silly fetch manifest math-intrinsics@^1.1.0
2551 silly packumentCache full:https://registry.npmjs.org/math-intrinsics cache-miss
2552 silly fetch manifest es-define-property@^1.0.1
2553 silly packumentCache full:https://registry.npmjs.org/es-define-property cache-miss
2554 silly fetch manifest call-bind-apply-helpers@^1.0.2
2555 silly packumentCache full:https://registry.npmjs.org/call-bind-apply-helpers cache-miss
2556 http fetch GET 200 https://registry.npmjs.org/gopd 89ms (cache miss)
2557 silly packumentCache full:https://registry.npmjs.org/gopd set size:undefined disposed:false
2558 silly fetch manifest has-symbols@^1.0.3
2559 silly packumentCache full:https://registry.npmjs.org/has-symbols cache-miss
2560 http fetch GET 200 https://registry.npmjs.org/es-define-property 89ms (cache miss)
2561 silly packumentCache full:https://registry.npmjs.org/es-define-property set size:undefined disposed:false
2562 http fetch GET 200 https://registry.npmjs.org/get-proto 90ms (cache miss)
2563 silly packumentCache full:https://registry.npmjs.org/get-proto set size:undefined disposed:false
2564 http fetch GET 200 https://registry.npmjs.org/has-symbols 89ms (cache miss)
2565 silly packumentCache full:https://registry.npmjs.org/has-symbols set size:undefined disposed:false
2566 http fetch GET 200 https://registry.npmjs.org/call-bind-apply-helpers 90ms (cache miss)
2567 silly packumentCache full:https://registry.npmjs.org/call-bind-apply-helpers set size:undefined disposed:false
2568 http fetch GET 200 https://registry.npmjs.org/math-intrinsics 90ms (cache miss)
2569 silly packumentCache full:https://registry.npmjs.org/math-intrinsics set size:undefined disposed:false
2570 http fetch GET 200 https://registry.npmjs.org/es-object-atoms 90ms (cache miss)
2571 silly packumentCache full:https://registry.npmjs.org/es-object-atoms set size:undefined disposed:false
2572 http cache https://registry.npmjs.org/has-symbols 2ms (cache hit)
2573 silly packumentCache full:https://registry.npmjs.org/has-symbols set size:21550 disposed:false
2574 silly placeDep node_modules/clawdbot call-bind-apply-helpers@1.0.2 OK for: get-intrinsic@1.3.0 want: ^1.0.2
2575 silly placeDep node_modules/clawdbot es-define-property@1.0.1 OK for: get-intrinsic@1.3.0 want: ^1.0.1
2576 silly placeDep node_modules/clawdbot es-object-atoms@1.1.1 OK for: get-intrinsic@1.3.0 want: ^1.1.1
2577 silly placeDep node_modules/clawdbot function-bind@1.1.2 OK for: get-intrinsic@1.3.0 want: ^1.1.2
2578 silly placeDep node_modules/clawdbot get-proto@1.0.1 OK for: get-intrinsic@1.3.0 want: ^1.0.1
2579 silly placeDep node_modules/clawdbot gopd@1.2.0 OK for: get-intrinsic@1.3.0 want: ^1.2.0
2580 silly placeDep node_modules/clawdbot has-symbols@1.1.0 OK for: get-intrinsic@1.3.0 want: ^1.1.0
2581 silly placeDep node_modules/clawdbot math-intrinsics@1.1.0 OK for: get-intrinsic@1.3.0 want: ^1.1.0
2582 silly fetch manifest dunder-proto@^1.0.1
2583 silly packumentCache full:https://registry.npmjs.org/dunder-proto cache-miss
2584 http fetch GET 200 https://registry.npmjs.org/dunder-proto 87ms (cache miss)
2585 silly packumentCache full:https://registry.npmjs.org/dunder-proto set size:undefined disposed:false
2586 silly placeDep node_modules/clawdbot dunder-proto@1.0.1 OK for: get-proto@1.0.1 want: ^1.0.1
2587 silly placeDep node_modules/clawdbot foreground-child@3.3.1 OK for: glob@11.1.0 want: ^3.3.1
2588 silly placeDep node_modules/clawdbot jackspeak@4.1.1 OK for: glob@11.1.0 want: ^4.1.1
2589 silly placeDep node_modules/clawdbot minipass@7.1.2 OK for: glob@11.1.0 want: ^7.1.2
2590 silly placeDep node_modules/clawdbot package-json-from-dist@1.0.1 OK for: glob@11.1.0 want: ^1.0.0
2591 silly placeDep node_modules/clawdbot path-scurry@2.0.1 OK for: glob@11.1.0 want: ^2.0.0
2592 silly fetch manifest signal-exit@^4.0.1
2593 silly packumentCache full:https://registry.npmjs.org/signal-exit cache-miss
2594 silly fetch manifest @isaacs/cliui@^8.0.2
2595 silly packumentCache full:https://registry.npmjs.org/@isaacs%2fcliui cache-miss
2596 http cache https://registry.npmjs.org/signal-exit 3ms (cache hit)
2597 silly packumentCache full:https://registry.npmjs.org/signal-exit set size:53489 disposed:false
2598 http fetch GET 200 https://registry.npmjs.org/@isaacs%2fcliui 102ms (cache miss)
2599 silly packumentCache full:https://registry.npmjs.org/@isaacs%2fcliui set size:undefined disposed:false
2600 silly placeDep node_modules/clawdbot cross-spawn@7.0.6 OK for: foreground-child@3.3.1 want: ^7.0.6
2601 silly placeDep node_modules/clawdbot signal-exit@4.1.0 OK for: foreground-child@3.3.1 want: ^4.0.1
2602 silly fetch manifest which@^2.0.1
2603 silly packumentCache full:https://registry.npmjs.org/which cache-miss
2604 silly fetch manifest path-key@^3.1.0
2605 silly packumentCache full:https://registry.npmjs.org/path-key cache-miss
2606 silly fetch manifest shebang-command@^2.0.0
2607 silly packumentCache full:https://registry.npmjs.org/shebang-command cache-miss
2608 http cache https://registry.npmjs.org/which 6ms (cache hit)
2609 silly packumentCache full:https://registry.npmjs.org/which set size:65264 disposed:false
2610 http fetch GET 200 https://registry.npmjs.org/path-key 91ms (cache miss)
2611 silly packumentCache full:https://registry.npmjs.org/path-key set size:undefined disposed:false
2612 http fetch GET 200 https://registry.npmjs.org/shebang-command 95ms (cache miss)
2613 silly packumentCache full:https://registry.npmjs.org/shebang-command set size:undefined disposed:false
2614 silly placeDep node_modules/clawdbot path-key@3.1.1 OK for: cross-spawn@7.0.6 want: ^3.1.0
2615 silly placeDep node_modules/clawdbot shebang-command@2.0.0 OK for: cross-spawn@7.0.6 want: ^2.0.0
2616 silly placeDep node_modules/clawdbot which@2.0.2 OK for: cross-spawn@7.0.6 want: ^2.0.1
2617 silly fetch manifest shebang-regex@^3.0.0
2618 silly packumentCache full:https://registry.npmjs.org/shebang-regex cache-miss
2619 silly fetch manifest isexe@^2.0.0
2620 silly packumentCache full:https://registry.npmjs.org/isexe cache-miss
2621 http fetch GET 200 https://registry.npmjs.org/shebang-regex 90ms (cache miss)
2622 silly packumentCache full:https://registry.npmjs.org/shebang-regex set size:undefined disposed:false
2623 http fetch GET 200 https://registry.npmjs.org/isexe 91ms (cache miss)
2624 silly packumentCache full:https://registry.npmjs.org/isexe set size:undefined disposed:false
2625 silly placeDep node_modules/clawdbot base64-js@1.5.1 OK for: google-auth-library@10.5.0 want: ^1.3.0
2626 silly placeDep node_modules/clawdbot ecdsa-sig-formatter@1.0.11 OK for: google-auth-library@10.5.0 want: ^1.0.11
2627 silly placeDep node_modules/clawdbot gaxios@7.1.3 OK for: google-auth-library@10.5.0 want: ^7.0.0
2628 silly placeDep node_modules/clawdbot gcp-metadata@8.1.2 OK for: google-auth-library@10.5.0 want: ^8.0.0
2629 silly placeDep node_modules/clawdbot google-logging-utils@1.1.3 OK for: google-auth-library@10.5.0 want: ^1.0.0
2630 silly placeDep node_modules/clawdbot gtoken@8.0.0 OK for: google-auth-library@10.5.0 want: ^8.0.0
2631 silly placeDep node_modules/clawdbot jws@4.0.1 OK for: google-auth-library@10.5.0 want: ^4.0.0
2632 silly fetch manifest safe-buffer@^5.0.1
2633 silly packumentCache full:https://registry.npmjs.org/safe-buffer cache-miss
2634 silly fetch manifest extend@^3.0.2
2635 silly packumentCache full:https://registry.npmjs.org/extend cache-miss
2636 silly fetch manifest node-fetch@^3.3.2
2637 silly packumentCache full:https://registry.npmjs.org/node-fetch cache-miss
2638 silly fetch manifest rimraf@^5.0.1
2639 silly packumentCache full:https://registry.npmjs.org/rimraf cache-miss
2640 silly fetch manifest json-bigint@^1.0.0
2641 silly packumentCache full:https://registry.npmjs.org/json-bigint cache-miss
2642 silly fetch manifest jwa@^2.0.1
2643 silly packumentCache full:https://registry.npmjs.org/jwa cache-miss
2644 silly fetch manifest safe-buffer@^5.0.1
2645 silly packumentCache full:https://registry.npmjs.org/safe-buffer cache-miss
2646 http cache https://registry.npmjs.org/node-fetch 20ms (cache hit)
2647 silly packumentCache full:https://registry.npmjs.org/node-fetch set size:896010 disposed:false
2648 http fetch GET 200 https://registry.npmjs.org/safe-buffer 138ms (cache miss)
2649 silly packumentCache full:https://registry.npmjs.org/safe-buffer set size:undefined disposed:false
2650 http fetch GET 200 https://registry.npmjs.org/rimraf 138ms (cache miss)
2651 silly packumentCache full:https://registry.npmjs.org/rimraf set size:undefined disposed:false
2652 http fetch GET 200 https://registry.npmjs.org/jwa 132ms (cache miss)
2653 silly packumentCache full:https://registry.npmjs.org/jwa set size:undefined disposed:false
2654 http fetch GET 200 https://registry.npmjs.org/json-bigint 134ms (cache miss)
2655 silly packumentCache full:https://registry.npmjs.org/json-bigint set size:undefined disposed:false
2656 http fetch GET 200 https://registry.npmjs.org/safe-buffer 133ms (cache miss)
2657 silly packumentCache full:https://registry.npmjs.org/safe-buffer set size:undefined disposed:false
2658 http fetch GET 200 https://registry.npmjs.org/extend 721ms (cache miss)
2659 silly packumentCache full:https://registry.npmjs.org/extend set size:undefined disposed:false
2660 silly placeDep node_modules/clawdbot safe-buffer@5.2.1 OK for: ecdsa-sig-formatter@1.0.11 want: ^5.0.1
2661 silly placeDep node_modules/clawdbot extend@3.0.2 OK for: gaxios@7.1.3 want: ^3.0.2
2662 silly placeDep node_modules/clawdbot https-proxy-agent@7.0.6 OK for: gaxios@7.1.3 want: ^7.0.1
2663 silly placeDep node_modules/clawdbot node-fetch@3.3.2 OK for: gaxios@7.1.3 want: ^3.3.2
2664 silly placeDep node_modules/clawdbot rimraf@5.0.10 OK for: gaxios@7.1.3 want: ^5.0.1
2665 silly fetch manifest agent-base@^7.1.2
2666 silly packumentCache full:https://registry.npmjs.org/agent-base cache-miss
2667 silly fetch manifest data-uri-to-buffer@^4.0.0
2668 silly packumentCache full:https://registry.npmjs.org/data-uri-to-buffer cache-miss
2669 silly fetch manifest fetch-blob@^3.1.4
2670 silly packumentCache full:https://registry.npmjs.org/fetch-blob cache-miss
2671 silly fetch manifest formdata-polyfill@^4.0.10
2672 silly packumentCache full:https://registry.npmjs.org/formdata-polyfill cache-miss
2673 silly fetch manifest glob@^10.3.7
2674 silly packumentCache full:https://registry.npmjs.org/glob cache-miss
2675 http cache https://registry.npmjs.org/glob 17ms (cache hit)
2676 silly packumentCache full:https://registry.npmjs.org/glob set size:415427 disposed:false
2677 http fetch GET 200 https://registry.npmjs.org/data-uri-to-buffer 89ms (cache miss)
2678 silly packumentCache full:https://registry.npmjs.org/data-uri-to-buffer set size:undefined disposed:false
2679 http fetch GET 200 https://registry.npmjs.org/fetch-blob 90ms (cache miss)
2680 silly packumentCache full:https://registry.npmjs.org/fetch-blob set size:undefined disposed:false
2681 http fetch GET 200 https://registry.npmjs.org/agent-base 92ms (cache miss)
2682 silly packumentCache full:https://registry.npmjs.org/agent-base set size:undefined disposed:false
2683 http fetch GET 200 https://registry.npmjs.org/formdata-polyfill 92ms (cache miss)
2684 silly packumentCache full:https://registry.npmjs.org/formdata-polyfill set size:undefined disposed:false
2685 silly placeDep node_modules/clawdbot json-bigint@1.0.0 OK for: gcp-metadata@8.1.2 want: ^1.0.0
2686 silly fetch manifest bignumber.js@^9.0.0
2687 silly packumentCache full:https://registry.npmjs.org/bignumber.js cache-miss
2688 http fetch GET 200 https://registry.npmjs.org/bignumber.js 88ms (cache miss)
2689 silly packumentCache full:https://registry.npmjs.org/bignumber.js set size:undefined disposed:false
2690 silly fetch manifest encoding@^0.1.0
2691 silly packumentCache full:https://registry.npmjs.org/encoding cache-miss
2692 http fetch GET 200 https://registry.npmjs.org/encoding 88ms (cache miss)
2693 silly packumentCache full:https://registry.npmjs.org/encoding set size:undefined disposed:false
2694 silly placeDep node_modules/clawdbot @grammyjs/types@3.23.0 OK for: grammy@1.39.3 want: 3.23.0
2695 silly placeDep node_modules/clawdbot/node_modules/grammy node-fetch@2.7.0 OK for: grammy@1.39.3 want: ^2.7.0
2696 silly fetch manifest whatwg-url@^5.0.0
2697 silly packumentCache full:https://registry.npmjs.org/whatwg-url cache-miss
2698 http fetch GET 200 https://registry.npmjs.org/whatwg-url 99ms (cache miss)
2699 silly packumentCache full:https://registry.npmjs.org/whatwg-url set size:undefined disposed:false
2700 silly placeDep node_modules/clawdbot inherits@2.0.4 OK for: http-errors@2.0.1 want: ~2.0.4
2701 silly placeDep node_modules/clawdbot setprototypeof@1.2.0 OK for: http-errors@2.0.1 want: ~1.2.0
2702 silly placeDep node_modules/clawdbot toidentifier@1.0.1 OK for: http-errors@2.0.1 want: ~1.0.1
2703 silly placeDep node_modules/clawdbot agent-base@7.1.4 OK for: https-proxy-agent@7.0.6 want: ^7.1.2
2704 silly placeDep node_modules/clawdbot safer-buffer@2.1.2 OK for: iconv-lite@0.7.2 want: >= 2.1.2 < 3.0.0
2705 silly placeDep node_modules/clawdbot @isaacs/cliui@8.0.2 OK for: jackspeak@4.1.1 want: ^8.0.2
2706 silly fetch manifest string-width@^5.1.2
2707 silly packumentCache full:https://registry.npmjs.org/string-width cache-miss
2708 silly fetch manifest string-width-cjs@npm:string-width@^4.2.0
2709 silly packumentCache full:https://registry.npmjs.org/string-width cache-miss
2710 silly fetch manifest strip-ansi@^7.0.1
2711 silly packumentCache full:https://registry.npmjs.org/strip-ansi cache-miss
2712 silly fetch manifest strip-ansi-cjs@npm:strip-ansi@^6.0.1
2713 silly packumentCache full:https://registry.npmjs.org/strip-ansi cache-miss
2714 silly fetch manifest wrap-ansi@^8.1.0
2715 silly packumentCache full:https://registry.npmjs.org/wrap-ansi cache-miss
2716 silly fetch manifest wrap-ansi-cjs@npm:wrap-ansi@^7.0.0
2717 silly packumentCache full:https://registry.npmjs.org/wrap-ansi cache-miss
2718 http cache https://registry.npmjs.org/string-width 4ms (cache hit)
2719 silly packumentCache full:https://registry.npmjs.org/string-width set size:64158 disposed:false
2720 http cache https://registry.npmjs.org/string-width 5ms (cache hit)
2721 silly packumentCache full:https://registry.npmjs.org/string-width set size:64158 disposed:false
2722 silly packumentCache full:https://registry.npmjs.org/string-width dispose
2723 http cache https://registry.npmjs.org/strip-ansi 6ms (cache hit)
2724 silly packumentCache full:https://registry.npmjs.org/strip-ansi set size:41855 disposed:false
2725 http cache https://registry.npmjs.org/strip-ansi 11ms (cache hit)
2726 silly packumentCache full:https://registry.npmjs.org/strip-ansi set size:41855 disposed:false
2727 silly packumentCache full:https://registry.npmjs.org/strip-ansi dispose
2728 http fetch GET 200 https://registry.npmjs.org/wrap-ansi 97ms (cache miss)
2729 silly packumentCache full:https://registry.npmjs.org/wrap-ansi set size:undefined disposed:false
2730 http fetch GET 200 https://registry.npmjs.org/wrap-ansi 99ms (cache miss)
2731 silly packumentCache full:https://registry.npmjs.org/wrap-ansi set size:undefined disposed:false
2732 silly placeDep node_modules/clawdbot string-width@5.1.2 OK for: @isaacs/cliui@8.0.2 want: ^5.1.2
2733 silly placeDep node_modules/clawdbot string-width-cjs@4.2.3 OK for: @isaacs/cliui@8.0.2 want: npm:string-width@^4.2.0
2734 silly placeDep node_modules/clawdbot strip-ansi@7.1.2 OK for: @isaacs/cliui@8.0.2 want: ^7.0.1
2735 silly placeDep node_modules/clawdbot strip-ansi-cjs@6.0.1 OK for: @isaacs/cliui@8.0.2 want: npm:strip-ansi@^6.0.1
2736 silly placeDep node_modules/clawdbot wrap-ansi@8.1.0 OK for: @isaacs/cliui@8.0.2 want: ^8.1.0
2737 silly placeDep node_modules/clawdbot wrap-ansi-cjs@7.0.0 OK for: @isaacs/cliui@8.0.2 want: npm:wrap-ansi@^7.0.0
2738 silly fetch manifest emoji-regex@^9.2.2
2739 silly packumentCache full:https://registry.npmjs.org/emoji-regex cache-miss
2740 silly fetch manifest eastasianwidth@^0.2.0
2741 silly packumentCache full:https://registry.npmjs.org/eastasianwidth cache-miss
2742 silly fetch manifest strip-ansi@^6.0.1
2743 silly packumentCache full:https://registry.npmjs.org/strip-ansi cache-hit
2744 silly fetch manifest emoji-regex@^8.0.0
2745 silly packumentCache full:https://registry.npmjs.org/emoji-regex cache-miss
2746 silly fetch manifest is-fullwidth-code-point@^3.0.0
2747 silly packumentCache full:https://registry.npmjs.org/is-fullwidth-code-point cache-miss
2748 silly fetch manifest ansi-regex@^6.0.1
2749 silly packumentCache full:https://registry.npmjs.org/ansi-regex cache-miss
2750 silly fetch manifest ansi-regex@^5.0.1
2751 silly packumentCache full:https://registry.npmjs.org/ansi-regex cache-miss
2752 silly fetch manifest ansi-styles@^6.1.0
2753 silly packumentCache full:https://registry.npmjs.org/ansi-styles cache-miss
2754 http cache https://registry.npmjs.org/ansi-styles 5ms (cache hit)
2755 silly packumentCache full:https://registry.npmjs.org/ansi-styles set size:63233 disposed:false
2756 silly fetch manifest strip-ansi@^6.0.0
2757 silly packumentCache full:https://registry.npmjs.org/strip-ansi cache-hit
2758 silly fetch manifest ansi-styles@^4.0.0
2759 silly packumentCache full:https://registry.npmjs.org/ansi-styles cache-hit
2760 silly fetch manifest string-width@^4.1.0
2761 silly packumentCache full:https://registry.npmjs.org/string-width cache-hit
2762 http fetch GET 200 https://registry.npmjs.org/is-fullwidth-code-point 109ms (cache miss)
2763 silly packumentCache full:https://registry.npmjs.org/is-fullwidth-code-point set size:undefined disposed:false
2764 http fetch GET 200 https://registry.npmjs.org/emoji-regex 110ms (cache miss)
2765 silly packumentCache full:https://registry.npmjs.org/emoji-regex set size:undefined disposed:false
2766 http fetch GET 200 https://registry.npmjs.org/eastasianwidth 112ms (cache miss)
2767 silly packumentCache full:https://registry.npmjs.org/eastasianwidth set size:undefined disposed:false
2768 http fetch GET 200 https://registry.npmjs.org/ansi-regex 111ms (cache miss)
2769 silly packumentCache full:https://registry.npmjs.org/ansi-regex set size:undefined disposed:false
2770 http fetch GET 200 https://registry.npmjs.org/emoji-regex 113ms (cache miss)
2771 silly packumentCache full:https://registry.npmjs.org/emoji-regex set size:undefined disposed:false
2772 http fetch GET 200 https://registry.npmjs.org/ansi-regex 114ms (cache miss)
2773 silly packumentCache full:https://registry.npmjs.org/ansi-regex set size:undefined disposed:false
2774 silly placeDep node_modules/clawdbot bignumber.js@9.3.1 OK for: json-bigint@1.0.0 want: ^9.0.0
2775 silly placeDep node_modules/clawdbot @babel/runtime@7.28.6 OK for: json-schema-to-ts@3.1.1 want: ^7.18.3
2776 silly placeDep node_modules/clawdbot ts-algebra@2.0.0 OK for: json-schema-to-ts@3.1.1 want: ^2.0.0
2777 silly placeDep node_modules/clawdbot lodash.includes@4.3.0 OK for: jsonwebtoken@9.0.3 want: ^4.3.0
2778 silly placeDep node_modules/clawdbot lodash.isboolean@3.0.3 OK for: jsonwebtoken@9.0.3 want: ^3.0.3
2779 silly placeDep node_modules/clawdbot lodash.isinteger@4.0.4 OK for: jsonwebtoken@9.0.3 want: ^4.0.4
2780 silly placeDep node_modules/clawdbot lodash.isnumber@3.0.3 OK for: jsonwebtoken@9.0.3 want: ^3.0.3
2781 silly placeDep node_modules/clawdbot lodash.isplainobject@4.0.6 OK for: jsonwebtoken@9.0.3 want: ^4.0.6
2782 silly placeDep node_modules/clawdbot lodash.isstring@4.0.1 OK for: jsonwebtoken@9.0.3 want: ^4.0.1
2783 silly placeDep node_modules/clawdbot lodash.once@4.1.1 OK for: jsonwebtoken@9.0.3 want: ^4.0.0
2784 silly placeDep node_modules/clawdbot semver@7.7.3 OK for: jsonwebtoken@9.0.3 want: ^7.5.4
2785 silly placeDep node_modules/clawdbot lie@3.3.0 OK for: jszip@3.10.1 want: ~3.3.0
2786 silly placeDep node_modules/clawdbot pako@1.0.11 OK for: jszip@3.10.1 want: ~1.0.2
2787 silly placeDep node_modules/clawdbot readable-stream@2.3.8 OK for: jszip@3.10.1 want: ~2.3.6
2788 silly placeDep node_modules/clawdbot setimmediate@1.0.5 OK for: jszip@3.10.1 want: ^1.0.5
2789 silly fetch manifest immediate@~3.0.5
2790 silly packumentCache full:https://registry.npmjs.org/immediate cache-miss
2791 silly fetch manifest isarray@~1.0.0
2792 silly packumentCache full:https://registry.npmjs.org/isarray cache-miss
2793 silly fetch manifest safe-buffer@~5.1.1
2794 silly packumentCache full:https://registry.npmjs.org/safe-buffer cache-miss
2795 silly fetch manifest core-util-is@~1.0.0
2796 silly packumentCache full:https://registry.npmjs.org/core-util-is cache-miss
2797 silly fetch manifest string_decoder@~1.1.1
2798 silly packumentCache full:https://registry.npmjs.org/string_decoder cache-miss
2799 silly fetch manifest util-deprecate@~1.0.1
2800 silly packumentCache full:https://registry.npmjs.org/util-deprecate cache-miss
2801 silly fetch manifest process-nextick-args@~2.0.0
2802 silly packumentCache full:https://registry.npmjs.org/process-nextick-args cache-miss
2803 http cache https://registry.npmjs.org/safe-buffer 8ms (cache hit)
2804 silly packumentCache full:https://registry.npmjs.org/safe-buffer set size:41183 disposed:false
2805 http fetch GET 200 https://registry.npmjs.org/immediate 98ms (cache miss)
2806 silly packumentCache full:https://registry.npmjs.org/immediate set size:undefined disposed:false
2807 http fetch GET 200 https://registry.npmjs.org/util-deprecate 99ms (cache miss)
2808 silly packumentCache full:https://registry.npmjs.org/util-deprecate set size:undefined disposed:false
2809 http fetch GET 200 https://registry.npmjs.org/process-nextick-args 100ms (cache miss)
2810 silly packumentCache full:https://registry.npmjs.org/process-nextick-args set size:undefined disposed:false
2811 http fetch GET 200 https://registry.npmjs.org/core-util-is 101ms (cache miss)
2812 silly packumentCache full:https://registry.npmjs.org/core-util-is set size:undefined disposed:false
2813 http fetch GET 200 https://registry.npmjs.org/isarray 102ms (cache miss)
2814 silly packumentCache full:https://registry.npmjs.org/isarray set size:undefined disposed:false
2815 http fetch GET 200 https://registry.npmjs.org/string_decoder 478ms (cache miss)
2816 silly packumentCache full:https://registry.npmjs.org/string_decoder set size:undefined disposed:false
2817 silly placeDep node_modules/clawdbot jwa@2.0.1 OK for: jws@4.0.1 want: ^2.0.1
2818 silly fetch manifest buffer-equal-constant-time@^1.0.1
2819 silly packumentCache full:https://registry.npmjs.org/buffer-equal-constant-time cache-miss
2820 http fetch GET 200 https://registry.npmjs.org/buffer-equal-constant-time 81ms (cache miss)
2821 silly packumentCache full:https://registry.npmjs.org/buffer-equal-constant-time set size:undefined disposed:false
2822 silly placeDep node_modules/clawdbot buffer-equal-constant-time@1.0.1 OK for: jwa@2.0.1 want: ^1.0.1
2823 silly placeDep node_modules/clawdbot @keyv/serialize@1.1.1 OK for: keyv@5.6.0 want: ^1.1.1
2824 silly placeDep node_modules/clawdbot curve25519-js@0.0.4 OK for: @whiskeysockets/libsignal-node@2.0.1 want: ^0.0.4
2825 silly placeDep node_modules/clawdbot/node_modules/libsignal protobufjs@6.8.8 OK for: @whiskeysockets/libsignal-node@2.0.1 want: 6.8.8
2826 silly fetch manifest long@^4.0.0
2827 silly packumentCache full:https://registry.npmjs.org/long cache-miss
2828 silly fetch manifest @types/long@^4.0.0
2829 silly packumentCache full:https://registry.npmjs.org/@types%2flong cache-miss
2830 silly fetch manifest @types/node@^10.1.0
2831 silly packumentCache full:https://registry.npmjs.org/@types%2fnode cache-miss
2832 http cache https://registry.npmjs.org/long 3ms (cache hit)
2833 silly packumentCache full:https://registry.npmjs.org/long set size:80704 disposed:false
2834 http cache https://registry.npmjs.org/@types%2fnode 25ms (cache hit)
2835 silly packumentCache full:https://registry.npmjs.org/@types%2fnode set size:10801274 disposed:false
2836 http fetch GET 200 https://registry.npmjs.org/@types%2flong 119ms (cache miss)
2837 silly packumentCache full:https://registry.npmjs.org/@types%2flong set size:undefined disposed:false
2838 silly placeDep node_modules/clawdbot immediate@3.0.6 OK for: lie@3.3.0 want: ~3.0.5
2839 silly placeDep node_modules/clawdbot css-select@5.2.2 OK for: linkedom@0.18.12 want: ^5.1.0
2840 silly placeDep node_modules/clawdbot cssom@0.5.0 OK for: linkedom@0.18.12 want: ^0.5.0
2841 silly placeDep node_modules/clawdbot html-escaper@3.0.3 OK for: linkedom@0.18.12 want: ^3.0.3
2842 silly placeDep node_modules/clawdbot htmlparser2@10.1.0 OK for: linkedom@0.18.12 want: ^10.0.0
2843 silly placeDep node_modules/clawdbot uhyphen@0.2.0 OK for: linkedom@0.18.12 want: ^0.2.0
2844 silly fetch manifest boolbase@^1.0.0
2845 silly packumentCache full:https://registry.npmjs.org/boolbase cache-miss
2846 silly fetch manifest css-what@^6.1.0
2847 silly packumentCache full:https://registry.npmjs.org/css-what cache-miss
2848 silly fetch manifest domutils@^3.0.1
2849 silly packumentCache full:https://registry.npmjs.org/domutils cache-miss
2850 silly fetch manifest nth-check@^2.0.1
2851 silly packumentCache full:https://registry.npmjs.org/nth-check cache-miss
2852 silly fetch manifest domhandler@^5.0.2
2853 silly packumentCache full:https://registry.npmjs.org/domhandler cache-miss
2854 silly fetch manifest domelementtype@^2.3.0
2855 silly packumentCache full:https://registry.npmjs.org/domelementtype cache-miss
2856 silly fetch manifest domhandler@^5.0.3
2857 silly packumentCache full:https://registry.npmjs.org/domhandler cache-miss
2858 http fetch GET 200 https://registry.npmjs.org/boolbase 88ms (cache miss)
2859 silly packumentCache full:https://registry.npmjs.org/boolbase set size:undefined disposed:false
2860 silly fetch manifest domutils@^3.2.2
2861 silly packumentCache full:https://registry.npmjs.org/domutils cache-miss
2862 http fetch GET 200 https://registry.npmjs.org/domhandler 89ms (cache miss)
2863 silly packumentCache full:https://registry.npmjs.org/domhandler set size:undefined disposed:false
2864 silly fetch manifest entities@^7.0.1
2865 silly packumentCache full:https://registry.npmjs.org/entities cache-miss
2866 http cache https://registry.npmjs.org/entities 2ms (cache hit)
2867 silly packumentCache full:https://registry.npmjs.org/entities set size:99038 disposed:false
2868 http fetch GET 200 https://registry.npmjs.org/nth-check 97ms (cache miss)
2869 silly packumentCache full:https://registry.npmjs.org/nth-check set size:undefined disposed:false
2870 http fetch GET 200 https://registry.npmjs.org/domutils 98ms (cache miss)
2871 silly packumentCache full:https://registry.npmjs.org/domutils set size:undefined disposed:false
2872 http fetch GET 200 https://registry.npmjs.org/css-what 99ms (cache miss)
2873 silly packumentCache full:https://registry.npmjs.org/css-what set size:undefined disposed:false
2874 http fetch GET 200 https://registry.npmjs.org/domelementtype 101ms (cache miss)
2875 silly packumentCache full:https://registry.npmjs.org/domelementtype set size:undefined disposed:false
2876 http fetch GET 200 https://registry.npmjs.org/domhandler 101ms (cache miss)
2877 silly packumentCache full:https://registry.npmjs.org/domhandler set size:undefined disposed:false
2878 http fetch GET 200 https://registry.npmjs.org/domutils 83ms (cache miss)
2879 silly packumentCache full:https://registry.npmjs.org/domutils set size:undefined disposed:false
2880 silly placeDep node_modules/clawdbot boolbase@1.0.0 OK for: css-select@5.2.2 want: ^1.0.0
2881 silly placeDep node_modules/clawdbot css-what@6.2.2 OK for: css-select@5.2.2 want: ^6.1.0
2882 silly placeDep node_modules/clawdbot domhandler@5.0.3 OK for: css-select@5.2.2 want: ^5.0.2
2883 silly placeDep node_modules/clawdbot domutils@3.2.2 OK for: css-select@5.2.2 want: ^3.0.1
2884 silly placeDep node_modules/clawdbot nth-check@2.1.1 OK for: css-select@5.2.2 want: ^2.0.1
2885 silly fetch manifest dom-serializer@^2.0.0
2886 silly packumentCache full:https://registry.npmjs.org/dom-serializer cache-miss
2887 http fetch GET 200 https://registry.npmjs.org/dom-serializer 83ms (cache miss)
2888 silly packumentCache full:https://registry.npmjs.org/dom-serializer set size:undefined disposed:false
2889 silly placeDep node_modules/clawdbot domelementtype@2.3.0 OK for: domhandler@5.0.3 want: ^2.3.0
2890 silly placeDep node_modules/clawdbot dom-serializer@2.0.0 OK for: domutils@3.2.2 want: ^2.0.0
2891 silly fetch manifest entities@^4.2.0
2892 silly packumentCache full:https://registry.npmjs.org/entities cache-hit
2893 silly placeDep node_modules/clawdbot entities@4.5.0 OK for: dom-serializer@2.0.0 want: ^4.2.0
2894 silly placeDep node_modules/clawdbot/node_modules/htmlparser2 entities@7.0.1 OK for: htmlparser2@10.1.0 want: ^7.0.1
2895 silly placeDep node_modules/clawdbot argparse@2.0.1 OK for: markdown-it@14.1.0 want: ^2.0.1
2896 silly placeDep node_modules/clawdbot linkify-it@5.0.0 OK for: markdown-it@14.1.0 want: ^5.0.0
2897 silly placeDep node_modules/clawdbot mdurl@2.0.0 OK for: markdown-it@14.1.0 want: ^2.0.0
2898 silly placeDep node_modules/clawdbot punycode.js@2.3.1 OK for: markdown-it@14.1.0 want: ^2.3.1
2899 silly placeDep node_modules/clawdbot uc.micro@2.1.0 OK for: markdown-it@14.1.0 want: ^2.1.0
2900 silly fetch manifest uc.micro@^2.0.0
2901 silly packumentCache full:https://registry.npmjs.org/uc.micro cache-miss
2902 http cache https://registry.npmjs.org/uc.micro 3ms (cache hit)
2903 silly packumentCache full:https://registry.npmjs.org/uc.micro set size:16457 disposed:false
2904 silly placeDep node_modules/clawdbot mime-db@1.54.0 OK for: mime-types@3.0.2 want: ^1.54.0
2905 silly placeDep node_modules/clawdbot @isaacs/brace-expansion@5.0.0 OK for: minimatch@10.1.1 want: ^5.0.0
2906 silly fetch manifest @isaacs/balanced-match@^4.0.1
2907 silly packumentCache full:https://registry.npmjs.org/@isaacs%2fbalanced-match cache-miss
2908 http fetch GET 200 https://registry.npmjs.org/@isaacs%2fbalanced-match 84ms (cache miss)
2909 silly packumentCache full:https://registry.npmjs.org/@isaacs%2fbalanced-match set size:undefined disposed:false
2910 silly placeDep node_modules/clawdbot @isaacs/balanced-match@4.0.1 OK for: @isaacs/brace-expansion@5.0.0 want: ^4.0.1
2911 silly placeDep node_modules/clawdbot @borewit/text-codec@0.2.1 OK for: music-metadata@11.11.0 want: ^0.2.1
2912 silly placeDep node_modules/clawdbot @tokenizer/token@0.3.0 OK for: music-metadata@11.11.0 want: ^0.3.0
2913 silly placeDep node_modules/clawdbot media-typer@1.1.0 OK for: music-metadata@11.11.0 want: ^1.1.0
2914 silly placeDep node_modules/clawdbot win-guid@0.2.0 OK for: music-metadata@11.11.0 want: ^0.2.0
2915 silly placeDep node_modules/clawdbot any-promise@1.3.0 OK for: mz@2.7.0 want: ^1.0.0
2916 silly placeDep node_modules/clawdbot object-assign@4.1.1 OK for: mz@2.7.0 want: ^4.0.1
2917 silly placeDep node_modules/clawdbot thenify-all@1.6.0 OK for: mz@2.7.0 want: ^1.0.0
2918 silly fetch manifest thenify@>= 3.1.0 < 4
2919 silly packumentCache full:https://registry.npmjs.org/thenify cache-miss
2920 http fetch GET 200 https://registry.npmjs.org/thenify 80ms (cache miss)
2921 silly packumentCache full:https://registry.npmjs.org/thenify set size:undefined disposed:false
2922 silly placeDep node_modules/clawdbot/node_modules/node-edge-tts yargs@17.7.2 OK for: node-edge-tts@1.2.9 want: ^17.7.2
2923 silly fetch manifest cliui@^8.0.1
2924 silly packumentCache full:https://registry.npmjs.org/cliui cache-miss
2925 silly fetch manifest string-width@^4.2.3
2926 silly packumentCache full:https://registry.npmjs.org/string-width cache-hit
2927 silly fetch manifest yargs-parser@^21.1.1
2928 silly packumentCache full:https://registry.npmjs.org/yargs-parser cache-miss
2929 http cache https://registry.npmjs.org/yargs-parser 3ms (cache hit)
2930 silly packumentCache full:https://registry.npmjs.org/yargs-parser set size:238630 disposed:false
2931 http cache https://registry.npmjs.org/cliui 6ms (cache hit)
2932 silly packumentCache full:https://registry.npmjs.org/cliui set size:69089 disposed:false
2933 silly placeDep node_modules/clawdbot data-uri-to-buffer@4.0.1 OK for: node-fetch@3.3.2 want: ^4.0.0
2934 silly placeDep node_modules/clawdbot fetch-blob@3.2.0 OK for: node-fetch@3.3.2 want: ^3.1.4
2935 silly placeDep node_modules/clawdbot formdata-polyfill@4.0.10 OK for: node-fetch@3.3.2 want: ^4.0.10
2936 silly fetch manifest node-domexception@^1.0.0
2937 silly packumentCache full:https://registry.npmjs.org/node-domexception cache-miss
2938 silly fetch manifest web-streams-polyfill@^3.0.3
2939 silly packumentCache full:https://registry.npmjs.org/web-streams-polyfill cache-miss
2940 http fetch GET 200 https://registry.npmjs.org/web-streams-polyfill 117ms (cache miss)
2941 silly packumentCache full:https://registry.npmjs.org/web-streams-polyfill set size:undefined disposed:false
2942 http fetch GET 200 https://registry.npmjs.org/node-domexception 119ms (cache miss)
2943 silly packumentCache full:https://registry.npmjs.org/node-domexception set size:undefined disposed:false
2944 silly placeDep node_modules/clawdbot node-domexception@1.0.0 OK for: fetch-blob@3.2.0 want: ^1.0.0
2945 silly placeDep node_modules/clawdbot web-streams-polyfill@3.3.3 OK for: fetch-blob@3.2.0 want: ^3.0.3
2946 silly placeDep node_modules/clawdbot @huggingface/jinja@0.5.4 OK for: node-llama-cpp@3.15.0 want: ^0.5.3
2947 silly placeDep node_modules/clawdbot @node-llama-cpp/linux-arm64@3.15.0 OK for: node-llama-cpp@3.15.0 want: 3.15.0
2948 silly placeDep node_modules/clawdbot @node-llama-cpp/linux-armv7l@3.15.0 OK for: node-llama-cpp@3.15.0 want: 3.15.0
2949 silly placeDep node_modules/clawdbot @node-llama-cpp/linux-x64@3.15.0 OK for: node-llama-cpp@3.15.0 want: 3.15.0
2950 silly placeDep node_modules/clawdbot @node-llama-cpp/linux-x64-cuda@3.15.0 OK for: node-llama-cpp@3.15.0 want: 3.15.0
2951 silly placeDep node_modules/clawdbot @node-llama-cpp/linux-x64-cuda-ext@3.15.0 OK for: node-llama-cpp@3.15.0 want: 3.15.0
2952 silly placeDep node_modules/clawdbot @node-llama-cpp/linux-x64-vulkan@3.15.0 OK for: node-llama-cpp@3.15.0 want: 3.15.0
2953 silly placeDep node_modules/clawdbot @node-llama-cpp/mac-arm64-metal@3.15.0 OK for: node-llama-cpp@3.15.0 want: 3.15.0
2954 silly placeDep node_modules/clawdbot @node-llama-cpp/mac-x64@3.15.0 OK for: node-llama-cpp@3.15.0 want: 3.15.0
2955 silly placeDep node_modules/clawdbot @node-llama-cpp/win-arm64@3.15.0 OK for: node-llama-cpp@3.15.0 want: 3.15.0
2956 silly placeDep node_modules/clawdbot @node-llama-cpp/win-x64@3.15.0 OK for: node-llama-cpp@3.15.0 want: 3.15.0
2957 silly placeDep node_modules/clawdbot @node-llama-cpp/win-x64-cuda@3.15.0 OK for: node-llama-cpp@3.15.0 want: 3.15.0
2958 silly placeDep node_modules/clawdbot @node-llama-cpp/win-x64-cuda-ext@3.15.0 OK for: node-llama-cpp@3.15.0 want: 3.15.0
2959 silly placeDep node_modules/clawdbot @node-llama-cpp/win-x64-vulkan@3.15.0 OK for: node-llama-cpp@3.15.0 want: 3.15.0
2960 silly placeDep node_modules/clawdbot async-retry@1.3.3 OK for: node-llama-cpp@3.15.0 want: ^1.3.3
2961 silly placeDep node_modules/clawdbot chmodrp@1.0.2 OK for: node-llama-cpp@3.15.0 want: ^1.0.2
2962 silly placeDep node_modules/clawdbot cmake-js@7.4.0 OK for: node-llama-cpp@3.15.0 want: ^7.4.0
2963 silly placeDep node_modules/clawdbot env-var@7.5.0 OK for: node-llama-cpp@3.15.0 want: ^7.5.0
2964 silly placeDep node_modules/clawdbot filenamify@6.0.0 OK for: node-llama-cpp@3.15.0 want: ^6.0.0
2965 silly placeDep node_modules/clawdbot fs-extra@11.3.3 OK for: node-llama-cpp@3.15.0 want: ^11.3.0
2966 silly placeDep node_modules/clawdbot ignore@7.0.5 OK for: node-llama-cpp@3.15.0 want: ^7.0.4
2967 silly placeDep node_modules/clawdbot ipull@3.9.3 OK for: node-llama-cpp@3.15.0 want: ^3.9.2
2968 silly placeDep node_modules/clawdbot is-unicode-supported@2.1.0 OK for: node-llama-cpp@3.15.0 want: ^2.1.0
2969 silly placeDep node_modules/clawdbot lifecycle-utils@3.0.1 OK for: node-llama-cpp@3.15.0 want: ^3.0.1
2970 silly placeDep node_modules/clawdbot log-symbols@7.0.1 OK for: node-llama-cpp@3.15.0 want: ^7.0.0
2971 silly placeDep node_modules/clawdbot nanoid@5.1.6 OK for: node-llama-cpp@3.15.0 want: ^5.1.5
2972 silly placeDep node_modules/clawdbot node-addon-api@8.5.0 OK for: node-llama-cpp@3.15.0 want: ^8.3.1
2973 silly placeDep node_modules/clawdbot octokit@5.0.5 OK for: node-llama-cpp@3.15.0 want: ^5.0.3
2974 silly placeDep node_modules/clawdbot ora@8.2.0 OK for: node-llama-cpp@3.15.0 want: ^8.2.0
2975 silly placeDep node_modules/clawdbot pretty-ms@9.3.0 OK for: node-llama-cpp@3.15.0 want: ^9.2.0
2976 silly placeDep node_modules/clawdbot simple-git@3.30.0 OK for: node-llama-cpp@3.15.0 want: ^3.27.0
2977 silly placeDep node_modules/clawdbot slice-ansi@7.1.2 OK for: node-llama-cpp@3.15.0 want: ^7.1.0
2978 silly placeDep node_modules/clawdbot stdout-update@4.0.1 OK for: node-llama-cpp@3.15.0 want: ^4.0.1
2979 silly placeDep node_modules/clawdbot validate-npm-package-name@6.0.2 OK for: node-llama-cpp@3.15.0 want: ^6.0.0
2980 silly placeDep node_modules/clawdbot/node_modules/node-llama-cpp which@5.0.0 OK for: node-llama-cpp@3.15.0 want: ^5.0.0
2981 silly placeDep node_modules/clawdbot/node_modules/node-llama-cpp yargs@17.7.2 OK for: node-llama-cpp@3.15.0 want: ^17.7.2
2982 silly fetch manifest rc@^1.2.7
2983 silly packumentCache full:https://registry.npmjs.org/rc cache-miss
2984 silly fetch manifest tar@^6.2.0
2985 silly packumentCache full:https://registry.npmjs.org/tar cache-miss
2986 silly fetch manifest npmlog@^6.0.2
2987 silly packumentCache full:https://registry.npmjs.org/npmlog cache-miss
2988 silly fetch manifest fs-extra@^11.2.0
2989 silly packumentCache full:https://registry.npmjs.org/fs-extra cache-miss
2990 silly fetch manifest url-join@^4.0.1
2991 silly packumentCache full:https://registry.npmjs.org/url-join cache-miss
2992 silly fetch manifest memory-stream@^1.0.0
2993 silly packumentCache full:https://registry.npmjs.org/memory-stream cache-miss
2994 silly fetch manifest node-api-headers@^1.1.0
2995 silly packumentCache full:https://registry.npmjs.org/node-api-headers cache-miss
2996 http cache https://registry.npmjs.org/fs-extra 7ms (cache hit)
2997 silly packumentCache full:https://registry.npmjs.org/fs-extra set size:230266 disposed:false
2998 silly fetch manifest filename-reserved-regex@^3.0.0
2999 silly packumentCache full:https://registry.npmjs.org/filename-reserved-regex cache-miss
3000 http cache https://registry.npmjs.org/tar 11ms (cache hit)
3001 silly packumentCache full:https://registry.npmjs.org/tar set size:488717 disposed:false
3002 silly fetch manifest graceful-fs@^4.2.0
3003 silly packumentCache full:https://registry.npmjs.org/graceful-fs cache-miss
3004 http cache https://registry.npmjs.org/graceful-fs 3ms (cache hit)
3005 silly packumentCache full:https://registry.npmjs.org/graceful-fs set size:124285 disposed:false
3006 silly fetch manifest jsonfile@^6.0.1
3007 silly packumentCache full:https://registry.npmjs.org/jsonfile cache-miss
3008 http fetch GET 200 https://registry.npmjs.org/memory-stream 67ms (cache miss)
3009 silly packumentCache full:https://registry.npmjs.org/memory-stream set size:undefined disposed:false
3010 silly fetch manifest universalify@^2.0.0
3011 silly packumentCache full:https://registry.npmjs.org/universalify cache-miss
3012 http fetch GET 200 https://registry.npmjs.org/npmlog 71ms (cache miss)
3013 silly packumentCache full:https://registry.npmjs.org/npmlog set size:undefined disposed:false
3014 silly fetch manifest @tinyhttp/content-disposition@^2.2.0
3015 silly packumentCache full:https://registry.npmjs.org/@tinyhttp%2fcontent-disposition cache-miss
3016 http fetch GET 200 https://registry.npmjs.org/filename-reserved-regex 67ms (cache miss)
3017 silly packumentCache full:https://registry.npmjs.org/filename-reserved-regex set size:undefined disposed:false
3018 silly fetch manifest ci-info@^4.0.0
3019 silly packumentCache full:https://registry.npmjs.org/ci-info cache-miss
3020 http fetch GET 200 https://registry.npmjs.org/url-join 77ms (cache miss)
3021 silly packumentCache full:https://registry.npmjs.org/url-join set size:undefined disposed:false
3022 silly fetch manifest cli-spinners@^2.9.2
3023 silly packumentCache full:https://registry.npmjs.org/cli-spinners cache-miss
3024 http fetch GET 200 https://registry.npmjs.org/node-api-headers 78ms (cache miss)
3025 silly packumentCache full:https://registry.npmjs.org/node-api-headers set size:undefined disposed:false
3026 silly fetch manifest commander@^10.0.0
3027 silly packumentCache full:https://registry.npmjs.org/commander cache-miss
3028 http fetch GET 200 https://registry.npmjs.org/rc 83ms (cache miss)
3029 silly packumentCache full:https://registry.npmjs.org/rc set size:undefined disposed:false
3030 silly fetch manifest is-unicode-supported@^2.0.0
3031 silly packumentCache full:https://registry.npmjs.org/is-unicode-supported cache-miss
3032 http cache https://registry.npmjs.org/commander 3ms (cache hit)
3033 silly packumentCache full:https://registry.npmjs.org/commander set size:345426 disposed:false
3034 silly fetch manifest lifecycle-utils@^2.0.1
3035 silly packumentCache full:https://registry.npmjs.org/lifecycle-utils cache-miss
3036 http cache https://registry.npmjs.org/is-unicode-supported 6ms (cache hit)
3037 silly packumentCache full:https://registry.npmjs.org/is-unicode-supported set size:19461 disposed:false
3038 silly fetch manifest lodash.debounce@^4.0.8
3039 silly packumentCache full:https://registry.npmjs.org/lodash.debounce cache-miss
3040 http cache https://registry.npmjs.org/lifecycle-utils 3ms (cache hit)
3041 silly packumentCache full:https://registry.npmjs.org/lifecycle-utils set size:81241 disposed:false
3042 silly fetch manifest lowdb@^7.0.1
3043 silly packumentCache full:https://registry.npmjs.org/lowdb cache-miss
3044 http fetch GET 200 https://registry.npmjs.org/jsonfile 81ms (cache miss)
3045 silly packumentCache full:https://registry.npmjs.org/jsonfile set size:undefined disposed:false
3046 silly fetch manifest pretty-bytes@^6.1.0
3047 silly packumentCache full:https://registry.npmjs.org/pretty-bytes cache-miss
3048 http fetch GET 200 https://registry.npmjs.org/universalify 67ms (cache miss)
3049 silly packumentCache full:https://registry.npmjs.org/universalify set size:undefined disposed:false
3050 silly fetch manifest pretty-ms@^8.0.0
3051 silly packumentCache full:https://registry.npmjs.org/pretty-ms cache-miss
3052 http cache https://registry.npmjs.org/pretty-ms 1ms (cache hit)
3053 silly packumentCache full:https://registry.npmjs.org/pretty-ms set size:61783 disposed:false
3054 silly fetch manifest sleep-promise@^9.1.0
3055 silly packumentCache full:https://registry.npmjs.org/sleep-promise cache-miss
3056 http fetch GET 200 https://registry.npmjs.org/@tinyhttp%2fcontent-disposition 78ms (cache miss)
3057 silly packumentCache full:https://registry.npmjs.org/@tinyhttp%2fcontent-disposition set size:undefined disposed:false
3058 silly fetch manifest @reflink/reflink@^0.1.16
3059 silly packumentCache full:https://registry.npmjs.org/@reflink%2freflink cache-miss
3060 http fetch GET 200 https://registry.npmjs.org/cli-spinners 79ms (cache miss)
3061 silly packumentCache full:https://registry.npmjs.org/cli-spinners set size:undefined disposed:false
3062 silly fetch manifest @octokit/app@^16.1.2
3063 silly packumentCache full:https://registry.npmjs.org/@octokit%2fapp cache-miss
3064 http fetch GET 200 https://registry.npmjs.org/lodash.debounce 74ms (cache miss)
3065 silly packumentCache full:https://registry.npmjs.org/lodash.debounce set size:undefined disposed:false
3066 silly fetch manifest @octokit/core@^7.0.6
3067 silly packumentCache full:https://registry.npmjs.org/@octokit%2fcore cache-miss
3068 http fetch GET 200 https://registry.npmjs.org/ci-info 96ms (cache miss)
3069 silly packumentCache full:https://registry.npmjs.org/ci-info set size:undefined disposed:false
3070 silly fetch manifest @octokit/oauth-app@^8.0.3
3071 silly packumentCache full:https://registry.npmjs.org/@octokit%2foauth-app cache-miss
3072 http fetch GET 200 https://registry.npmjs.org/pretty-bytes 79ms (cache miss)
3073 silly packumentCache full:https://registry.npmjs.org/pretty-bytes set size:undefined disposed:false
3074 silly fetch manifest @octokit/plugin-paginate-graphql@^6.0.0
3075 silly packumentCache full:https://registry.npmjs.org/@octokit%2fplugin-paginate-graphql cache-miss
3076 http fetch GET 200 https://registry.npmjs.org/lowdb 93ms (cache miss)
3077 silly packumentCache full:https://registry.npmjs.org/lowdb set size:undefined disposed:false
3078 silly fetch manifest @octokit/plugin-paginate-rest@^14.0.0
3079 silly packumentCache full:https://registry.npmjs.org/@octokit%2fplugin-paginate-rest cache-miss
3080 http fetch GET 200 https://registry.npmjs.org/sleep-promise 88ms (cache miss)
3081 silly packumentCache full:https://registry.npmjs.org/sleep-promise set size:undefined disposed:false
3082 silly fetch manifest @octokit/plugin-rest-endpoint-methods@^17.0.0
3083 silly packumentCache full:https://registry.npmjs.org/@octokit%2fplugin-rest-endpoint-methods cache-miss
3084 http fetch GET 200 https://registry.npmjs.org/@reflink%2freflink 90ms (cache miss)
3085 silly packumentCache full:https://registry.npmjs.org/@reflink%2freflink set size:undefined disposed:false
3086 silly fetch manifest @octokit/plugin-retry@^8.0.3
3087 silly packumentCache full:https://registry.npmjs.org/@octokit%2fplugin-retry cache-miss
3088 http fetch GET 200 https://registry.npmjs.org/@octokit%2fcore 94ms (cache miss)
3089 silly packumentCache full:https://registry.npmjs.org/@octokit%2fcore set size:undefined disposed:false
3090 silly fetch manifest @octokit/plugin-throttling@^11.0.3
3091 silly packumentCache full:https://registry.npmjs.org/@octokit%2fplugin-throttling cache-miss
3092 http fetch GET 200 https://registry.npmjs.org/@octokit%2fapp 106ms (cache miss)
3093 silly packumentCache full:https://registry.npmjs.org/@octokit%2fapp set size:undefined disposed:false
3094 silly fetch manifest @octokit/request-error@^7.0.2
3095 silly packumentCache full:https://registry.npmjs.org/@octokit%2frequest-error cache-miss
3096 http fetch GET 200 https://registry.npmjs.org/@octokit%2fplugin-paginate-graphql 216ms (cache miss)
3097 silly packumentCache full:https://registry.npmjs.org/@octokit%2fplugin-paginate-graphql set size:undefined disposed:false
3098 silly fetch manifest @octokit/types@^16.0.0
3099 silly packumentCache full:https://registry.npmjs.org/@octokit%2ftypes cache-miss
3100 http fetch GET 200 https://registry.npmjs.org/@octokit%2fplugin-paginate-rest 215ms (cache miss)
3101 silly packumentCache full:https://registry.npmjs.org/@octokit%2fplugin-paginate-rest set size:undefined disposed:false
3102 silly fetch manifest @octokit/webhooks@^14.0.0
3103 silly packumentCache full:https://registry.npmjs.org/@octokit%2fwebhooks cache-miss
3104 http fetch GET 200 https://registry.npmjs.org/@octokit%2fplugin-retry 161ms (cache miss)
3105 silly packumentCache full:https://registry.npmjs.org/@octokit%2fplugin-retry set size:undefined disposed:false
3106 silly fetch manifest cli-cursor@^5.0.0
3107 silly packumentCache full:https://registry.npmjs.org/cli-cursor cache-miss
3108 http fetch GET 200 https://registry.npmjs.org/@octokit%2frequest-error 138ms (cache miss)
3109 silly packumentCache full:https://registry.npmjs.org/@octokit%2frequest-error set size:undefined disposed:false
3110 silly fetch manifest log-symbols@^6.0.0
3111 silly packumentCache full:https://registry.npmjs.org/log-symbols cache-miss
3112 http fetch GET 200 https://registry.npmjs.org/@octokit%2fplugin-throttling 148ms (cache miss)
3113 silly packumentCache full:https://registry.npmjs.org/@octokit%2fplugin-throttling set size:undefined disposed:false
3114 silly fetch manifest string-width@^7.2.0
3115 silly packumentCache full:https://registry.npmjs.org/string-width cache-hit
3116 silly fetch manifest is-interactive@^2.0.0
3117 silly packumentCache full:https://registry.npmjs.org/is-interactive cache-miss
3118 http fetch GET 200 https://registry.npmjs.org/@octokit%2foauth-app 236ms (cache miss)
3119 silly packumentCache full:https://registry.npmjs.org/@octokit%2foauth-app set size:undefined disposed:false
3120 silly fetch manifest stdin-discarder@^0.2.2
3121 silly packumentCache full:https://registry.npmjs.org/stdin-discarder cache-miss
3122 http cache https://registry.npmjs.org/log-symbols 13ms (cache hit)
3123 silly packumentCache full:https://registry.npmjs.org/log-symbols set size:31977 disposed:false
3124 silly fetch manifest parse-ms@^4.0.0
3125 silly packumentCache full:https://registry.npmjs.org/parse-ms cache-miss
3126 http fetch GET 200 https://registry.npmjs.org/is-interactive 65ms (cache miss)
3127 silly packumentCache full:https://registry.npmjs.org/is-interactive set size:undefined disposed:false
3128 silly fetch manifest @kwsites/file-exists@^1.1.1
3129 silly packumentCache full:https://registry.npmjs.org/@kwsites%2ffile-exists cache-miss
3130 http fetch GET 200 https://registry.npmjs.org/cli-cursor 73ms (cache miss)
3131 silly packumentCache full:https://registry.npmjs.org/cli-cursor set size:undefined disposed:false
3132 silly fetch manifest @kwsites/promise-deferred@^1.1.1
3133 silly packumentCache full:https://registry.npmjs.org/@kwsites%2fpromise-deferred cache-miss
3134 http fetch GET 200 https://registry.npmjs.org/stdin-discarder 98ms (cache miss)
3135 silly packumentCache full:https://registry.npmjs.org/stdin-discarder set size:undefined disposed:false
3136 silly fetch manifest ansi-styles@^6.2.1
3137 silly packumentCache full:https://registry.npmjs.org/ansi-styles cache-hit
3138 silly fetch manifest is-fullwidth-code-point@^5.0.0
3139 silly packumentCache full:https://registry.npmjs.org/is-fullwidth-code-point cache-miss
3140 http cache https://registry.npmjs.org/is-fullwidth-code-point 2ms (cache hit)
3141 silly packumentCache full:https://registry.npmjs.org/is-fullwidth-code-point set size:14578 disposed:false
3142 silly fetch manifest ansi-escapes@^6.2.0
3143 silly packumentCache full:https://registry.npmjs.org/ansi-escapes cache-miss
3144 http fetch GET 200 https://registry.npmjs.org/@octokit%2fwebhooks 124ms (cache miss)
3145 silly packumentCache full:https://registry.npmjs.org/@octokit%2fwebhooks set size:undefined disposed:false
3146 silly fetch manifest string-width@^7.1.0
3147 silly packumentCache full:https://registry.npmjs.org/string-width cache-hit
3148 silly fetch manifest isexe@^3.1.1
3149 silly packumentCache full:https://registry.npmjs.org/isexe cache-miss
3150 http fetch GET 200 https://registry.npmjs.org/parse-ms 114ms (cache miss)
3151 silly packumentCache full:https://registry.npmjs.org/parse-ms set size:undefined disposed:false
3152 http cache https://registry.npmjs.org/isexe 3ms (cache hit)
3153 silly packumentCache full:https://registry.npmjs.org/isexe set size:19340 disposed:false
3154 http fetch GET 200 https://registry.npmjs.org/@kwsites%2fpromise-deferred 77ms (cache miss)
3155 silly packumentCache full:https://registry.npmjs.org/@kwsites%2fpromise-deferred set size:undefined disposed:false
3156 http fetch GET 200 https://registry.npmjs.org/@octokit%2ftypes 157ms (cache miss)
3157 silly packumentCache full:https://registry.npmjs.org/@octokit%2ftypes set size:undefined disposed:false
3158 http fetch GET 200 https://registry.npmjs.org/@kwsites%2ffile-exists 84ms (cache miss)
3159 silly packumentCache full:https://registry.npmjs.org/@kwsites%2ffile-exists set size:undefined disposed:false
3160 http fetch GET 200 https://registry.npmjs.org/ansi-escapes 99ms (cache miss)
3161 silly packumentCache full:https://registry.npmjs.org/ansi-escapes set size:undefined disposed:false
3162 http fetch GET 200 https://registry.npmjs.org/@octokit%2fplugin-rest-endpoint-methods 1519ms (cache miss)
3163 silly packumentCache full:https://registry.npmjs.org/@octokit%2fplugin-rest-endpoint-methods set size:undefined disposed:false
3164 silly placeDep node_modules/clawdbot memory-stream@1.0.0 OK for: cmake-js@7.4.0 want: ^1.0.0
3165 silly placeDep node_modules/clawdbot node-api-headers@1.8.0 OK for: cmake-js@7.4.0 want: ^1.1.0
3166 silly placeDep node_modules/clawdbot npmlog@6.0.2 OK for: cmake-js@7.4.0 want: ^6.0.2
3167 silly placeDep node_modules/clawdbot rc@1.2.8 OK for: cmake-js@7.4.0 want: ^1.2.7
3168 silly placeDep node_modules/clawdbot/node_modules/cmake-js tar@6.2.1 OK for: cmake-js@7.4.0 want: ^6.2.0
3169 silly placeDep node_modules/clawdbot url-join@4.0.1 OK for: cmake-js@7.4.0 want: ^4.0.1
3170 silly placeDep node_modules/clawdbot/node_modules/cmake-js yargs@17.7.2 OK for: cmake-js@7.4.0 want: ^17.7.2
3171 silly fetch manifest readable-stream@^3.4.0
3172 silly packumentCache full:https://registry.npmjs.org/readable-stream cache-miss
3173 silly fetch manifest gauge@^4.0.3
3174 silly packumentCache full:https://registry.npmjs.org/gauge cache-miss
3175 silly fetch manifest set-blocking@^2.0.0
3176 silly packumentCache full:https://registry.npmjs.org/set-blocking cache-miss
3177 silly fetch manifest are-we-there-yet@^3.0.0
3178 silly packumentCache full:https://registry.npmjs.org/are-we-there-yet cache-miss
3179 silly fetch manifest console-control-strings@^1.1.0
3180 silly packumentCache full:https://registry.npmjs.org/console-control-strings cache-miss
3181 silly fetch manifest ini@~1.3.0
3182 silly packumentCache full:https://registry.npmjs.org/ini cache-miss
3183 silly fetch manifest minimist@^1.2.0
3184 silly packumentCache full:https://registry.npmjs.org/minimist cache-miss
3185 http cache https://registry.npmjs.org/readable-stream 7ms (cache hit)
3186 silly packumentCache full:https://registry.npmjs.org/readable-stream set size:261096 disposed:false
3187 silly fetch manifest deep-extend@^0.6.0
3188 silly packumentCache full:https://registry.npmjs.org/deep-extend cache-miss
3189 http fetch GET 200 https://registry.npmjs.org/set-blocking 88ms (cache miss)
3190 silly packumentCache full:https://registry.npmjs.org/set-blocking set size:undefined disposed:false
3191 silly fetch manifest strip-json-comments@~2.0.1
3192 silly packumentCache full:https://registry.npmjs.org/strip-json-comments cache-miss
3193 http fetch GET 200 https://registry.npmjs.org/are-we-there-yet 89ms (cache miss)
3194 silly packumentCache full:https://registry.npmjs.org/are-we-there-yet set size:undefined disposed:false
3195 silly fetch manifest chownr@^2.0.0
3196 silly packumentCache full:https://registry.npmjs.org/chownr cache-miss
3197 http fetch GET 200 https://registry.npmjs.org/gauge 90ms (cache miss)
3198 silly packumentCache full:https://registry.npmjs.org/gauge set size:undefined disposed:false
3199 silly fetch manifest mkdirp@^1.0.3
3200 silly packumentCache full:https://registry.npmjs.org/mkdirp cache-miss
3201 http fetch GET 200 https://registry.npmjs.org/deep-extend 81ms (cache miss)
3202 silly packumentCache full:https://registry.npmjs.org/deep-extend set size:undefined disposed:false
3203 silly fetch manifest yallist@^4.0.0
3204 silly packumentCache full:https://registry.npmjs.org/yallist cache-miss
3205 http fetch GET 200 https://registry.npmjs.org/console-control-strings 94ms (cache miss)
3206 silly packumentCache full:https://registry.npmjs.org/console-control-strings set size:undefined disposed:false
3207 silly fetch manifest minipass@^5.0.0
3208 silly packumentCache full:https://registry.npmjs.org/minipass cache-miss
3209 http fetch GET 200 https://registry.npmjs.org/minimist 96ms (cache miss)
3210 silly packumentCache full:https://registry.npmjs.org/minimist set size:undefined disposed:false
3211 silly fetch manifest minizlib@^2.1.1
3212 silly packumentCache full:https://registry.npmjs.org/minizlib cache-miss
3213 http cache https://registry.npmjs.org/chownr 10ms (cache hit)
3214 silly packumentCache full:https://registry.npmjs.org/chownr set size:22157 disposed:false
3215 silly fetch manifest fs-minipass@^2.0.0
3216 silly packumentCache full:https://registry.npmjs.org/fs-minipass cache-miss
3217 http fetch GET 200 https://registry.npmjs.org/ini 102ms (cache miss)
3218 silly packumentCache full:https://registry.npmjs.org/ini set size:undefined disposed:false
3219 http cache https://registry.npmjs.org/yallist 14ms (cache hit)
3220 silly packumentCache full:https://registry.npmjs.org/yallist set size:34610 disposed:false
3221 http cache https://registry.npmjs.org/minipass 12ms (cache hit)
3222 silly packumentCache full:https://registry.npmjs.org/minipass set size:490195 disposed:false
3223 http cache https://registry.npmjs.org/minizlib 11ms (cache hit)
3224 silly packumentCache full:https://registry.npmjs.org/minizlib set size:62862 disposed:false
3225 http fetch GET 200 https://registry.npmjs.org/strip-json-comments 79ms (cache miss)
3226 silly packumentCache full:https://registry.npmjs.org/strip-json-comments set size:undefined disposed:false
3227 http fetch GET 200 https://registry.npmjs.org/fs-minipass 69ms (cache miss)
3228 silly packumentCache full:https://registry.npmjs.org/fs-minipass set size:undefined disposed:false
3229 http fetch GET 200 https://registry.npmjs.org/mkdirp 87ms (cache miss)
3230 silly packumentCache full:https://registry.npmjs.org/mkdirp set size:undefined disposed:false
3231 silly placeDep node_modules/clawdbot filename-reserved-regex@3.0.0 OK for: filenamify@6.0.0 want: ^3.0.0
3232 silly placeDep node_modules/clawdbot graceful-fs@4.2.11 OK for: fs-extra@11.3.3 want: ^4.2.0
3233 silly placeDep node_modules/clawdbot jsonfile@6.2.0 OK for: fs-extra@11.3.3 want: ^6.0.1
3234 silly placeDep node_modules/clawdbot universalify@2.0.1 OK for: fs-extra@11.3.3 want: ^2.0.0
3235 silly placeDep node_modules/clawdbot @reflink/reflink@0.1.19 OK for: ipull@3.9.3 want: ^0.1.16
3236 silly placeDep node_modules/clawdbot @tinyhttp/content-disposition@2.2.3 OK for: ipull@3.9.3 want: ^2.2.0
3237 silly placeDep node_modules/clawdbot ci-info@4.3.1 OK for: ipull@3.9.3 want: ^4.0.0
3238 silly placeDep node_modules/clawdbot cli-spinners@2.9.2 OK for: ipull@3.9.3 want: ^2.9.2
3239 silly placeDep node_modules/clawdbot/node_modules/ipull commander@10.0.1 OK for: ipull@3.9.3 want: ^10.0.0
3240 silly placeDep node_modules/clawdbot/node_modules/ipull lifecycle-utils@2.1.0 OK for: ipull@3.9.3 want: ^2.0.1
3241 silly placeDep node_modules/clawdbot lodash.debounce@4.0.8 OK for: ipull@3.9.3 want: ^4.0.8
3242 silly placeDep node_modules/clawdbot lowdb@7.0.1 OK for: ipull@3.9.3 want: ^7.0.1
3243 silly placeDep node_modules/clawdbot pretty-bytes@6.1.1 OK for: ipull@3.9.3 want: ^6.1.0
3244 silly placeDep node_modules/clawdbot/node_modules/ipull pretty-ms@8.0.0 OK for: ipull@3.9.3 want: ^8.0.0
3245 silly placeDep node_modules/clawdbot sleep-promise@9.1.0 OK for: ipull@3.9.3 want: ^9.1.0
3246 silly fetch manifest @reflink/reflink-win32-x64-msvc@0.1.19
3247 silly packumentCache full:https://registry.npmjs.org/@reflink%2freflink-win32-x64-msvc cache-miss
3248 silly fetch manifest @reflink/reflink-darwin-x64@0.1.19
3249 silly packumentCache full:https://registry.npmjs.org/@reflink%2freflink-darwin-x64 cache-miss
3250 silly fetch manifest @reflink/reflink-linux-x64-gnu@0.1.19
3251 silly packumentCache full:https://registry.npmjs.org/@reflink%2freflink-linux-x64-gnu cache-miss
3252 silly fetch manifest @reflink/reflink-darwin-arm64@0.1.19
3253 silly packumentCache full:https://registry.npmjs.org/@reflink%2freflink-darwin-arm64 cache-miss
3254 silly fetch manifest @reflink/reflink-linux-arm64-gnu@0.1.19
3255 silly packumentCache full:https://registry.npmjs.org/@reflink%2freflink-linux-arm64-gnu cache-miss
3256 silly fetch manifest @reflink/reflink-linux-arm64-musl@0.1.19
3257 silly packumentCache full:https://registry.npmjs.org/@reflink%2freflink-linux-arm64-musl cache-miss
3258 silly fetch manifest @reflink/reflink-win32-arm64-msvc@0.1.19
3259 silly packumentCache full:https://registry.npmjs.org/@reflink%2freflink-win32-arm64-msvc cache-miss
3260 http fetch GET 200 https://registry.npmjs.org/@reflink%2freflink-darwin-x64 112ms (cache miss)
3261 silly packumentCache full:https://registry.npmjs.org/@reflink%2freflink-darwin-x64 set size:undefined disposed:false
3262 silly fetch manifest @reflink/reflink-linux-x64-musl@0.1.19
3263 silly packumentCache full:https://registry.npmjs.org/@reflink%2freflink-linux-x64-musl cache-miss
3264 http fetch GET 200 https://registry.npmjs.org/@reflink%2freflink-win32-x64-msvc 113ms (cache miss)
3265 silly packumentCache full:https://registry.npmjs.org/@reflink%2freflink-win32-x64-msvc set size:undefined disposed:false
3266 silly fetch manifest steno@^4.0.2
3267 silly packumentCache full:https://registry.npmjs.org/steno cache-miss
3268 http fetch GET 200 https://registry.npmjs.org/@reflink%2freflink-linux-arm64-musl 116ms (cache miss)
3269 silly packumentCache full:https://registry.npmjs.org/@reflink%2freflink-linux-arm64-musl set size:undefined disposed:false
3270 silly fetch manifest parse-ms@^3.0.0
3271 silly packumentCache full:https://registry.npmjs.org/parse-ms cache-miss
3272 http fetch GET 200 https://registry.npmjs.org/@reflink%2freflink-linux-arm64-gnu 119ms (cache miss)
3273 silly packumentCache full:https://registry.npmjs.org/@reflink%2freflink-linux-arm64-gnu set size:undefined disposed:false
3274 http fetch GET 200 https://registry.npmjs.org/@reflink%2freflink-linux-x64-gnu 121ms (cache miss)
3275 silly packumentCache full:https://registry.npmjs.org/@reflink%2freflink-linux-x64-gnu set size:undefined disposed:false
3276 http fetch GET 200 https://registry.npmjs.org/@reflink%2freflink-win32-arm64-msvc 122ms (cache miss)
3277 silly packumentCache full:https://registry.npmjs.org/@reflink%2freflink-win32-arm64-msvc set size:undefined disposed:false
3278 http cache https://registry.npmjs.org/parse-ms 11ms (cache hit)
3279 silly packumentCache full:https://registry.npmjs.org/parse-ms set size:18020 disposed:false
3280 http fetch GET 200 https://registry.npmjs.org/steno 89ms (cache miss)
3281 silly packumentCache full:https://registry.npmjs.org/steno set size:undefined disposed:false
3282 http fetch GET 200 https://registry.npmjs.org/@reflink%2freflink-linux-x64-musl 93ms (cache miss)
3283 silly packumentCache full:https://registry.npmjs.org/@reflink%2freflink-linux-x64-musl set size:undefined disposed:false
3284 http fetch GET 200 https://registry.npmjs.org/@reflink%2freflink-darwin-arm64 5420ms (cache miss)
3285 silly packumentCache full:https://registry.npmjs.org/@reflink%2freflink-darwin-arm64 set size:31586 disposed:false
3286 silly placeDep node_modules/clawdbot @reflink/reflink-darwin-arm64@0.1.19 OK for: @reflink/reflink@0.1.19 want: 0.1.19
3287 silly placeDep node_modules/clawdbot @reflink/reflink-darwin-x64@0.1.19 OK for: @reflink/reflink@0.1.19 want: 0.1.19
3288 silly placeDep node_modules/clawdbot @reflink/reflink-linux-arm64-gnu@0.1.19 OK for: @reflink/reflink@0.1.19 want: 0.1.19
3289 silly placeDep node_modules/clawdbot @reflink/reflink-linux-arm64-musl@0.1.19 OK for: @reflink/reflink@0.1.19 want: 0.1.19
3290 silly placeDep node_modules/clawdbot @reflink/reflink-linux-x64-gnu@0.1.19 OK for: @reflink/reflink@0.1.19 want: 0.1.19
3291 silly placeDep node_modules/clawdbot @reflink/reflink-linux-x64-musl@0.1.19 OK for: @reflink/reflink@0.1.19 want: 0.1.19
3292 silly placeDep node_modules/clawdbot @reflink/reflink-win32-arm64-msvc@0.1.19 OK for: @reflink/reflink@0.1.19 want: 0.1.19
3293 silly placeDep node_modules/clawdbot @reflink/reflink-win32-x64-msvc@0.1.19 OK for: @reflink/reflink@0.1.19 want: 0.1.19
3294 silly placeDep node_modules/clawdbot steno@4.0.2 OK for: lowdb@7.0.1 want: ^4.0.2
3295 silly placeDep node_modules/clawdbot/node_modules/memory-stream readable-stream@3.6.2 OK for: memory-stream@1.0.0 want: ^3.4.0
3296 silly fetch manifest string_decoder@^1.1.1
3297 silly packumentCache full:https://registry.npmjs.org/string_decoder cache-miss
3298 silly fetch manifest util-deprecate@^1.0.1
3299 silly packumentCache full:https://registry.npmjs.org/util-deprecate cache-miss
3300 http cache https://registry.npmjs.org/util-deprecate 2ms (cache hit)
3301 silly packumentCache full:https://registry.npmjs.org/util-deprecate set size:6674 disposed:false
3302 http cache https://registry.npmjs.org/string_decoder 3ms (cache hit)
3303 silly packumentCache full:https://registry.npmjs.org/string_decoder set size:28441 disposed:false
3304 silly placeDep node_modules/clawdbot are-we-there-yet@3.0.1 OK for: npmlog@6.0.2 want: ^3.0.0
3305 silly placeDep node_modules/clawdbot console-control-strings@1.1.0 OK for: npmlog@6.0.2 want: ^1.1.0
3306 silly placeDep node_modules/clawdbot gauge@4.0.4 OK for: npmlog@6.0.2 want: ^4.0.3
3307 silly placeDep node_modules/clawdbot set-blocking@2.0.0 OK for: npmlog@6.0.2 want: ^2.0.0
3308 silly fetch manifest delegates@^1.0.0
3309 silly packumentCache full:https://registry.npmjs.org/delegates cache-miss
3310 silly fetch manifest readable-stream@^3.6.0
3311 silly packumentCache full:https://registry.npmjs.org/readable-stream cache-hit
3312 silly fetch manifest aproba@^1.0.3 || ^2.0.0
3313 silly packumentCache full:https://registry.npmjs.org/aproba cache-miss
3314 silly fetch manifest wide-align@^1.1.5
3315 silly packumentCache full:https://registry.npmjs.org/wide-align cache-miss
3316 silly fetch manifest has-unicode@^2.0.1
3317 silly packumentCache full:https://registry.npmjs.org/has-unicode cache-miss
3318 silly fetch manifest signal-exit@^3.0.7
3319 silly packumentCache full:https://registry.npmjs.org/signal-exit cache-hit
3320 silly fetch manifest color-support@^1.1.3
3321 silly packumentCache full:https://registry.npmjs.org/color-support cache-miss
3322 http fetch GET 200 https://registry.npmjs.org/color-support 111ms (cache miss)
3323 silly packumentCache full:https://registry.npmjs.org/color-support set size:undefined disposed:false
3324 http fetch GET 200 https://registry.npmjs.org/wide-align 113ms (cache miss)
3325 silly packumentCache full:https://registry.npmjs.org/wide-align set size:undefined disposed:false
3326 http fetch GET 200 https://registry.npmjs.org/delegates 113ms (cache miss)
3327 silly packumentCache full:https://registry.npmjs.org/delegates set size:undefined disposed:false
3328 http fetch GET 200 https://registry.npmjs.org/has-unicode 113ms (cache miss)
3329 silly packumentCache full:https://registry.npmjs.org/has-unicode set size:undefined disposed:false
3330 http fetch GET 200 https://registry.npmjs.org/aproba 114ms (cache miss)
3331 silly packumentCache full:https://registry.npmjs.org/aproba set size:undefined disposed:false
3332 silly placeDep node_modules/clawdbot delegates@1.0.0 OK for: are-we-there-yet@3.0.1 want: ^1.0.0
3333 silly placeDep node_modules/clawdbot/node_modules/are-we-there-yet readable-stream@3.6.2 OK for: are-we-there-yet@3.0.1 want: ^3.6.0
3334 silly placeDep node_modules/clawdbot aproba@2.1.0 OK for: gauge@4.0.4 want: ^1.0.3 || ^2.0.0
3335 silly placeDep node_modules/clawdbot color-support@1.1.3 OK for: gauge@4.0.4 want: ^1.1.3
3336 silly placeDep node_modules/clawdbot has-unicode@2.0.1 OK for: gauge@4.0.4 want: ^2.0.1
3337 silly placeDep node_modules/clawdbot/node_modules/gauge signal-exit@3.0.7 OK for: gauge@4.0.4 want: ^3.0.7
3338 silly placeDep node_modules/clawdbot/node_modules/gauge string-width@4.2.3 OK for: gauge@4.0.4 want: ^4.2.3
3339 silly placeDep node_modules/clawdbot/node_modules/gauge strip-ansi@6.0.1 OK for: gauge@4.0.4 want: ^6.0.1
3340 silly placeDep node_modules/clawdbot wide-align@1.1.5 OK for: gauge@4.0.4 want: ^1.1.5
3341 silly fetch manifest string-width@^1.0.2 || 2 || 3 || 4
3342 silly packumentCache full:https://registry.npmjs.org/string-width cache-hit
3343 silly placeDep node_modules/clawdbot @octokit/app@16.1.2 OK for: octokit@5.0.5 want: ^16.1.2
3344 silly placeDep node_modules/clawdbot @octokit/core@7.0.6 OK for: octokit@5.0.5 want: ^7.0.6
3345 silly placeDep node_modules/clawdbot @octokit/oauth-app@8.0.3 OK for: octokit@5.0.5 want: ^8.0.3
3346 silly placeDep node_modules/clawdbot @octokit/plugin-paginate-graphql@6.0.0 OK for: octokit@5.0.5 want: ^6.0.0
3347 silly placeDep node_modules/clawdbot @octokit/plugin-paginate-rest@14.0.0 OK for: octokit@5.0.5 want: ^14.0.0
3348 silly placeDep node_modules/clawdbot @octokit/plugin-rest-endpoint-methods@17.0.0 OK for: octokit@5.0.5 want: ^17.0.0
3349 silly placeDep node_modules/clawdbot @octokit/plugin-retry@8.0.3 OK for: octokit@5.0.5 want: ^8.0.3
3350 silly placeDep node_modules/clawdbot @octokit/plugin-throttling@11.0.3 OK for: octokit@5.0.5 want: ^11.0.3
3351 silly placeDep node_modules/clawdbot @octokit/request-error@7.1.0 OK for: octokit@5.0.5 want: ^7.0.2
3352 silly placeDep node_modules/clawdbot @octokit/types@16.0.0 OK for: octokit@5.0.5 want: ^16.0.0
3353 silly placeDep node_modules/clawdbot @octokit/webhooks@14.2.0 OK for: octokit@5.0.5 want: ^14.0.0
3354 silly fetch manifest @octokit/auth-app@^8.1.2
3355 silly packumentCache full:https://registry.npmjs.org/@octokit%2fauth-app cache-miss
3356 silly fetch manifest @octokit/auth-unauthenticated@^7.0.3
3357 silly packumentCache full:https://registry.npmjs.org/@octokit%2fauth-unauthenticated cache-miss
3358 silly fetch manifest @octokit/auth-token@^6.0.0
3359 silly packumentCache full:https://registry.npmjs.org/@octokit%2fauth-token cache-miss
3360 silly fetch manifest @octokit/graphql@^9.0.3
3361 silly packumentCache full:https://registry.npmjs.org/@octokit%2fgraphql cache-miss
3362 silly fetch manifest @octokit/request@^10.0.6
3363 silly packumentCache full:https://registry.npmjs.org/@octokit%2frequest cache-miss
3364 silly fetch manifest before-after-hook@^4.0.0
3365 silly packumentCache full:https://registry.npmjs.org/before-after-hook cache-miss
3366 silly fetch manifest universal-user-agent@^7.0.0
3367 silly packumentCache full:https://registry.npmjs.org/universal-user-agent cache-miss
3368 http fetch GET 200 https://registry.npmjs.org/before-after-hook 83ms (cache miss)
3369 silly packumentCache full:https://registry.npmjs.org/before-after-hook set size:undefined disposed:false
3370 silly fetch manifest @octokit/auth-oauth-app@^9.0.2
3371 silly packumentCache full:https://registry.npmjs.org/@octokit%2fauth-oauth-app cache-miss
3372 http fetch GET 200 https://registry.npmjs.org/universal-user-agent 85ms (cache miss)
3373 silly packumentCache full:https://registry.npmjs.org/universal-user-agent set size:undefined disposed:false
3374 silly fetch manifest @octokit/auth-oauth-user@^6.0.1
3375 silly packumentCache full:https://registry.npmjs.org/@octokit%2fauth-oauth-user cache-miss
3376 http fetch GET 200 https://registry.npmjs.org/@octokit%2fauth-unauthenticated 107ms (cache miss)
3377 silly packumentCache full:https://registry.npmjs.org/@octokit%2fauth-unauthenticated set size:undefined disposed:false
3378 silly fetch manifest @octokit/auth-unauthenticated@^7.0.2
3379 silly packumentCache full:https://registry.npmjs.org/@octokit%2fauth-unauthenticated cache-miss
3380 http fetch GET 200 https://registry.npmjs.org/@octokit%2fauth-app 111ms (cache miss)
3381 silly packumentCache full:https://registry.npmjs.org/@octokit%2fauth-app set size:undefined disposed:false
3382 silly fetch manifest @octokit/oauth-authorization-url@^8.0.0
3383 silly packumentCache full:https://registry.npmjs.org/@octokit%2foauth-authorization-url cache-miss
3384 http cache https://registry.npmjs.org/@octokit%2fauth-unauthenticated 5ms (cache hit)
3385 silly packumentCache full:https://registry.npmjs.org/@octokit%2fauth-unauthenticated set size:87581 disposed:false
3386 silly fetch manifest @octokit/oauth-methods@^6.0.1
3387 silly packumentCache full:https://registry.npmjs.org/@octokit%2foauth-methods cache-miss
3388 http fetch GET 200 https://registry.npmjs.org/@octokit%2fauth-token 115ms (cache miss)
3389 silly packumentCache full:https://registry.npmjs.org/@octokit%2fauth-token set size:undefined disposed:false
3390 silly fetch manifest @types/aws-lambda@^8.10.83
3391 silly packumentCache full:https://registry.npmjs.org/@types%2faws-lambda cache-miss
3392 http fetch GET 200 https://registry.npmjs.org/@octokit%2frequest 119ms (cache miss)
3393 silly packumentCache full:https://registry.npmjs.org/@octokit%2frequest set size:undefined disposed:false
3394 silly fetch manifest @octokit/openapi-types@^27.0.0
3395 silly packumentCache full:https://registry.npmjs.org/@octokit%2fopenapi-types cache-miss
3396 http fetch GET 200 https://registry.npmjs.org/@octokit%2fgraphql 132ms (cache miss)
3397 silly packumentCache full:https://registry.npmjs.org/@octokit%2fgraphql set size:undefined disposed:false
3398 silly fetch manifest @octokit/openapi-webhooks-types@12.1.0
3399 silly packumentCache full:https://registry.npmjs.org/@octokit%2fopenapi-webhooks-types cache-miss
3400 http fetch GET 200 https://registry.npmjs.org/@octokit%2fauth-oauth-user 96ms (cache miss)
3401 silly packumentCache full:https://registry.npmjs.org/@octokit%2fauth-oauth-user set size:undefined disposed:false
3402 silly fetch manifest @octokit/webhooks-methods@^6.0.0
3403 silly packumentCache full:https://registry.npmjs.org/@octokit%2fwebhooks-methods cache-miss
3404 http fetch GET 200 https://registry.npmjs.org/@octokit%2fauth-oauth-app 102ms (cache miss)
3405 silly packumentCache full:https://registry.npmjs.org/@octokit%2fauth-oauth-app set size:undefined disposed:false
3406 http fetch GET 200 https://registry.npmjs.org/@octokit%2foauth-authorization-url 102ms (cache miss)
3407 silly packumentCache full:https://registry.npmjs.org/@octokit%2foauth-authorization-url set size:undefined disposed:false
3408 http fetch GET 200 https://registry.npmjs.org/@octokit%2foauth-methods 108ms (cache miss)
3409 silly packumentCache full:https://registry.npmjs.org/@octokit%2foauth-methods set size:undefined disposed:false
3410 http fetch GET 200 https://registry.npmjs.org/@types%2faws-lambda 120ms (cache miss)
3411 silly packumentCache full:https://registry.npmjs.org/@types%2faws-lambda set size:undefined disposed:false
3412 http fetch GET 200 https://registry.npmjs.org/@octokit%2fopenapi-webhooks-types 110ms (cache miss)
3413 silly packumentCache full:https://registry.npmjs.org/@octokit%2fopenapi-webhooks-types set size:undefined disposed:false
3414 http fetch GET 200 https://registry.npmjs.org/@octokit%2fopenapi-types 137ms (cache miss)
3415 silly packumentCache full:https://registry.npmjs.org/@octokit%2fopenapi-types set size:undefined disposed:false
3416 http fetch GET 200 https://registry.npmjs.org/@octokit%2fwebhooks-methods 79ms (cache miss)
3417 silly packumentCache full:https://registry.npmjs.org/@octokit%2fwebhooks-methods set size:undefined disposed:false
3418 silly placeDep node_modules/clawdbot @octokit/auth-app@8.1.2 OK for: @octokit/app@16.1.2 want: ^8.1.2
3419 silly placeDep node_modules/clawdbot @octokit/auth-unauthenticated@7.0.3 OK for: @octokit/app@16.1.2 want: ^7.0.3
3420 silly fetch manifest @octokit/auth-oauth-app@^9.0.3
3421 silly packumentCache full:https://registry.npmjs.org/@octokit%2fauth-oauth-app cache-miss
3422 silly fetch manifest @octokit/auth-oauth-user@^6.0.2
3423 silly packumentCache full:https://registry.npmjs.org/@octokit%2fauth-oauth-user cache-miss
3424 silly fetch manifest toad-cache@^3.7.0
3425 silly packumentCache full:https://registry.npmjs.org/toad-cache cache-miss
3426 silly fetch manifest universal-github-app-jwt@^2.2.0
3427 silly packumentCache full:https://registry.npmjs.org/universal-github-app-jwt cache-miss
3428 http cache https://registry.npmjs.org/@octokit%2fauth-oauth-app 8ms (cache hit)
3429 silly packumentCache full:https://registry.npmjs.org/@octokit%2fauth-oauth-app set size:216230 disposed:false
3430 http cache https://registry.npmjs.org/@octokit%2fauth-oauth-user 10ms (cache hit)
3431 silly packumentCache full:https://registry.npmjs.org/@octokit%2fauth-oauth-user set size:130059 disposed:false
3432 http fetch GET 200 https://registry.npmjs.org/toad-cache 76ms (cache miss)
3433 silly packumentCache full:https://registry.npmjs.org/toad-cache set size:undefined disposed:false
3434 http fetch GET 200 https://registry.npmjs.org/universal-github-app-jwt 78ms (cache miss)
3435 silly packumentCache full:https://registry.npmjs.org/universal-github-app-jwt set size:undefined disposed:false
3436 silly placeDep node_modules/clawdbot @octokit/auth-oauth-app@9.0.3 OK for: @octokit/auth-app@8.1.2 want: ^9.0.3
3437 silly placeDep node_modules/clawdbot @octokit/auth-oauth-user@6.0.2 OK for: @octokit/auth-app@8.1.2 want: ^6.0.2
3438 silly placeDep node_modules/clawdbot @octokit/request@10.0.7 OK for: @octokit/auth-app@8.1.2 want: ^10.0.6
3439 silly placeDep node_modules/clawdbot toad-cache@3.7.0 OK for: @octokit/auth-app@8.1.2 want: ^3.7.0
3440 silly placeDep node_modules/clawdbot universal-github-app-jwt@2.2.2 OK for: @octokit/auth-app@8.1.2 want: ^2.2.0
3441 silly placeDep node_modules/clawdbot universal-user-agent@7.0.3 OK for: @octokit/auth-app@8.1.2 want: ^7.0.0
3442 silly fetch manifest @octokit/auth-oauth-device@^8.0.3
3443 silly packumentCache full:https://registry.npmjs.org/@octokit%2fauth-oauth-device cache-miss
3444 silly fetch manifest @octokit/auth-oauth-device@^8.0.3
3445 silly packumentCache full:https://registry.npmjs.org/@octokit%2fauth-oauth-device cache-miss
3446 silly fetch manifest @octokit/oauth-methods@^6.0.2
3447 silly packumentCache full:https://registry.npmjs.org/@octokit%2foauth-methods cache-miss
3448 silly fetch manifest @octokit/endpoint@^11.0.2
3449 silly packumentCache full:https://registry.npmjs.org/@octokit%2fendpoint cache-miss
3450 silly fetch manifest fast-content-type-parse@^3.0.0
3451 silly packumentCache full:https://registry.npmjs.org/fast-content-type-parse cache-miss
3452 silly fetch manifest universal-user-agent@^7.0.2
3453 silly packumentCache full:https://registry.npmjs.org/universal-user-agent cache-miss
3454 http cache https://registry.npmjs.org/@octokit%2foauth-methods 4ms (cache hit)
3455 silly packumentCache full:https://registry.npmjs.org/@octokit%2foauth-methods set size:140528 disposed:false
3456 http cache https://registry.npmjs.org/universal-user-agent 4ms (cache hit)
3457 silly packumentCache full:https://registry.npmjs.org/universal-user-agent set size:44336 disposed:false
3458 http fetch GET 200 https://registry.npmjs.org/@octokit%2fauth-oauth-device 93ms (cache miss)
3459 silly packumentCache full:https://registry.npmjs.org/@octokit%2fauth-oauth-device set size:undefined disposed:false
3460 http fetch GET 200 https://registry.npmjs.org/fast-content-type-parse 94ms (cache miss)
3461 silly packumentCache full:https://registry.npmjs.org/fast-content-type-parse set size:undefined disposed:false
3462 http fetch GET 200 https://registry.npmjs.org/@octokit%2fendpoint 103ms (cache miss)
3463 silly packumentCache full:https://registry.npmjs.org/@octokit%2fendpoint set size:undefined disposed:false
3464 http fetch GET 200 https://registry.npmjs.org/@octokit%2fauth-oauth-device 109ms (cache miss)
3465 silly packumentCache full:https://registry.npmjs.org/@octokit%2fauth-oauth-device set size:undefined disposed:false
3466 silly placeDep node_modules/clawdbot @octokit/auth-oauth-device@8.0.3 OK for: @octokit/auth-oauth-app@9.0.3 want: ^8.0.3
3467 silly placeDep node_modules/clawdbot @octokit/oauth-methods@6.0.2 OK for: @octokit/auth-oauth-device@8.0.3 want: ^6.0.2
3468 silly placeDep node_modules/clawdbot @octokit/auth-token@6.0.0 OK for: @octokit/core@7.0.6 want: ^6.0.0
3469 silly placeDep node_modules/clawdbot @octokit/graphql@9.0.3 OK for: @octokit/core@7.0.6 want: ^9.0.3
3470 silly placeDep node_modules/clawdbot before-after-hook@4.0.0 OK for: @octokit/core@7.0.6 want: ^4.0.0
3471 silly placeDep node_modules/clawdbot @octokit/oauth-authorization-url@8.0.0 OK for: @octokit/oauth-app@8.0.3 want: ^8.0.0
3472 silly placeDep node_modules/clawdbot @types/aws-lambda@8.10.160 OK for: @octokit/oauth-app@8.0.3 want: ^8.10.83
3473 silly placeDep node_modules/clawdbot @octokit/endpoint@11.0.2 OK for: @octokit/request@10.0.7 want: ^11.0.2
3474 silly placeDep node_modules/clawdbot fast-content-type-parse@3.0.0 OK for: @octokit/request@10.0.7 want: ^3.0.0
3475 silly placeDep node_modules/clawdbot @octokit/openapi-types@27.0.0 OK for: @octokit/types@16.0.0 want: ^27.0.0
3476 silly placeDep node_modules/clawdbot @octokit/openapi-webhooks-types@12.1.0 OK for: @octokit/webhooks@14.2.0 want: 12.1.0
3477 silly placeDep node_modules/clawdbot @octokit/webhooks-methods@6.0.0 OK for: @octokit/webhooks@14.2.0 want: ^6.0.0
3478 silly placeDep node_modules/clawdbot ee-first@1.1.1 OK for: on-finished@2.4.1 want: 1.1.1
3479 silly placeDep node_modules/clawdbot wrappy@1.0.2 OK for: once@1.4.0 want: 1
3480 silly placeDep node_modules/clawdbot cli-cursor@5.0.0 OK for: ora@8.2.0 want: ^5.0.0
3481 silly placeDep node_modules/clawdbot is-interactive@2.0.0 OK for: ora@8.2.0 want: ^2.0.0
3482 silly placeDep node_modules/clawdbot/node_modules/ora log-symbols@6.0.0 OK for: ora@8.2.0 want: ^6.0.0
3483 silly placeDep node_modules/clawdbot stdin-discarder@0.2.2 OK for: ora@8.2.0 want: ^0.2.2
3484 silly placeDep node_modules/clawdbot/node_modules/ora string-width@7.2.0 OK for: ora@8.2.0 want: ^7.2.0
3485 silly fetch manifest restore-cursor@^5.0.0
3486 silly packumentCache full:https://registry.npmjs.org/restore-cursor cache-miss
3487 silly fetch manifest is-unicode-supported@^1.3.0
3488 silly packumentCache full:https://registry.npmjs.org/is-unicode-supported cache-hit
3489 silly fetch manifest emoji-regex@^10.3.0
3490 silly packumentCache full:https://registry.npmjs.org/emoji-regex cache-miss
3491 http cache https://registry.npmjs.org/emoji-regex 3ms (cache hit)
3492 silly packumentCache full:https://registry.npmjs.org/emoji-regex set size:89088 disposed:false
3493 http fetch GET 200 https://registry.npmjs.org/restore-cursor 90ms (cache miss)
3494 silly packumentCache full:https://registry.npmjs.org/restore-cursor set size:undefined disposed:false
3495 silly placeDep node_modules/clawdbot restore-cursor@5.1.0 OK for: cli-cursor@5.0.0 want: ^5.0.0
3496 silly fetch manifest onetime@^7.0.0
3497 silly packumentCache full:https://registry.npmjs.org/onetime cache-miss
3498 http fetch GET 200 https://registry.npmjs.org/onetime 83ms (cache miss)
3499 silly packumentCache full:https://registry.npmjs.org/onetime set size:undefined disposed:false
3500 silly placeDep node_modules/clawdbot/node_modules/p-queue eventemitter3@4.0.7 OK for: p-queue@6.6.2 want: ^4.0.4
3501 silly placeDep node_modules/clawdbot p-timeout@3.2.0 OK for: p-queue@6.6.2 want: ^3.2.0
3502 silly fetch manifest p-finally@^1.0.0
3503 silly packumentCache full:https://registry.npmjs.org/p-finally cache-miss
3504 http fetch GET 200 https://registry.npmjs.org/p-finally 96ms (cache miss)
3505 silly packumentCache full:https://registry.npmjs.org/p-finally set size:undefined disposed:false
3506 silly placeDep node_modules/clawdbot p-finally@1.0.0 OK for: p-timeout@3.2.0 want: ^1.0.0
3507 silly placeDep node_modules/clawdbot/node_modules/parse5-htmlparser2-tree-adapter parse5@6.0.1 OK for: parse5-htmlparser2-tree-adapter@6.0.1 want: ^6.0.1
3508 silly placeDep node_modules/clawdbot @pinojs/redact@0.4.0 OK for: pino@9.14.0 want: ^0.4.0
3509 silly placeDep node_modules/clawdbot atomic-sleep@1.0.0 OK for: pino@9.14.0 want: ^1.0.0
3510 silly placeDep node_modules/clawdbot on-exit-leak-free@2.1.2 OK for: pino@9.14.0 want: ^2.1.0
3511 silly placeDep node_modules/clawdbot pino-abstract-transport@2.0.0 OK for: pino@9.14.0 want: ^2.0.0
3512 silly placeDep node_modules/clawdbot pino-std-serializers@7.1.0 OK for: pino@9.14.0 want: ^7.0.0
3513 silly placeDep node_modules/clawdbot process-warning@5.0.0 OK for: pino@9.14.0 want: ^5.0.0
3514 silly placeDep node_modules/clawdbot quick-format-unescaped@4.0.4 OK for: pino@9.14.0 want: ^4.0.3
3515 silly placeDep node_modules/clawdbot real-require@0.2.0 OK for: pino@9.14.0 want: ^0.2.0
3516 silly placeDep node_modules/clawdbot safe-stable-stringify@2.5.0 OK for: pino@9.14.0 want: ^2.3.1
3517 silly placeDep node_modules/clawdbot sonic-boom@4.2.0 OK for: pino@9.14.0 want: ^4.0.1
3518 silly placeDep node_modules/clawdbot thread-stream@3.1.0 OK for: pino@9.14.0 want: ^3.0.0
3519 silly fetch manifest split2@^4.0.0
3520 silly packumentCache full:https://registry.npmjs.org/split2 cache-miss
3521 http fetch GET 200 https://registry.npmjs.org/split2 95ms (cache miss)
3522 silly packumentCache full:https://registry.npmjs.org/split2 set size:undefined disposed:false
3523 silly placeDep node_modules/clawdbot split2@4.2.0 OK for: pino-abstract-transport@2.0.0 want: ^4.0.0
3524 silly placeDep node_modules/clawdbot parse-ms@4.0.0 OK for: pretty-ms@9.3.0 want: ^4.0.0
3525 silly placeDep node_modules/clawdbot/node_modules/proper-lockfile retry@0.12.0 OK for: proper-lockfile@4.1.2 want: ^0.12.0
3526 silly placeDep node_modules/clawdbot/node_modules/proper-lockfile signal-exit@3.0.7 OK for: proper-lockfile@4.1.2 want: ^3.0.2
3527 silly placeDep node_modules/clawdbot @protobufjs/aspromise@1.1.2 OK for: protobufjs@7.5.4 want: ^1.1.2
3528 silly placeDep node_modules/clawdbot @protobufjs/base64@1.1.2 OK for: protobufjs@7.5.4 want: ^1.1.2
3529 silly placeDep node_modules/clawdbot @protobufjs/codegen@2.0.4 OK for: protobufjs@7.5.4 want: ^2.0.4
3530 silly placeDep node_modules/clawdbot @protobufjs/eventemitter@1.1.0 OK for: protobufjs@7.5.4 want: ^1.1.0
3531 silly placeDep node_modules/clawdbot @protobufjs/fetch@1.1.0 OK for: protobufjs@7.5.4 want: ^1.1.0
3532 silly placeDep node_modules/clawdbot @protobufjs/float@1.0.2 OK for: protobufjs@7.5.4 want: ^1.0.2
3533 silly placeDep node_modules/clawdbot @protobufjs/inquire@1.1.0 OK for: protobufjs@7.5.4 want: ^1.1.0
3534 silly placeDep node_modules/clawdbot @protobufjs/path@1.1.2 OK for: protobufjs@7.5.4 want: ^1.1.2
3535 silly placeDep node_modules/clawdbot @protobufjs/pool@1.1.0 OK for: protobufjs@7.5.4 want: ^1.1.0
3536 silly placeDep node_modules/clawdbot @protobufjs/utf8@1.1.0 OK for: protobufjs@7.5.4 want: ^1.1.0
3537 silly placeDep node_modules/clawdbot forwarded@0.2.0 OK for: proxy-addr@2.0.7 want: 0.2.0
3538 silly placeDep node_modules/clawdbot ipaddr.js@1.9.1 OK for: proxy-addr@2.0.7 want: 1.9.1
3539 silly placeDep node_modules/clawdbot side-channel@1.1.0 OK for: qs@6.14.1 want: ^1.1.0
3540 silly fetch manifest object-inspect@^1.13.3
3541 silly packumentCache full:https://registry.npmjs.org/object-inspect cache-miss
3542 silly fetch manifest side-channel-list@^1.0.0
3543 silly packumentCache full:https://registry.npmjs.org/side-channel-list cache-miss
3544 silly fetch manifest side-channel-map@^1.0.1
3545 silly packumentCache full:https://registry.npmjs.org/side-channel-map cache-miss
3546 silly fetch manifest side-channel-weakmap@^1.0.2
3547 silly packumentCache full:https://registry.npmjs.org/side-channel-weakmap cache-miss
3548 http fetch GET 200 https://registry.npmjs.org/side-channel-weakmap 89ms (cache miss)
3549 silly packumentCache full:https://registry.npmjs.org/side-channel-weakmap set size:undefined disposed:false
3550 http fetch GET 200 https://registry.npmjs.org/object-inspect 99ms (cache miss)
3551 silly packumentCache full:https://registry.npmjs.org/object-inspect set size:undefined disposed:false
3552 http fetch GET 200 https://registry.npmjs.org/side-channel-map 111ms (cache miss)
3553 silly packumentCache full:https://registry.npmjs.org/side-channel-map set size:undefined disposed:false
3554 http fetch GET 200 https://registry.npmjs.org/side-channel-list 111ms (cache miss)
3555 silly packumentCache full:https://registry.npmjs.org/side-channel-list set size:undefined disposed:false
3556 silly placeDep node_modules/clawdbot unpipe@1.0.0 OK for: raw-body@3.0.2 want: ~1.0.0
3557 silly placeDep node_modules/clawdbot deep-extend@0.6.0 OK for: rc@1.2.8 want: ^0.6.0
3558 silly placeDep node_modules/clawdbot ini@1.3.8 OK for: rc@1.2.8 want: ~1.3.0
3559 silly placeDep node_modules/clawdbot minimist@1.2.8 OK for: rc@1.2.8 want: ^1.2.0
3560 silly placeDep node_modules/clawdbot strip-json-comments@2.0.1 OK for: rc@1.2.8 want: ~2.0.1
3561 silly placeDep node_modules/clawdbot core-util-is@1.0.3 OK for: readable-stream@2.3.8 want: ~1.0.0
3562 silly placeDep node_modules/clawdbot isarray@1.0.0 OK for: readable-stream@2.3.8 want: ~1.0.0
3563 silly placeDep node_modules/clawdbot process-nextick-args@2.0.1 OK for: readable-stream@2.3.8 want: ~2.0.0
3564 silly placeDep node_modules/clawdbot/node_modules/readable-stream safe-buffer@5.1.2 OK for: readable-stream@2.3.8 want: ~5.1.1
3565 silly placeDep node_modules/clawdbot string_decoder@1.1.1 OK for: readable-stream@2.3.8 want: ~1.1.1
3566 silly placeDep node_modules/clawdbot util-deprecate@1.0.2 OK for: readable-stream@2.3.8 want: ~1.0.1
3567 silly fetch manifest safe-buffer@~5.1.0
3568 silly packumentCache full:https://registry.npmjs.org/safe-buffer cache-hit
3569 silly placeDep node_modules/clawdbot onetime@7.0.0 OK for: restore-cursor@5.1.0 want: ^7.0.0
3570 silly fetch manifest mimic-function@^5.0.0
3571 silly packumentCache full:https://registry.npmjs.org/mimic-function cache-miss
3572 http fetch GET 200 https://registry.npmjs.org/mimic-function 91ms (cache miss)
3573 silly packumentCache full:https://registry.npmjs.org/mimic-function set size:undefined disposed:false
3574 silly placeDep node_modules/clawdbot mimic-function@5.0.1 OK for: onetime@7.0.0 want: ^5.0.0
3575 silly placeDep node_modules/clawdbot/node_modules/rimraf glob@10.5.0 OK for: rimraf@5.0.10 want: ^10.3.7
3576 silly fetch manifest jackspeak@^3.1.2
3577 silly packumentCache full:https://registry.npmjs.org/jackspeak cache-miss
3578 silly fetch manifest minimatch@^9.0.4
3579 silly packumentCache full:https://registry.npmjs.org/minimatch cache-miss
3580 silly fetch manifest path-scurry@^1.11.1
3581 silly packumentCache full:https://registry.npmjs.org/path-scurry cache-miss
3582 http cache https://registry.npmjs.org/jackspeak 10ms (cache hit)
3583 silly packumentCache full:https://registry.npmjs.org/jackspeak set size:189177 disposed:false
3584 http cache https://registry.npmjs.org/minimatch 12ms (cache hit)
3585 silly packumentCache full:https://registry.npmjs.org/minimatch set size:303959 disposed:false
3586 http cache https://registry.npmjs.org/path-scurry 14ms (cache hit)
3587 silly packumentCache full:https://registry.npmjs.org/path-scurry set size:115160 disposed:false
3588 silly placeDep node_modules/clawdbot is-promise@4.0.0 OK for: router@2.2.0 want: ^4.0.0
3589 silly placeDep node_modules/clawdbot @img/colour@1.0.0 OK for: sharp@0.34.5 want: ^1.0.0
3590 silly placeDep node_modules/clawdbot @img/sharp-darwin-arm64@0.34.5 OK for: sharp@0.34.5 want: 0.34.5
3591 silly placeDep node_modules/clawdbot @img/sharp-darwin-x64@0.34.5 OK for: sharp@0.34.5 want: 0.34.5
3592 silly placeDep node_modules/clawdbot @img/sharp-libvips-darwin-arm64@1.2.4 OK for: sharp@0.34.5 want: 1.2.4
3593 silly placeDep node_modules/clawdbot @img/sharp-libvips-darwin-x64@1.2.4 OK for: sharp@0.34.5 want: 1.2.4
3594 silly placeDep node_modules/clawdbot @img/sharp-libvips-linux-arm@1.2.4 OK for: sharp@0.34.5 want: 1.2.4
3595 silly placeDep node_modules/clawdbot @img/sharp-libvips-linux-arm64@1.2.4 OK for: sharp@0.34.5 want: 1.2.4
3596 silly placeDep node_modules/clawdbot @img/sharp-libvips-linux-ppc64@1.2.4 OK for: sharp@0.34.5 want: 1.2.4
3597 silly placeDep node_modules/clawdbot @img/sharp-libvips-linux-riscv64@1.2.4 OK for: sharp@0.34.5 want: 1.2.4
3598 silly placeDep node_modules/clawdbot @img/sharp-libvips-linux-s390x@1.2.4 OK for: sharp@0.34.5 want: 1.2.4
3599 silly placeDep node_modules/clawdbot @img/sharp-libvips-linux-x64@1.2.4 OK for: sharp@0.34.5 want: 1.2.4
3600 silly placeDep node_modules/clawdbot @img/sharp-libvips-linuxmusl-arm64@1.2.4 OK for: sharp@0.34.5 want: 1.2.4
3601 silly placeDep node_modules/clawdbot @img/sharp-libvips-linuxmusl-x64@1.2.4 OK for: sharp@0.34.5 want: 1.2.4
3602 silly placeDep node_modules/clawdbot @img/sharp-linux-arm@0.34.5 OK for: sharp@0.34.5 want: 0.34.5
3603 silly placeDep node_modules/clawdbot @img/sharp-linux-arm64@0.34.5 OK for: sharp@0.34.5 want: 0.34.5
3604 silly placeDep node_modules/clawdbot @img/sharp-linux-ppc64@0.34.5 OK for: sharp@0.34.5 want: 0.34.5
3605 silly placeDep node_modules/clawdbot @img/sharp-linux-riscv64@0.34.5 OK for: sharp@0.34.5 want: 0.34.5
3606 silly placeDep node_modules/clawdbot @img/sharp-linux-s390x@0.34.5 OK for: sharp@0.34.5 want: 0.34.5
3607 silly placeDep node_modules/clawdbot @img/sharp-linux-x64@0.34.5 OK for: sharp@0.34.5 want: 0.34.5
3608 silly placeDep node_modules/clawdbot @img/sharp-linuxmusl-arm64@0.34.5 OK for: sharp@0.34.5 want: 0.34.5
3609 silly placeDep node_modules/clawdbot @img/sharp-linuxmusl-x64@0.34.5 OK for: sharp@0.34.5 want: 0.34.5
3610 silly placeDep node_modules/clawdbot @img/sharp-wasm32@0.34.5 OK for: sharp@0.34.5 want: 0.34.5
3611 silly placeDep node_modules/clawdbot @img/sharp-win32-arm64@0.34.5 OK for: sharp@0.34.5 want: 0.34.5
3612 silly placeDep node_modules/clawdbot @img/sharp-win32-ia32@0.34.5 OK for: sharp@0.34.5 want: 0.34.5
3613 silly placeDep node_modules/clawdbot @img/sharp-win32-x64@0.34.5 OK for: sharp@0.34.5 want: 0.34.5
3614 silly fetch manifest @emnapi/runtime@^1.7.0
3615 silly packumentCache full:https://registry.npmjs.org/@emnapi%2fruntime cache-miss
3616 http fetch GET 200 https://registry.npmjs.org/@emnapi%2fruntime 89ms (cache miss)
3617 silly packumentCache full:https://registry.npmjs.org/@emnapi%2fruntime set size:undefined disposed:false
3618 silly placeDep node_modules/clawdbot @emnapi/runtime@1.8.1 OK for: @img/sharp-wasm32@0.34.5 want: ^1.7.0
3619 silly placeDep node_modules/clawdbot shebang-regex@3.0.0 OK for: shebang-command@2.0.0 want: ^3.0.0
3620 silly placeDep node_modules/clawdbot object-inspect@1.13.4 OK for: side-channel@1.1.0 want: ^1.13.3
3621 silly placeDep node_modules/clawdbot side-channel-list@1.0.0 OK for: side-channel@1.1.0 want: ^1.0.0
3622 silly placeDep node_modules/clawdbot side-channel-map@1.0.1 OK for: side-channel@1.1.0 want: ^1.0.1
3623 silly placeDep node_modules/clawdbot side-channel-weakmap@1.0.2 OK for: side-channel@1.1.0 want: ^1.0.2
3624 silly fetch manifest call-bound@^1.0.2
3625 silly packumentCache full:https://registry.npmjs.org/call-bound cache-miss
3626 silly fetch manifest call-bound@^1.0.2
3627 silly packumentCache full:https://registry.npmjs.org/call-bound cache-miss
3628 http fetch GET 200 https://registry.npmjs.org/call-bound 80ms (cache miss)
3629 silly packumentCache full:https://registry.npmjs.org/call-bound set size:undefined disposed:false
3630 http fetch GET 200 https://registry.npmjs.org/call-bound 91ms (cache miss)
3631 silly packumentCache full:https://registry.npmjs.org/call-bound set size:undefined disposed:false
3632 silly placeDep node_modules/clawdbot call-bound@1.0.4 OK for: side-channel-map@1.0.1 want: ^1.0.2
3633 silly placeDep node_modules/clawdbot @kwsites/file-exists@1.1.1 OK for: simple-git@3.30.0 want: ^1.1.1
3634 silly placeDep node_modules/clawdbot @kwsites/promise-deferred@1.1.1 OK for: simple-git@3.30.0 want: ^1.1.1
3635 silly placeDep node_modules/clawdbot ansi-styles@6.2.3 OK for: slice-ansi@7.1.2 want: ^6.2.1
3636 silly placeDep node_modules/clawdbot is-fullwidth-code-point@5.1.0 OK for: slice-ansi@7.1.2 want: ^5.0.0
3637 silly placeDep node_modules/clawdbot buffer-from@1.1.2 OK for: source-map-support@0.5.21 want: ^1.0.0
3638 silly placeDep node_modules/clawdbot source-map@0.6.1 OK for: source-map-support@0.5.21 want: ^0.6.0
3639 silly placeDep node_modules/clawdbot sqlite-vec-darwin-arm64@0.1.7-alpha.2 OK for: sqlite-vec@0.1.7-alpha.2 want: 0.1.7-alpha.2
3640 silly placeDep node_modules/clawdbot sqlite-vec-darwin-x64@0.1.7-alpha.2 OK for: sqlite-vec@0.1.7-alpha.2 want: 0.1.7-alpha.2
3641 silly placeDep node_modules/clawdbot sqlite-vec-linux-arm64@0.1.7-alpha.2 OK for: sqlite-vec@0.1.7-alpha.2 want: 0.1.7-alpha.2
3642 silly placeDep node_modules/clawdbot sqlite-vec-linux-x64@0.1.7-alpha.2 OK for: sqlite-vec@0.1.7-alpha.2 want: 0.1.7-alpha.2
3643 silly placeDep node_modules/clawdbot sqlite-vec-windows-x64@0.1.7-alpha.2 OK for: sqlite-vec@0.1.7-alpha.2 want: 0.1.7-alpha.2
3644 silly placeDep node_modules/clawdbot ansi-escapes@6.2.1 OK for: stdout-update@4.0.1 want: ^6.2.0
3645 silly placeDep node_modules/clawdbot/node_modules/stdout-update string-width@7.2.0 OK for: stdout-update@4.0.1 want: ^7.1.0
3646 silly placeDep node_modules/clawdbot/node_modules/string_decoder safe-buffer@5.1.2 OK for: string_decoder@1.1.1 want: ~5.1.0
3647 silly placeDep node_modules/clawdbot eastasianwidth@0.2.0 OK for: string-width@5.1.2 want: ^0.2.0
3648 silly placeDep node_modules/clawdbot emoji-regex@9.2.2 OK for: string-width@5.1.2 want: ^9.2.2
3649 silly placeDep node_modules/clawdbot/node_modules/string-width-cjs emoji-regex@8.0.0 OK for: string-width@4.2.3 want: ^8.0.0
3650 silly placeDep node_modules/clawdbot/node_modules/string-width-cjs is-fullwidth-code-point@3.0.0 OK for: string-width@4.2.3 want: ^3.0.0
3651 silly placeDep node_modules/clawdbot/node_modules/string-width-cjs strip-ansi@6.0.1 OK for: string-width@4.2.3 want: ^6.0.1
3652 silly placeDep node_modules/clawdbot ansi-regex@6.2.2 OK for: strip-ansi@7.1.2 want: ^6.0.1
3653 silly placeDep node_modules/clawdbot/node_modules/strip-ansi-cjs ansi-regex@5.0.1 OK for: strip-ansi@6.0.1 want: ^5.0.1
3654 silly placeDep node_modules/clawdbot @isaacs/fs-minipass@4.0.1 OK for: tar@7.5.4 want: ^4.0.0
3655 silly placeDep node_modules/clawdbot chownr@3.0.0 OK for: tar@7.5.4 want: ^3.0.0
3656 silly placeDep node_modules/clawdbot minizlib@3.1.0 OK for: tar@7.5.4 want: ^3.1.0
3657 silly placeDep node_modules/clawdbot yallist@5.0.0 OK for: tar@7.5.4 want: ^5.0.0
3658 silly placeDep node_modules/clawdbot thenify@3.3.1 OK for: thenify-all@1.6.0 want: >= 3.1.0 < 4
3659 silly placeDep node_modules/clawdbot ieee754@1.2.1 OK for: token-types@6.1.2 want: ^1.2.1
3660 silly placeDep node_modules/clawdbot isexe@2.0.0 OK for: which@2.0.2 want: ^2.0.0
3661 silly placeDep node_modules/clawdbot/node_modules/wide-align string-width@4.2.3 OK for: wide-align@1.1.5 want: ^1.0.2 || 2 || 3 || 4
3662 silly placeDep node_modules/clawdbot/node_modules/wrap-ansi-cjs ansi-styles@4.3.0 OK for: wrap-ansi@7.0.0 want: ^4.0.0
3663 silly placeDep node_modules/clawdbot/node_modules/wrap-ansi-cjs string-width@4.2.3 OK for: wrap-ansi@7.0.0 want: ^4.1.0
3664 silly placeDep node_modules/clawdbot/node_modules/wrap-ansi-cjs strip-ansi@6.0.1 OK for: wrap-ansi@7.0.0 want: ^6.0.0
3665 silly fetch manifest color-convert@^2.0.1
3666 silly packumentCache full:https://registry.npmjs.org/color-convert cache-miss
3667 http fetch GET 200 https://registry.npmjs.org/color-convert 97ms (cache miss)
3668 silly packumentCache full:https://registry.npmjs.org/color-convert set size:undefined disposed:false
3669 silly placeDep node_modules/clawdbot cliui@7.0.4 OK for: yargs@16.2.0 want: ^7.0.2
3670 silly placeDep node_modules/clawdbot escalade@3.2.0 OK for: yargs@16.2.0 want: ^3.1.1
3671 silly placeDep node_modules/clawdbot get-caller-file@2.0.5 OK for: yargs@16.2.0 want: ^2.0.5
3672 silly placeDep node_modules/clawdbot require-directory@2.1.1 OK for: yargs@16.2.0 want: ^2.1.1
3673 silly placeDep node_modules/clawdbot/node_modules/yargs string-width@4.2.3 OK for: yargs@16.2.0 want: ^4.2.0
3674 silly placeDep node_modules/clawdbot y18n@5.0.8 OK for: yargs@16.2.0 want: ^5.0.5
3675 silly placeDep node_modules/clawdbot yargs-parser@20.2.9 OK for: yargs@16.2.0 want: ^20.2.2
3676 silly fetch manifest wrap-ansi@^7.0.0
3677 silly packumentCache full:https://registry.npmjs.org/wrap-ansi cache-miss
3678 http cache https://registry.npmjs.org/wrap-ansi 3ms (cache hit)
3679 silly packumentCache full:https://registry.npmjs.org/wrap-ansi set size:51195 disposed:false
3680 silly placeDep node_modules/clawdbot/node_modules/cliui string-width@4.2.3 OK for: cliui@7.0.4 want: ^4.2.0
3681 silly placeDep node_modules/clawdbot/node_modules/cliui strip-ansi@6.0.1 OK for: cliui@7.0.4 want: ^6.0.0
3682 silly placeDep node_modules/clawdbot/node_modules/cliui wrap-ansi@7.0.0 OK for: cliui@7.0.4 want: ^7.0.0
3683 silly placeDep node_modules/clawdbot/node_modules/@aws-crypto/sha256-browser @smithy/util-buffer-from@2.2.0 OK for: @smithy/util-utf8@2.3.0 want: ^2.2.0
3684 silly fetch manifest @smithy/is-array-buffer@^2.2.0
3685 silly packumentCache full:https://registry.npmjs.org/@smithy%2fis-array-buffer cache-miss
3686 http cache https://registry.npmjs.org/@smithy%2fis-array-buffer 2ms (cache hit)
3687 silly packumentCache full:https://registry.npmjs.org/@smithy%2fis-array-buffer set size:34586 disposed:false
3688 silly placeDep node_modules/clawdbot/node_modules/@aws-crypto/sha256-browser @smithy/is-array-buffer@2.2.0 OK for: @smithy/util-buffer-from@2.2.0 want: ^2.2.0
3689 silly placeDep node_modules/clawdbot/node_modules/@aws-crypto/util @smithy/util-buffer-from@2.2.0 OK for: @smithy/util-utf8@2.3.0 want: ^2.2.0
3690 silly placeDep node_modules/clawdbot/node_modules/@aws-crypto/util @smithy/is-array-buffer@2.2.0 OK for: @smithy/util-buffer-from@2.2.0 want: ^2.2.0
3691 silly placeDep node_modules/clawdbot/node_modules/@whiskeysockets/baileys p-timeout@7.0.1 OK for: p-queue@9.1.0 want: ^7.0.0
3692 silly placeDep node_modules/clawdbot/node_modules/cli-highlight ansi-styles@4.3.0 OK for: chalk@4.1.2 want: ^4.1.0
3693 silly placeDep node_modules/clawdbot supports-color@7.2.0 OK for: chalk@4.1.2 want: ^7.1.0
3694 silly fetch manifest has-flag@^4.0.0
3695 silly packumentCache full:https://registry.npmjs.org/has-flag cache-miss
3696 http fetch GET 200 https://registry.npmjs.org/has-flag 74ms (cache miss)
3697 silly packumentCache full:https://registry.npmjs.org/has-flag set size:undefined disposed:false
3698 silly placeDep node_modules/clawdbot has-flag@4.0.0 OK for: supports-color@7.2.0 want: ^4.0.0
3699 silly placeDep node_modules/clawdbot color-convert@2.0.1 OK for: ansi-styles@4.3.0 want: ^2.0.1
3700 silly fetch manifest color-name@~1.1.4
3701 silly packumentCache full:https://registry.npmjs.org/color-name cache-miss
3702 http fetch GET 200 https://registry.npmjs.org/color-name 80ms (cache miss)
3703 silly packumentCache full:https://registry.npmjs.org/color-name set size:undefined disposed:false
3704 silly placeDep node_modules/clawdbot color-name@1.1.4 OK for: color-convert@2.0.1 want: ~1.1.4
3705 silly placeDep node_modules/clawdbot/node_modules/cliui emoji-regex@8.0.0 OK for: string-width@4.2.3 want: ^8.0.0
3706 silly placeDep node_modules/clawdbot/node_modules/cliui is-fullwidth-code-point@3.0.0 OK for: string-width@4.2.3 want: ^3.0.0
3707 silly placeDep node_modules/clawdbot/node_modules/cliui ansi-regex@5.0.1 OK for: strip-ansi@6.0.1 want: ^5.0.1
3708 silly placeDep node_modules/clawdbot/node_modules/cliui ansi-styles@4.3.0 OK for: wrap-ansi@7.0.0 want: ^4.0.0
3709 silly placeDep node_modules/clawdbot/node_modules/cmake-js chownr@2.0.0 OK for: tar@6.2.1 want: ^2.0.0
3710 silly placeDep node_modules/clawdbot fs-minipass@2.1.0 OK for: tar@6.2.1 want: ^2.0.0
3711 silly placeDep node_modules/clawdbot/node_modules/cmake-js minipass@5.0.0 OK for: tar@6.2.1 want: ^5.0.0
3712 silly placeDep node_modules/clawdbot/node_modules/cmake-js minizlib@2.1.2 OK for: tar@6.2.1 want: ^2.1.1
3713 silly placeDep node_modules/clawdbot mkdirp@1.0.4 OK for: tar@6.2.1 want: ^1.0.3
3714 silly placeDep node_modules/clawdbot/node_modules/cmake-js yallist@4.0.0 OK for: tar@6.2.1 want: ^4.0.0
3715 silly fetch manifest minipass@^3.0.0
3716 silly packumentCache full:https://registry.npmjs.org/minipass cache-hit
3717 silly fetch manifest minipass@^3.0.0
3718 silly packumentCache full:https://registry.npmjs.org/minipass cache-hit
3719 silly placeDep node_modules/clawdbot/node_modules/fs-minipass minipass@3.3.6 OK for: fs-minipass@2.1.0 want: ^3.0.0
3720 silly placeDep node_modules/clawdbot/node_modules/cmake-js/node_modules/minizlib minipass@3.3.6 OK for: minizlib@2.1.2 want: ^3.0.0
3721 silly placeDep node_modules/clawdbot/node_modules/cmake-js cliui@8.0.1 OK for: yargs@17.7.2 want: ^8.0.1
3722 silly placeDep node_modules/clawdbot/node_modules/cmake-js string-width@4.2.3 OK for: yargs@17.7.2 want: ^4.2.3
3723 silly placeDep node_modules/clawdbot/node_modules/cmake-js yargs-parser@21.1.1 OK for: yargs@17.7.2 want: ^21.1.1
3724 silly placeDep node_modules/clawdbot/node_modules/cmake-js strip-ansi@6.0.1 OK for: cliui@8.0.1 want: ^6.0.1
3725 silly placeDep node_modules/clawdbot/node_modules/cmake-js wrap-ansi@7.0.0 OK for: cliui@8.0.1 want: ^7.0.0
3726 silly placeDep node_modules/clawdbot/node_modules/cmake-js emoji-regex@8.0.0 OK for: string-width@4.2.3 want: ^8.0.0
3727 silly placeDep node_modules/clawdbot/node_modules/cmake-js is-fullwidth-code-point@3.0.0 OK for: string-width@4.2.3 want: ^3.0.0
3728 silly placeDep node_modules/clawdbot/node_modules/cmake-js ansi-regex@5.0.1 OK for: strip-ansi@6.0.1 want: ^5.0.1
3729 silly placeDep node_modules/clawdbot/node_modules/cmake-js ansi-styles@4.3.0 OK for: wrap-ansi@7.0.0 want: ^4.0.0
3730 silly placeDep node_modules/clawdbot/node_modules/form-data mime-db@1.52.0 OK for: mime-types@2.1.35 want: 1.52.0
3731 silly placeDep node_modules/clawdbot/node_modules/fs-minipass yallist@4.0.0 OK for: minipass@3.3.6 want: ^4.0.0
3732 silly placeDep node_modules/clawdbot/node_modules/gauge emoji-regex@8.0.0 OK for: string-width@4.2.3 want: ^8.0.0
3733 silly placeDep node_modules/clawdbot/node_modules/gauge is-fullwidth-code-point@3.0.0 OK for: string-width@4.2.3 want: ^3.0.0
3734 silly placeDep node_modules/clawdbot/node_modules/gauge ansi-regex@5.0.1 OK for: strip-ansi@6.0.1 want: ^5.0.1
3735 silly placeDep node_modules/clawdbot whatwg-url@5.0.0 OK for: node-fetch@2.7.0 want: ^5.0.0
3736 silly fetch manifest tr46@~0.0.3
3737 silly packumentCache full:https://registry.npmjs.org/tr46 cache-miss
3738 silly fetch manifest webidl-conversions@^3.0.0
3739 silly packumentCache full:https://registry.npmjs.org/webidl-conversions cache-miss
3740 http fetch GET 200 https://registry.npmjs.org/webidl-conversions 71ms (cache miss)
3741 silly packumentCache full:https://registry.npmjs.org/webidl-conversions set size:undefined disposed:false
3742 http fetch GET 200 https://registry.npmjs.org/tr46 77ms (cache miss)
3743 silly packumentCache full:https://registry.npmjs.org/tr46 set size:undefined disposed:false
3744 silly placeDep node_modules/clawdbot tr46@0.0.3 OK for: whatwg-url@5.0.0 want: ~0.0.3
3745 silly placeDep node_modules/clawdbot webidl-conversions@3.0.1 OK for: whatwg-url@5.0.0 want: ^3.0.0
3746 silly placeDep node_modules/clawdbot/node_modules/ipull parse-ms@3.0.0 OK for: pretty-ms@8.0.0 want: ^3.0.0
3747 silly placeDep node_modules/clawdbot @types/long@4.0.2 OK for: protobufjs@6.8.8 want: ^4.0.0
3748 silly placeDep node_modules/clawdbot/node_modules/libsignal @types/node@10.17.60 OK for: protobufjs@6.8.8 want: ^10.1.0
3749 silly placeDep node_modules/clawdbot/node_modules/libsignal long@4.0.0 OK for: protobufjs@6.8.8 want: ^4.0.0
3750 silly placeDep node_modules/clawdbot/node_modules/node-edge-tts cliui@8.0.1 OK for: yargs@17.7.2 want: ^8.0.1
3751 silly placeDep node_modules/clawdbot/node_modules/node-edge-tts string-width@4.2.3 OK for: yargs@17.7.2 want: ^4.2.3
3752 silly placeDep node_modules/clawdbot/node_modules/node-edge-tts yargs-parser@21.1.1 OK for: yargs@17.7.2 want: ^21.1.1
3753 silly placeDep node_modules/clawdbot/node_modules/node-edge-tts strip-ansi@6.0.1 OK for: cliui@8.0.1 want: ^6.0.1
3754 silly placeDep node_modules/clawdbot/node_modules/node-edge-tts wrap-ansi@7.0.0 OK for: cliui@8.0.1 want: ^7.0.0
3755 silly placeDep node_modules/clawdbot/node_modules/node-edge-tts emoji-regex@8.0.0 OK for: string-width@4.2.3 want: ^8.0.0
3756 silly placeDep node_modules/clawdbot/node_modules/node-edge-tts is-fullwidth-code-point@3.0.0 OK for: string-width@4.2.3 want: ^3.0.0
3757 silly placeDep node_modules/clawdbot/node_modules/node-edge-tts ansi-regex@5.0.1 OK for: strip-ansi@6.0.1 want: ^5.0.1
3758 silly placeDep node_modules/clawdbot/node_modules/node-edge-tts ansi-styles@4.3.0 OK for: wrap-ansi@7.0.0 want: ^4.0.0
3759 silly placeDep node_modules/clawdbot/node_modules/node-llama-cpp isexe@3.1.1 OK for: which@5.0.0 want: ^3.1.1
3760 silly placeDep node_modules/clawdbot/node_modules/node-llama-cpp cliui@8.0.1 OK for: yargs@17.7.2 want: ^8.0.1
3761 silly placeDep node_modules/clawdbot/node_modules/node-llama-cpp string-width@4.2.3 OK for: yargs@17.7.2 want: ^4.2.3
3762 silly placeDep node_modules/clawdbot/node_modules/node-llama-cpp yargs-parser@21.1.1 OK for: yargs@17.7.2 want: ^21.1.1
3763 silly placeDep node_modules/clawdbot/node_modules/node-llama-cpp/node_modules/cliui strip-ansi@6.0.1 OK for: cliui@8.0.1 want: ^6.0.1
3764 silly placeDep node_modules/clawdbot/node_modules/node-llama-cpp wrap-ansi@7.0.0 OK for: cliui@8.0.1 want: ^7.0.0
3765 silly placeDep node_modules/clawdbot/node_modules/node-llama-cpp emoji-regex@8.0.0 OK for: string-width@4.2.3 want: ^8.0.0
3766 silly placeDep node_modules/clawdbot/node_modules/node-llama-cpp is-fullwidth-code-point@3.0.0 OK for: string-width@4.2.3 want: ^3.0.0
3767 silly placeDep node_modules/clawdbot/node_modules/node-llama-cpp/node_modules/string-width strip-ansi@6.0.1 OK for: string-width@4.2.3 want: ^6.0.1
3768 silly placeDep node_modules/clawdbot/node_modules/node-llama-cpp ansi-styles@4.3.0 OK for: wrap-ansi@7.0.0 want: ^4.0.0
3769 silly placeDep node_modules/clawdbot/node_modules/node-llama-cpp/node_modules/wrap-ansi strip-ansi@6.0.1 OK for: wrap-ansi@7.0.0 want: ^6.0.0
3770 silly placeDep node_modules/clawdbot/node_modules/ora/node_modules/log-symbols is-unicode-supported@1.3.0 OK for: log-symbols@6.0.0 want: ^1.3.0
3771 silly placeDep node_modules/clawdbot/node_modules/ora emoji-regex@10.6.0 OK for: string-width@7.2.0 want: ^10.3.0
3772 silly placeDep node_modules/clawdbot/node_modules/rimraf jackspeak@3.4.3 OK for: glob@10.5.0 want: ^3.1.2
3773 silly placeDep node_modules/clawdbot/node_modules/rimraf minimatch@9.0.5 OK for: glob@10.5.0 want: ^9.0.4
3774 silly placeDep node_modules/clawdbot/node_modules/rimraf path-scurry@1.11.1 OK for: glob@10.5.0 want: ^1.11.1
3775 silly fetch manifest @pkgjs/parseargs@^0.11.0
3776 silly packumentCache full:https://registry.npmjs.org/@pkgjs%2fparseargs cache-miss
3777 silly fetch manifest brace-expansion@^2.0.1
3778 silly packumentCache full:https://registry.npmjs.org/brace-expansion cache-miss
3779 silly fetch manifest lru-cache@^10.2.0
3780 silly packumentCache full:https://registry.npmjs.org/lru-cache cache-miss
3781 http cache https://registry.npmjs.org/lru-cache 6ms (cache hit)
3782 silly packumentCache full:https://registry.npmjs.org/lru-cache set size:410669 disposed:false
3783 http fetch GET 200 https://registry.npmjs.org/brace-expansion 77ms (cache miss)
3784 silly packumentCache full:https://registry.npmjs.org/brace-expansion set size:undefined disposed:false
3785 http fetch GET 200 https://registry.npmjs.org/@pkgjs%2fparseargs 97ms (cache miss)
3786 silly packumentCache full:https://registry.npmjs.org/@pkgjs%2fparseargs set size:undefined disposed:false
3787 silly placeDep node_modules/clawdbot @pkgjs/parseargs@0.11.0 OK for: jackspeak@3.4.3 want: ^0.11.0
3788 silly placeDep node_modules/clawdbot brace-expansion@2.0.2 OK for: minimatch@9.0.5 want: ^2.0.1
3789 silly fetch manifest balanced-match@^1.0.0
3790 silly packumentCache full:https://registry.npmjs.org/balanced-match cache-miss
3791 http fetch GET 200 https://registry.npmjs.org/balanced-match 85ms (cache miss)
3792 silly packumentCache full:https://registry.npmjs.org/balanced-match set size:undefined disposed:false
3793 silly placeDep node_modules/clawdbot balanced-match@1.0.2 OK for: brace-expansion@2.0.2 want: ^1.0.0
3794 silly placeDep node_modules/clawdbot/node_modules/rimraf lru-cache@10.4.3 OK for: path-scurry@1.11.1 want: ^10.2.0
3795 silly placeDep node_modules/clawdbot/node_modules/stdout-update emoji-regex@10.6.0 OK for: string-width@7.2.0 want: ^10.3.0
3796 silly placeDep node_modules/clawdbot/node_modules/string-width-cjs ansi-regex@5.0.1 OK for: strip-ansi@6.0.1 want: ^5.0.1
3797 silly placeDep node_modules/clawdbot/node_modules/wide-align emoji-regex@8.0.0 OK for: string-width@4.2.3 want: ^8.0.0
3798 silly placeDep node_modules/clawdbot/node_modules/wide-align is-fullwidth-code-point@3.0.0 OK for: string-width@4.2.3 want: ^3.0.0
3799 silly placeDep node_modules/clawdbot/node_modules/wide-align strip-ansi@6.0.1 OK for: string-width@4.2.3 want: ^6.0.1
3800 silly placeDep node_modules/clawdbot/node_modules/wide-align ansi-regex@5.0.1 OK for: strip-ansi@6.0.1 want: ^5.0.1
3801 silly placeDep node_modules/clawdbot/node_modules/wrap-ansi-cjs emoji-regex@8.0.0 OK for: string-width@4.2.3 want: ^8.0.0
3802 silly placeDep node_modules/clawdbot/node_modules/wrap-ansi-cjs is-fullwidth-code-point@3.0.0 OK for: string-width@4.2.3 want: ^3.0.0
3803 silly placeDep node_modules/clawdbot/node_modules/wrap-ansi-cjs ansi-regex@5.0.1 OK for: strip-ansi@6.0.1 want: ^5.0.1
3804 silly placeDep node_modules/clawdbot/node_modules/yargs emoji-regex@8.0.0 OK for: string-width@4.2.3 want: ^8.0.0
3805 silly placeDep node_modules/clawdbot/node_modules/yargs is-fullwidth-code-point@3.0.0 OK for: string-width@4.2.3 want: ^3.0.0
3806 silly placeDep node_modules/clawdbot/node_modules/yargs strip-ansi@6.0.1 OK for: string-width@4.2.3 want: ^6.0.1
3807 silly placeDep node_modules/clawdbot/node_modules/yargs ansi-regex@5.0.1 OK for: strip-ansi@6.0.1 want: ^5.0.1
3808 silly placeDep node_modules/clawdbot/node_modules/node-llama-cpp ansi-regex@5.0.1 OK for: strip-ansi@6.0.1 want: ^5.0.1
3809 silly reify moves {}
3810 verbose reify failed optional dependency /opt/homebrew/lib/node_modules/clawdbot/node_modules/sqlite-vec-windows-x64
3811 silly reify mark deleted [
3811 silly reify   '/opt/homebrew/lib/node_modules/clawdbot/node_modules/sqlite-vec-windows-x64'
3811 silly reify ]
3812 verbose reify failed optional dependency /opt/homebrew/lib/node_modules/clawdbot/node_modules/sqlite-vec-linux-x64
3813 silly reify mark deleted [
3813 silly reify   '/opt/homebrew/lib/node_modules/clawdbot/node_modules/sqlite-vec-linux-x64'
3813 silly reify ]
3814 verbose reify failed optional dependency /opt/homebrew/lib/node_modules/clawdbot/node_modules/sqlite-vec-linux-arm64
3815 silly reify mark deleted [
3815 silly reify   '/opt/homebrew/lib/node_modules/clawdbot/node_modules/sqlite-vec-linux-arm64'
3815 silly reify ]
3816 verbose reify failed optional dependency /opt/homebrew/lib/node_modules/clawdbot/node_modules/sqlite-vec-darwin-x64
3817 silly reify mark deleted [
3817 silly reify   '/opt/homebrew/lib/node_modules/clawdbot/node_modules/sqlite-vec-darwin-x64'
3817 silly reify ]
3818 verbose reify failed optional dependency /opt/homebrew/lib/node_modules/clawdbot/node_modules/@img/sharp-win32-x64
3819 silly reify mark deleted [
3819 silly reify   '/opt/homebrew/lib/node_modules/clawdbot/node_modules/@img/sharp-win32-x64'
3819 silly reify ]
3820 verbose reify failed optional dependency /opt/homebrew/lib/node_modules/clawdbot/node_modules/@img/sharp-win32-ia32
3821 silly reify mark deleted [
3821 silly reify   '/opt/homebrew/lib/node_modules/clawdbot/node_modules/@img/sharp-win32-ia32'
3821 silly reify ]
3822 verbose reify failed optional dependency /opt/homebrew/lib/node_modules/clawdbot/node_modules/@img/sharp-win32-arm64
3823 silly reify mark deleted [
3823 silly reify   '/opt/homebrew/lib/node_modules/clawdbot/node_modules/@img/sharp-win32-arm64'
3823 silly reify ]
3824 verbose reify failed optional dependency /opt/homebrew/lib/node_modules/clawdbot/node_modules/@img/sharp-wasm32
3825 silly reify mark deleted [
3825 silly reify   '/opt/homebrew/lib/node_modules/clawdbot/node_modules/@img/sharp-wasm32'
3825 silly reify ]
3826 verbose reify failed optional dependency /opt/homebrew/lib/node_modules/clawdbot/node_modules/@emnapi/runtime
3827 silly reify mark deleted [
3827 silly reify   '/opt/homebrew/lib/node_modules/clawdbot/node_modules/@emnapi/runtime'
3827 silly reify ]
3828 verbose reify failed optional dependency /opt/homebrew/lib/node_modules/clawdbot/node_modules/@img/sharp-linuxmusl-x64
3829 silly reify mark deleted [
3829 silly reify   '/opt/homebrew/lib/node_modules/clawdbot/node_modules/@img/sharp-linuxmusl-x64'
3829 silly reify ]
3830 verbose reify failed optional dependency /opt/homebrew/lib/node_modules/clawdbot/node_modules/@img/sharp-linuxmusl-arm64
3831 silly reify mark deleted [
3831 silly reify   '/opt/homebrew/lib/node_modules/clawdbot/node_modules/@img/sharp-linuxmusl-arm64'
3831 silly reify ]
3832 verbose reify failed optional dependency /opt/homebrew/lib/node_modules/clawdbot/node_modules/@img/sharp-linux-x64
3833 silly reify mark deleted [
3833 silly reify   '/opt/homebrew/lib/node_modules/clawdbot/node_modules/@img/sharp-linux-x64'
3833 silly reify ]
3834 verbose reify failed optional dependency /opt/homebrew/lib/node_modules/clawdbot/node_modules/@img/sharp-linux-s390x
3835 silly reify mark deleted [
3835 silly reify   '/opt/homebrew/lib/node_modules/clawdbot/node_modules/@img/sharp-linux-s390x'
3835 silly reify ]
3836 verbose reify failed optional dependency /opt/homebrew/lib/node_modules/clawdbot/node_modules/@img/sharp-linux-riscv64
3837 silly reify mark deleted [
3837 silly reify   '/opt/homebrew/lib/node_modules/clawdbot/node_modules/@img/sharp-linux-riscv64'
3837 silly reify ]
3838 verbose reify failed optional dependency /opt/homebrew/lib/node_modules/clawdbot/node_modules/@img/sharp-linux-ppc64
3839 silly reify mark deleted [
3839 silly reify   '/opt/homebrew/lib/node_modules/clawdbot/node_modules/@img/sharp-linux-ppc64'
3839 silly reify ]
3840 verbose reify failed optional dependency /opt/homebrew/lib/node_modules/clawdbot/node_modules/@img/sharp-linux-arm64
3841 silly reify mark deleted [
3841 silly reify   '/opt/homebrew/lib/node_modules/clawdbot/node_modules/@img/sharp-linux-arm64'
3841 silly reify ]
3842 verbose reify failed optional dependency /opt/homebrew/lib/node_modules/clawdbot/node_modules/@img/sharp-linux-arm
3843 silly reify mark deleted [
3843 silly reify   '/opt/homebrew/lib/node_modules/clawdbot/node_modules/@img/sharp-linux-arm'
3843 silly reify ]
3844 verbose reify failed optional dependency /opt/homebrew/lib/node_modules/clawdbot/node_modules/@img/sharp-libvips-linuxmusl-x64
3845 silly reify mark deleted [
3845 silly reify   '/opt/homebrew/lib/node_modules/clawdbot/node_modules/@img/sharp-libvips-linuxmusl-x64'
3845 silly reify ]
3846 verbose reify failed optional dependency /opt/homebrew/lib/node_modules/clawdbot/node_modules/@img/sharp-libvips-linuxmusl-arm64
3847 silly reify mark deleted [
3847 silly reify   '/opt/homebrew/lib/node_modules/clawdbot/node_modules/@img/sharp-libvips-linuxmusl-arm64'
3847 silly reify ]
3848 verbose reify failed optional dependency /opt/homebrew/lib/node_modules/clawdbot/node_modules/@img/sharp-libvips-linux-x64
3849 silly reify mark deleted [
3849 silly reify   '/opt/homebrew/lib/node_modules/clawdbot/node_modules/@img/sharp-libvips-linux-x64'
3849 silly reify ]
3850 verbose reify failed optional dependency /opt/homebrew/lib/node_modules/clawdbot/node_modules/@img/sharp-libvips-linux-s390x
3851 silly reify mark deleted [
3851 silly reify   '/opt/homebrew/lib/node_modules/clawdbot/node_modules/@img/sharp-libvips-linux-s390x'
3851 silly reify ]
3852 verbose reify failed optional dependency /opt/homebrew/lib/node_modules/clawdbot/node_modules/@img/sharp-libvips-linux-riscv64
3853 silly reify mark deleted [
3853 silly reify   '/opt/homebrew/lib/node_modules/clawdbot/node_modules/@img/sharp-libvips-linux-riscv64'
3853 silly reify ]
3854 verbose reify failed optional dependency /opt/homebrew/lib/node_modules/clawdbot/node_modules/@img/sharp-libvips-linux-ppc64
3855 silly reify mark deleted [
3855 silly reify   '/opt/homebrew/lib/node_modules/clawdbot/node_modules/@img/sharp-libvips-linux-ppc64'
3855 silly reify ]
3856 verbose reify failed optional dependency /opt/homebrew/lib/node_modules/clawdbot/node_modules/@img/sharp-libvips-linux-arm64
3857 silly reify mark deleted [
3857 silly reify   '/opt/homebrew/lib/node_modules/clawdbot/node_modules/@img/sharp-libvips-linux-arm64'
3857 silly reify ]
3858 verbose reify failed optional dependency /opt/homebrew/lib/node_modules/clawdbot/node_modules/@img/sharp-libvips-linux-arm
3859 silly reify mark deleted [
3859 silly reify   '/opt/homebrew/lib/node_modules/clawdbot/node_modules/@img/sharp-libvips-linux-arm'
3859 silly reify ]
3860 verbose reify failed optional dependency /opt/homebrew/lib/node_modules/clawdbot/node_modules/@img/sharp-libvips-darwin-x64
3861 silly reify mark deleted [
3861 silly reify   '/opt/homebrew/lib/node_modules/clawdbot/node_modules/@img/sharp-libvips-darwin-x64'
3861 silly reify ]
3862 verbose reify failed optional dependency /opt/homebrew/lib/node_modules/clawdbot/node_modules/@img/sharp-darwin-x64
3863 silly reify mark deleted [
3863 silly reify   '/opt/homebrew/lib/node_modules/clawdbot/node_modules/@img/sharp-darwin-x64'
3863 silly reify ]
3864 verbose reify failed optional dependency /opt/homebrew/lib/node_modules/clawdbot/node_modules/@reflink/reflink-win32-x64-msvc
3865 silly reify mark deleted [
3865 silly reify   '/opt/homebrew/lib/node_modules/clawdbot/node_modules/@reflink/reflink-win32-x64-msvc'
3865 silly reify ]
3866 verbose reify failed optional dependency /opt/homebrew/lib/node_modules/clawdbot/node_modules/@reflink/reflink-win32-arm64-msvc
3867 silly reify mark deleted [
3867 silly reify   '/opt/homebrew/lib/node_modules/clawdbot/node_modules/@reflink/reflink-win32-arm64-msvc'
3867 silly reify ]
3868 verbose reify failed optional dependency /opt/homebrew/lib/node_modules/clawdbot/node_modules/@reflink/reflink-linux-x64-musl
3869 silly reify mark deleted [
3869 silly reify   '/opt/homebrew/lib/node_modules/clawdbot/node_modules/@reflink/reflink-linux-x64-musl'
3869 silly reify ]
3870 verbose reify failed optional dependency /opt/homebrew/lib/node_modules/clawdbot/node_modules/@reflink/reflink-linux-x64-gnu
3871 silly reify mark deleted [
3871 silly reify   '/opt/homebrew/lib/node_modules/clawdbot/node_modules/@reflink/reflink-linux-x64-gnu'
3871 silly reify ]
3872 verbose reify failed optional dependency /opt/homebrew/lib/node_modules/clawdbot/node_modules/@reflink/reflink-linux-arm64-musl
3873 silly reify mark deleted [
3873 silly reify   '/opt/homebrew/lib/node_modules/clawdbot/node_modules/@reflink/reflink-linux-arm64-musl'
3873 silly reify ]
3874 verbose reify failed optional dependency /opt/homebrew/lib/node_modules/clawdbot/node_modules/@reflink/reflink-linux-arm64-gnu
3875 silly reify mark deleted [
3875 silly reify   '/opt/homebrew/lib/node_modules/clawdbot/node_modules/@reflink/reflink-linux-arm64-gnu'
3875 silly reify ]
3876 verbose reify failed optional dependency /opt/homebrew/lib/node_modules/clawdbot/node_modules/@reflink/reflink-darwin-x64
3877 silly reify mark deleted [
3877 silly reify   '/opt/homebrew/lib/node_modules/clawdbot/node_modules/@reflink/reflink-darwin-x64'
3877 silly reify ]
3878 verbose reify failed optional dependency /opt/homebrew/lib/node_modules/clawdbot/node_modules/@node-llama-cpp/win-x64-vulkan
3879 silly reify mark deleted [
3879 silly reify   '/opt/homebrew/lib/node_modules/clawdbot/node_modules/@node-llama-cpp/win-x64-vulkan'
3879 silly reify ]
3880 verbose reify failed optional dependency /opt/homebrew/lib/node_modules/clawdbot/node_modules/@node-llama-cpp/win-x64-cuda-ext
3881 silly reify mark deleted [
3881 silly reify   '/opt/homebrew/lib/node_modules/clawdbot/node_modules/@node-llama-cpp/win-x64-cuda-ext'
3881 silly reify ]
3882 verbose reify failed optional dependency /opt/homebrew/lib/node_modules/clawdbot/node_modules/@node-llama-cpp/win-x64-cuda
3883 silly reify mark deleted [
3883 silly reify   '/opt/homebrew/lib/node_modules/clawdbot/node_modules/@node-llama-cpp/win-x64-cuda'
3883 silly reify ]
3884 verbose reify failed optional dependency /opt/homebrew/lib/node_modules/clawdbot/node_modules/@node-llama-cpp/win-x64
3885 silly reify mark deleted [
3885 silly reify   '/opt/homebrew/lib/node_modules/clawdbot/node_modules/@node-llama-cpp/win-x64'
3885 silly reify ]
3886 verbose reify failed optional dependency /opt/homebrew/lib/node_modules/clawdbot/node_modules/@node-llama-cpp/win-arm64
3887 silly reify mark deleted [
3887 silly reify   '/opt/homebrew/lib/node_modules/clawdbot/node_modules/@node-llama-cpp/win-arm64'
3887 silly reify ]
3888 verbose reify failed optional dependency /opt/homebrew/lib/node_modules/clawdbot/node_modules/@node-llama-cpp/mac-x64
3889 silly reify mark deleted [
3889 silly reify   '/opt/homebrew/lib/node_modules/clawdbot/node_modules/@node-llama-cpp/mac-x64'
3889 silly reify ]
3890 verbose reify failed optional dependency /opt/homebrew/lib/node_modules/clawdbot/node_modules/@node-llama-cpp/linux-x64-vulkan
3891 silly reify mark deleted [
3891 silly reify   '/opt/homebrew/lib/node_modules/clawdbot/node_modules/@node-llama-cpp/linux-x64-vulkan'
3891 silly reify ]
3892 verbose reify failed optional dependency /opt/homebrew/lib/node_modules/clawdbot/node_modules/@node-llama-cpp/linux-x64-cuda-ext
3893 silly reify mark deleted [
3893 silly reify   '/opt/homebrew/lib/node_modules/clawdbot/node_modules/@node-llama-cpp/linux-x64-cuda-ext'
3893 silly reify ]
3894 verbose reify failed optional dependency /opt/homebrew/lib/node_modules/clawdbot/node_modules/@node-llama-cpp/linux-x64-cuda
3895 silly reify mark deleted [
3895 silly reify   '/opt/homebrew/lib/node_modules/clawdbot/node_modules/@node-llama-cpp/linux-x64-cuda'
3895 silly reify ]
3896 verbose reify failed optional dependency /opt/homebrew/lib/node_modules/clawdbot/node_modules/@node-llama-cpp/linux-x64
3897 silly reify mark deleted [
3897 silly reify   '/opt/homebrew/lib/node_modules/clawdbot/node_modules/@node-llama-cpp/linux-x64'
3897 silly reify ]
3898 verbose reify failed optional dependency /opt/homebrew/lib/node_modules/clawdbot/node_modules/@node-llama-cpp/linux-armv7l
3899 silly reify mark deleted [
3899 silly reify   '/opt/homebrew/lib/node_modules/clawdbot/node_modules/@node-llama-cpp/linux-armv7l'
3899 silly reify ]
3900 verbose reify failed optional dependency /opt/homebrew/lib/node_modules/clawdbot/node_modules/@node-llama-cpp/linux-arm64
3901 silly reify mark deleted [
3901 silly reify   '/opt/homebrew/lib/node_modules/clawdbot/node_modules/@node-llama-cpp/linux-arm64'
3901 silly reify ]
3902 verbose reify failed optional dependency /opt/homebrew/lib/node_modules/clawdbot/node_modules/@napi-rs/canvas-win32-x64-msvc
3903 silly reify mark deleted [
3903 silly reify   '/opt/homebrew/lib/node_modules/clawdbot/node_modules/@napi-rs/canvas-win32-x64-msvc'
3903 silly reify ]
3904 verbose reify failed optional dependency /opt/homebrew/lib/node_modules/clawdbot/node_modules/@napi-rs/canvas-win32-arm64-msvc
3905 silly reify mark deleted [
3905 silly reify   '/opt/homebrew/lib/node_modules/clawdbot/node_modules/@napi-rs/canvas-win32-arm64-msvc'
3905 silly reify ]
3906 verbose reify failed optional dependency /opt/homebrew/lib/node_modules/clawdbot/node_modules/@napi-rs/canvas-linux-x64-musl
3907 silly reify mark deleted [
3907 silly reify   '/opt/homebrew/lib/node_modules/clawdbot/node_modules/@napi-rs/canvas-linux-x64-musl'
3907 silly reify ]
3908 verbose reify failed optional dependency /opt/homebrew/lib/node_modules/clawdbot/node_modules/@napi-rs/canvas-linux-x64-gnu
3909 silly reify mark deleted [
3909 silly reify   '/opt/homebrew/lib/node_modules/clawdbot/node_modules/@napi-rs/canvas-linux-x64-gnu'
3909 silly reify ]
3910 verbose reify failed optional dependency /opt/homebrew/lib/node_modules/clawdbot/node_modules/@napi-rs/canvas-linux-riscv64-gnu
3911 silly reify mark deleted [
3911 silly reify   '/opt/homebrew/lib/node_modules/clawdbot/node_modules/@napi-rs/canvas-linux-riscv64-gnu'
3911 silly reify ]
3912 verbose reify failed optional dependency /opt/homebrew/lib/node_modules/clawdbot/node_modules/@napi-rs/canvas-linux-arm64-musl
3913 silly reify mark deleted [
3913 silly reify   '/opt/homebrew/lib/node_modules/clawdbot/node_modules/@napi-rs/canvas-linux-arm64-musl'
3913 silly reify ]
3914 verbose reify failed optional dependency /opt/homebrew/lib/node_modules/clawdbot/node_modules/@napi-rs/canvas-linux-arm64-gnu
3915 silly reify mark deleted [
3915 silly reify   '/opt/homebrew/lib/node_modules/clawdbot/node_modules/@napi-rs/canvas-linux-arm64-gnu'
3915 silly reify ]
3916 verbose reify failed optional dependency /opt/homebrew/lib/node_modules/clawdbot/node_modules/@napi-rs/canvas-linux-arm-gnueabihf
3917 silly reify mark deleted [
3917 silly reify   '/opt/homebrew/lib/node_modules/clawdbot/node_modules/@napi-rs/canvas-linux-arm-gnueabihf'
3917 silly reify ]
3918 verbose reify failed optional dependency /opt/homebrew/lib/node_modules/clawdbot/node_modules/@napi-rs/canvas-darwin-x64
3919 silly reify mark deleted [
3919 silly reify   '/opt/homebrew/lib/node_modules/clawdbot/node_modules/@napi-rs/canvas-darwin-x64'
3919 silly reify ]
3920 verbose reify failed optional dependency /opt/homebrew/lib/node_modules/clawdbot/node_modules/@napi-rs/canvas-android-arm64
3921 silly reify mark deleted [
3921 silly reify   '/opt/homebrew/lib/node_modules/clawdbot/node_modules/@napi-rs/canvas-android-arm64'
3921 silly reify ]
3922 verbose reify failed optional dependency /opt/homebrew/lib/node_modules/clawdbot/node_modules/@mariozechner/clipboard-win32-x64-msvc
3923 silly reify mark deleted [
3923 silly reify   '/opt/homebrew/lib/node_modules/clawdbot/node_modules/@mariozechner/clipboard-win32-x64-msvc'
3923 silly reify ]
3924 verbose reify failed optional dependency /opt/homebrew/lib/node_modules/clawdbot/node_modules/@mariozechner/clipboard-win32-arm64-msvc
3925 silly reify mark deleted [
3925 silly reify   '/opt/homebrew/lib/node_modules/clawdbot/node_modules/@mariozechner/clipboard-win32-arm64-msvc'
3925 silly reify ]
3926 verbose reify failed optional dependency /opt/homebrew/lib/node_modules/clawdbot/node_modules/@mariozechner/clipboard-linux-x64-musl
3927 silly reify mark deleted [
3927 silly reify   '/opt/homebrew/lib/node_modules/clawdbot/node_modules/@mariozechner/clipboard-linux-x64-musl'
3927 silly reify ]
3928 verbose reify failed optional dependency /opt/homebrew/lib/node_modules/clawdbot/node_modules/@mariozechner/clipboard-linux-x64-gnu
3929 silly reify mark deleted [
3929 silly reify   '/opt/homebrew/lib/node_modules/clawdbot/node_modules/@mariozechner/clipboard-linux-x64-gnu'
3929 silly reify ]
3930 verbose reify failed optional dependency /opt/homebrew/lib/node_modules/clawdbot/node_modules/@mariozechner/clipboard-linux-riscv64-gnu
3931 silly reify mark deleted [
3931 silly reify   '/opt/homebrew/lib/node_modules/clawdbot/node_modules/@mariozechner/clipboard-linux-riscv64-gnu'
3931 silly reify ]
3932 verbose reify failed optional dependency /opt/homebrew/lib/node_modules/clawdbot/node_modules/@mariozechner/clipboard-linux-arm64-gnu
3933 silly reify mark deleted [
3933 silly reify   '/opt/homebrew/lib/node_modules/clawdbot/node_modules/@mariozechner/clipboard-linux-arm64-gnu'
3933 silly reify ]
3934 verbose reify failed optional dependency /opt/homebrew/lib/node_modules/clawdbot/node_modules/@mariozechner/clipboard-darwin-x64
3935 silly reify mark deleted [
3935 silly reify   '/opt/homebrew/lib/node_modules/clawdbot/node_modules/@mariozechner/clipboard-darwin-x64'
3935 silly reify ]
3936 verbose reify failed optional dependency /opt/homebrew/lib/node_modules/clawdbot/node_modules/@lydell/node-pty-win32-x64
3937 silly reify mark deleted [
3937 silly reify   '/opt/homebrew/lib/node_modules/clawdbot/node_modules/@lydell/node-pty-win32-x64'
3937 silly reify ]
3938 verbose reify failed optional dependency /opt/homebrew/lib/node_modules/clawdbot/node_modules/@lydell/node-pty-win32-arm64
3939 silly reify mark deleted [
3939 silly reify   '/opt/homebrew/lib/node_modules/clawdbot/node_modules/@lydell/node-pty-win32-arm64'
3939 silly reify ]
3940 verbose reify failed optional dependency /opt/homebrew/lib/node_modules/clawdbot/node_modules/@lydell/node-pty-linux-x64
3941 silly reify mark deleted [
3941 silly reify   '/opt/homebrew/lib/node_modules/clawdbot/node_modules/@lydell/node-pty-linux-x64'
3941 silly reify ]
3942 verbose reify failed optional dependency /opt/homebrew/lib/node_modules/clawdbot/node_modules/@lydell/node-pty-linux-arm64
3943 silly reify mark deleted [
3943 silly reify   '/opt/homebrew/lib/node_modules/clawdbot/node_modules/@lydell/node-pty-linux-arm64'
3943 silly reify ]
3944 verbose reify failed optional dependency /opt/homebrew/lib/node_modules/clawdbot/node_modules/@lydell/node-pty-darwin-x64
3945 silly reify mark deleted [
3945 silly reify   '/opt/homebrew/lib/node_modules/clawdbot/node_modules/@lydell/node-pty-darwin-x64'
3945 silly reify ]
3946 http cache clawdbot@https://registry.npmjs.org/clawdbot/-/clawdbot-2026.1.24-3.tgz 0ms (cache hit)
3947 http cache balanced-match@https://registry.npmjs.org/balanced-match/-/balanced-match-1.0.2.tgz 0ms (cache hit)
3948 http cache @pkgjs/parseargs@https://registry.npmjs.org/@pkgjs/parseargs/-/parseargs-0.11.0.tgz 0ms (cache hit)
3949 http cache webidl-conversions@https://registry.npmjs.org/webidl-conversions/-/webidl-conversions-3.0.1.tgz 0ms (cache hit)
3950 http cache @types/long@https://registry.npmjs.org/@types/long/-/long-4.0.2.tgz 0ms (cache hit)
3951 http cache whatwg-url@https://registry.npmjs.org/whatwg-url/-/whatwg-url-5.0.0.tgz 0ms (cache hit)
3952 http cache brace-expansion@https://registry.npmjs.org/brace-expansion/-/brace-expansion-2.0.2.tgz 0ms (cache hit)
3953 http cache tr46@https://registry.npmjs.org/tr46/-/tr46-0.0.3.tgz 0ms (cache hit)
3954 http cache mkdirp@https://registry.npmjs.org/mkdirp/-/mkdirp-1.0.4.tgz 0ms (cache hit)
3955 http cache fs-minipass@https://registry.npmjs.org/fs-minipass/-/fs-minipass-2.1.0.tgz 0ms (cache hit)
3956 http cache color-name@https://registry.npmjs.org/color-name/-/color-name-1.1.4.tgz 0ms (cache hit)
3957 http cache has-flag@https://registry.npmjs.org/has-flag/-/has-flag-4.0.0.tgz 0ms (cache hit)
3958 http cache minipass@https://registry.npmjs.org/minipass/-/minipass-3.3.6.tgz 0ms (cache hit)
3959 http cache color-convert@https://registry.npmjs.org/color-convert/-/color-convert-2.0.1.tgz 0ms (cache hit)
3960 http cache yallist@https://registry.npmjs.org/yallist/-/yallist-4.0.0.tgz 0ms (cache hit)
3961 http cache y18n@https://registry.npmjs.org/y18n/-/y18n-5.0.8.tgz 0ms (cache hit)
3962 http cache yargs-parser@https://registry.npmjs.org/yargs-parser/-/yargs-parser-20.2.9.tgz 0ms (cache hit)
3963 http cache require-directory@https://registry.npmjs.org/require-directory/-/require-directory-2.1.1.tgz 0ms (cache hit)
3964 http cache supports-color@https://registry.npmjs.org/supports-color/-/supports-color-7.2.0.tgz 0ms (cache hit)
3965 http cache get-caller-file@https://registry.npmjs.org/get-caller-file/-/get-caller-file-2.0.5.tgz 0ms (cache hit)
3966 http cache escalade@https://registry.npmjs.org/escalade/-/escalade-3.2.0.tgz 0ms (cache hit)
3967 http cache ansi-styles@https://registry.npmjs.org/ansi-styles/-/ansi-styles-4.3.0.tgz 0ms (cache hit)
3968 http cache ansi-regex@https://registry.npmjs.org/ansi-regex/-/ansi-regex-5.0.1.tgz 0ms (cache hit)
3969 http cache emoji-regex@https://registry.npmjs.org/emoji-regex/-/emoji-regex-8.0.0.tgz 0ms (cache hit)
3970 http cache string-width@https://registry.npmjs.org/string-width/-/string-width-4.2.3.tgz 0ms (cache hit)
3971 http cache strip-ansi@https://registry.npmjs.org/strip-ansi/-/strip-ansi-6.0.1.tgz 0ms (cache hit)
3972 http cache ieee754@https://registry.npmjs.org/ieee754/-/ieee754-1.2.1.tgz 0ms (cache hit)
3973 http cache is-fullwidth-code-point@https://registry.npmjs.org/is-fullwidth-code-point/-/is-fullwidth-code-point-3.0.0.tgz 0ms (cache hit)
3974 http cache wrap-ansi@https://registry.npmjs.org/wrap-ansi/-/wrap-ansi-7.0.0.tgz 0ms (cache hit)
3975 http cache yallist@https://registry.npmjs.org/yallist/-/yallist-5.0.0.tgz 0ms (cache hit)
3976 http cache thenify@https://registry.npmjs.org/thenify/-/thenify-3.3.1.tgz 0ms (cache hit)
3977 http cache minizlib@https://registry.npmjs.org/minizlib/-/minizlib-3.1.0.tgz 0ms (cache hit)
3978 http cache emoji-regex@https://registry.npmjs.org/emoji-regex/-/emoji-regex-9.2.2.tgz 0ms (cache hit)
3979 http cache chownr@https://registry.npmjs.org/chownr/-/chownr-3.0.0.tgz 0ms (cache hit)
3980 http cache @isaacs/fs-minipass@https://registry.npmjs.org/@isaacs/fs-minipass/-/fs-minipass-4.0.1.tgz 0ms (cache hit)
3981 http cache ansi-regex@https://registry.npmjs.org/ansi-regex/-/ansi-regex-6.2.2.tgz 0ms (cache hit)
3982 http cache ansi-escapes@https://registry.npmjs.org/ansi-escapes/-/ansi-escapes-6.2.1.tgz 0ms (cache hit)
3983 http cache sqlite-vec-darwin-arm64@https://registry.npmjs.org/sqlite-vec-darwin-arm64/-/sqlite-vec-darwin-arm64-0.1.7-alpha.2.tgz 0ms (cache hit)
3984 http cache buffer-from@https://registry.npmjs.org/buffer-from/-/buffer-from-1.1.2.tgz 0ms (cache hit)
3985 http cache isexe@https://registry.npmjs.org/isexe/-/isexe-2.0.0.tgz 0ms (cache hit)
3986 http cache eastasianwidth@https://registry.npmjs.org/eastasianwidth/-/eastasianwidth-0.2.0.tgz 0ms (cache hit)
3987 http cache is-fullwidth-code-point@https://registry.npmjs.org/is-fullwidth-code-point/-/is-fullwidth-code-point-5.1.0.tgz 0ms (cache hit)
3988 http cache @kwsites/file-exists@https://registry.npmjs.org/@kwsites/file-exists/-/file-exists-1.1.1.tgz 0ms (cache hit)
3989 http cache ansi-styles@https://registry.npmjs.org/ansi-styles/-/ansi-styles-6.2.3.tgz 0ms (cache hit)
3990 http cache @kwsites/promise-deferred@https://registry.npmjs.org/@kwsites/promise-deferred/-/promise-deferred-1.1.1.tgz 0ms (cache hit)
3991 http cache call-bound@https://registry.npmjs.org/call-bound/-/call-bound-1.0.4.tgz 0ms (cache hit)
3992 http cache source-map@https://registry.npmjs.org/source-map/-/source-map-0.6.1.tgz 0ms (cache hit)
3993 http cache side-channel-list@https://registry.npmjs.org/side-channel-list/-/side-channel-list-1.0.0.tgz 0ms (cache hit)
3994 http cache side-channel-map@https://registry.npmjs.org/side-channel-map/-/side-channel-map-1.0.1.tgz 0ms (cache hit)
3995 http cache side-channel-weakmap@https://registry.npmjs.org/side-channel-weakmap/-/side-channel-weakmap-1.0.2.tgz 0ms (cache hit)
3996 http cache cliui@https://registry.npmjs.org/cliui/-/cliui-7.0.4.tgz 0ms (cache hit)
3997 http cache @img/sharp-libvips-darwin-arm64@https://registry.npmjs.org/@img/sharp-libvips-darwin-arm64/-/sharp-libvips-darwin-arm64-1.2.4.tgz 0ms (cache hit)
3998 http cache object-inspect@https://registry.npmjs.org/object-inspect/-/object-inspect-1.13.4.tgz 0ms (cache hit)
3999 http cache @img/colour@https://registry.npmjs.org/@img/colour/-/colour-1.0.0.tgz 0ms (cache hit)
4000 http cache is-promise@https://registry.npmjs.org/is-promise/-/is-promise-4.0.0.tgz 0ms (cache hit)
4001 http cache mimic-function@https://registry.npmjs.org/mimic-function/-/mimic-function-5.0.1.tgz 0ms (cache hit)
4002 http cache onetime@https://registry.npmjs.org/onetime/-/onetime-7.0.0.tgz 0ms (cache hit)
4003 http cache util-deprecate@https://registry.npmjs.org/util-deprecate/-/util-deprecate-1.0.2.tgz 0ms (cache hit)
4004 http cache @img/sharp-darwin-arm64@https://registry.npmjs.org/@img/sharp-darwin-arm64/-/sharp-darwin-arm64-0.34.5.tgz 0ms (cache hit)
4005 http cache safe-buffer@https://registry.npmjs.org/safe-buffer/-/safe-buffer-5.1.2.tgz 0ms (cache hit)
4006 http cache strip-json-comments@https://registry.npmjs.org/strip-json-comments/-/strip-json-comments-2.0.1.tgz 0ms (cache hit)
4007 http cache minimist@https://registry.npmjs.org/minimist/-/minimist-1.2.8.tgz 0ms (cache hit)
4008 http cache deep-extend@https://registry.npmjs.org/deep-extend/-/deep-extend-0.6.0.tgz 0ms (cache hit)
4009 http cache ini@https://registry.npmjs.org/ini/-/ini-1.3.8.tgz 0ms (cache hit)
4010 http cache isarray@https://registry.npmjs.org/isarray/-/isarray-1.0.0.tgz 0ms (cache hit)
4011 http cache unpipe@https://registry.npmjs.org/unpipe/-/unpipe-1.0.0.tgz 0ms (cache hit)
4012 http cache core-util-is@https://registry.npmjs.org/core-util-is/-/core-util-is-1.0.3.tgz 0ms (cache hit)
4013 http cache side-channel@https://registry.npmjs.org/side-channel/-/side-channel-1.1.0.tgz 0ms (cache hit)
4014 http cache @protobufjs/utf8@https://registry.npmjs.org/@protobufjs/utf8/-/utf8-1.1.0.tgz 0ms (cache hit)
4015 http cache @protobufjs/pool@https://registry.npmjs.org/@protobufjs/pool/-/pool-1.1.0.tgz 0ms (cache hit)
4016 http cache @protobufjs/path@https://registry.npmjs.org/@protobufjs/path/-/path-1.1.2.tgz 0ms (cache hit)
4017 http cache string_decoder@https://registry.npmjs.org/string_decoder/-/string_decoder-1.1.1.tgz 0ms (cache hit)
4018 http cache ipaddr.js@https://registry.npmjs.org/ipaddr.js/-/ipaddr.js-1.9.1.tgz 0ms (cache hit)
4019 http cache process-nextick-args@https://registry.npmjs.org/process-nextick-args/-/process-nextick-args-2.0.1.tgz 0ms (cache hit)
4020 http cache @protobufjs/float@https://registry.npmjs.org/@protobufjs/float/-/float-1.0.2.tgz 0ms (cache hit)
4021 http cache @protobufjs/fetch@https://registry.npmjs.org/@protobufjs/fetch/-/fetch-1.1.0.tgz 0ms (cache hit)
4022 http cache @protobufjs/eventemitter@https://registry.npmjs.org/@protobufjs/eventemitter/-/eventemitter-1.1.0.tgz 0ms (cache hit)
4023 http cache forwarded@https://registry.npmjs.org/forwarded/-/forwarded-0.2.0.tgz 0ms (cache hit)
4024 http cache @protobufjs/base64@https://registry.npmjs.org/@protobufjs/base64/-/base64-1.1.2.tgz 0ms (cache hit)
4025 http cache @protobufjs/codegen@https://registry.npmjs.org/@protobufjs/codegen/-/codegen-2.0.4.tgz 0ms (cache hit)
4026 http cache @protobufjs/aspromise@https://registry.npmjs.org/@protobufjs/aspromise/-/aspromise-1.1.2.tgz 0ms (cache hit)
4027 http cache split2@https://registry.npmjs.org/split2/-/split2-4.2.0.tgz 0ms (cache hit)
4028 http cache thread-stream@https://registry.npmjs.org/thread-stream/-/thread-stream-3.1.0.tgz 0ms (cache hit)
4029 http cache parse-ms@https://registry.npmjs.org/parse-ms/-/parse-ms-4.0.0.tgz 0ms (cache hit)
4030 http cache @protobufjs/inquire@https://registry.npmjs.org/@protobufjs/inquire/-/inquire-1.1.0.tgz 0ms (cache hit)
4031 http cache sonic-boom@https://registry.npmjs.org/sonic-boom/-/sonic-boom-4.2.0.tgz 0ms (cache hit)
4032 http cache real-require@https://registry.npmjs.org/real-require/-/real-require-0.2.0.tgz 0ms (cache hit)
4033 http cache process-warning@https://registry.npmjs.org/process-warning/-/process-warning-5.0.0.tgz 0ms (cache hit)
4034 http cache pino-std-serializers@https://registry.npmjs.org/pino-std-serializers/-/pino-std-serializers-7.1.0.tgz 0ms (cache hit)
4035 http cache pino-abstract-transport@https://registry.npmjs.org/pino-abstract-transport/-/pino-abstract-transport-2.0.0.tgz 0ms (cache hit)
4036 http cache safe-stable-stringify@https://registry.npmjs.org/safe-stable-stringify/-/safe-stable-stringify-2.5.0.tgz 0ms (cache hit)
4037 http cache @pinojs/redact@https://registry.npmjs.org/@pinojs/redact/-/redact-0.4.0.tgz 0ms (cache hit)
4038 http cache p-finally@https://registry.npmjs.org/p-finally/-/p-finally-1.0.0.tgz 0ms (cache hit)
4039 http cache on-exit-leak-free@https://registry.npmjs.org/on-exit-leak-free/-/on-exit-leak-free-2.1.2.tgz 0ms (cache hit)
4040 http cache @emnapi/runtime@https://registry.npmjs.org/@emnapi/runtime/-/runtime-1.8.1.tgz 0ms (cache hit)
4041 http cache atomic-sleep@https://registry.npmjs.org/atomic-sleep/-/atomic-sleep-1.0.0.tgz 0ms (cache hit)
4042 http cache stdin-discarder@https://registry.npmjs.org/stdin-discarder/-/stdin-discarder-0.2.2.tgz 0ms (cache hit)
4043 http cache restore-cursor@https://registry.npmjs.org/restore-cursor/-/restore-cursor-5.1.0.tgz 0ms (cache hit)
4044 http cache cli-cursor@https://registry.npmjs.org/cli-cursor/-/cli-cursor-5.0.0.tgz 0ms (cache hit)
4045 http cache wrappy@https://registry.npmjs.org/wrappy/-/wrappy-1.0.2.tgz 0ms (cache hit)
4046 http cache p-timeout@https://registry.npmjs.org/p-timeout/-/p-timeout-3.2.0.tgz 0ms (cache hit)
4047 http cache is-interactive@https://registry.npmjs.org/is-interactive/-/is-interactive-2.0.0.tgz 0ms (cache hit)
4048 http cache @octokit/webhooks-methods@https://registry.npmjs.org/@octokit/webhooks-methods/-/webhooks-methods-6.0.0.tgz 0ms (cache hit)
4049 http cache fast-content-type-parse@https://registry.npmjs.org/fast-content-type-parse/-/fast-content-type-parse-3.0.0.tgz 0ms (cache hit)
4050 http cache @octokit/openapi-webhooks-types@https://registry.npmjs.org/@octokit/openapi-webhooks-types/-/openapi-webhooks-types-12.1.0.tgz 0ms (cache hit)
4051 http cache @octokit/endpoint@https://registry.npmjs.org/@octokit/endpoint/-/endpoint-11.0.2.tgz 0ms (cache hit)
4052 http cache quick-format-unescaped@https://registry.npmjs.org/quick-format-unescaped/-/quick-format-unescaped-4.0.4.tgz 0ms (cache hit)
4053 http cache ee-first@https://registry.npmjs.org/ee-first/-/ee-first-1.1.1.tgz 0ms (cache hit)
4054 http cache @octokit/openapi-types@https://registry.npmjs.org/@octokit/openapi-types/-/openapi-types-27.0.0.tgz 0ms (cache hit)
4055 http cache shebang-regex@https://registry.npmjs.org/shebang-regex/-/shebang-regex-3.0.0.tgz 0ms (cache hit)
4056 http cache @octokit/graphql@https://registry.npmjs.org/@octokit/graphql/-/graphql-9.0.3.tgz 0ms (cache hit)
4057 http cache before-after-hook@https://registry.npmjs.org/before-after-hook/-/before-after-hook-4.0.0.tgz 0ms (cache hit)
4058 http cache @octokit/auth-token@https://registry.npmjs.org/@octokit/auth-token/-/auth-token-6.0.0.tgz 0ms (cache hit)
4059 http cache @octokit/oauth-authorization-url@https://registry.npmjs.org/@octokit/oauth-authorization-url/-/oauth-authorization-url-8.0.0.tgz 0ms (cache hit)
4060 http cache @octokit/oauth-methods@https://registry.npmjs.org/@octokit/oauth-methods/-/oauth-methods-6.0.2.tgz 0ms (cache hit)
4061 http cache @octokit/auth-oauth-device@https://registry.npmjs.org/@octokit/auth-oauth-device/-/auth-oauth-device-8.0.3.tgz 0ms (cache hit)
4062 http cache @octokit/auth-oauth-user@https://registry.npmjs.org/@octokit/auth-oauth-user/-/auth-oauth-user-6.0.2.tgz 0ms (cache hit)
4063 http cache toad-cache@https://registry.npmjs.org/toad-cache/-/toad-cache-3.7.0.tgz 0ms (cache hit)
4064 http cache universal-github-app-jwt@https://registry.npmjs.org/universal-github-app-jwt/-/universal-github-app-jwt-2.2.2.tgz 0ms (cache hit)
4065 http cache @octokit/request@https://registry.npmjs.org/@octokit/request/-/request-10.0.7.tgz 0ms (cache hit)
4066 http cache @octokit/auth-unauthenticated@https://registry.npmjs.org/@octokit/auth-unauthenticated/-/auth-unauthenticated-7.0.3.tgz 0ms (cache hit)
4067 http cache @octokit/webhooks@https://registry.npmjs.org/@octokit/webhooks/-/webhooks-14.2.0.tgz 0ms (cache hit)
4068 http cache @octokit/request-error@https://registry.npmjs.org/@octokit/request-error/-/request-error-7.1.0.tgz 0ms (cache hit)
4069 http cache @octokit/plugin-retry@https://registry.npmjs.org/@octokit/plugin-retry/-/plugin-retry-8.0.3.tgz 0ms (cache hit)
4070 http cache @octokit/plugin-throttling@https://registry.npmjs.org/@octokit/plugin-throttling/-/plugin-throttling-11.0.3.tgz 0ms (cache hit)
4071 http cache @octokit/plugin-rest-endpoint-methods@https://registry.npmjs.org/@octokit/plugin-rest-endpoint-methods/-/plugin-rest-endpoint-methods-17.0.0.tgz 0ms (cache hit)
4072 http cache @octokit/plugin-paginate-rest@https://registry.npmjs.org/@octokit/plugin-paginate-rest/-/plugin-paginate-rest-14.0.0.tgz 0ms (cache hit)
4073 http cache @octokit/auth-app@https://registry.npmjs.org/@octokit/auth-app/-/auth-app-8.1.2.tgz 0ms (cache hit)
4074 http cache @octokit/oauth-app@https://registry.npmjs.org/@octokit/oauth-app/-/oauth-app-8.0.3.tgz 0ms (cache hit)
4075 http cache @octokit/plugin-paginate-graphql@https://registry.npmjs.org/@octokit/plugin-paginate-graphql/-/plugin-paginate-graphql-6.0.0.tgz 0ms (cache hit)
4076 http cache wide-align@https://registry.npmjs.org/wide-align/-/wide-align-1.1.5.tgz 0ms (cache hit)
4077 http cache universal-user-agent@https://registry.npmjs.org/universal-user-agent/-/universal-user-agent-7.0.3.tgz 0ms (cache hit)
4078 http cache @types/aws-lambda@https://registry.npmjs.org/@types/aws-lambda/-/aws-lambda-8.10.160.tgz 0ms (cache hit)
4079 http cache ansi-regex@https://registry.npmjs.org/ansi-regex/-/ansi-regex-5.0.1.tgz 0ms (cache hit)
4080 http cache @octokit/app@https://registry.npmjs.org/@octokit/app/-/app-16.1.2.tgz 0ms (cache hit)
4081 http cache @octokit/types@https://registry.npmjs.org/@octokit/types/-/types-16.0.0.tgz 0ms (cache hit)
4082 http cache strip-ansi@https://registry.npmjs.org/strip-ansi/-/strip-ansi-6.0.1.tgz 0ms (cache hit)
4083 http cache color-support@https://registry.npmjs.org/color-support/-/color-support-1.1.3.tgz 0ms (cache hit)
4084 http cache @octokit/auth-oauth-app@https://registry.npmjs.org/@octokit/auth-oauth-app/-/auth-oauth-app-9.0.3.tgz 0ms (cache hit)
4085 http cache has-unicode@https://registry.npmjs.org/has-unicode/-/has-unicode-2.0.1.tgz 0ms (cache hit)
4086 http cache delegates@https://registry.npmjs.org/delegates/-/delegates-1.0.0.tgz 0ms (cache hit)
4087 http cache aproba@https://registry.npmjs.org/aproba/-/aproba-2.1.0.tgz 0ms (cache hit)
4088 http cache is-fullwidth-code-point@https://registry.npmjs.org/is-fullwidth-code-point/-/is-fullwidth-code-point-3.0.0.tgz 0ms (cache hit)
4089 http cache string-width@https://registry.npmjs.org/string-width/-/string-width-4.2.3.tgz 0ms (cache hit)
4090 http cache gauge@https://registry.npmjs.org/gauge/-/gauge-4.0.4.tgz 0ms (cache hit)
4091 http cache is-fullwidth-code-point@https://registry.npmjs.org/is-fullwidth-code-point/-/is-fullwidth-code-point-3.0.0.tgz 0ms (cache hit)
4092 http cache emoji-regex@https://registry.npmjs.org/emoji-regex/-/emoji-regex-8.0.0.tgz 0ms (cache hit)
4093 http cache string-width@https://registry.npmjs.org/string-width/-/string-width-4.2.3.tgz 0ms (cache hit)
4094 http cache ansi-regex@https://registry.npmjs.org/ansi-regex/-/ansi-regex-5.0.1.tgz 0ms (cache hit)
4095 http cache console-control-strings@https://registry.npmjs.org/console-control-strings/-/console-control-strings-1.1.0.tgz 0ms (cache hit)
4096 http cache steno@https://registry.npmjs.org/steno/-/steno-4.0.2.tgz 0ms (cache hit)
4097 http cache emoji-regex@https://registry.npmjs.org/emoji-regex/-/emoji-regex-8.0.0.tgz 0ms (cache hit)
4098 http cache @reflink/reflink-darwin-arm64@https://registry.npmjs.org/@reflink/reflink-darwin-arm64/-/reflink-darwin-arm64-0.1.19.tgz 0ms (cache hit)
4099 http cache readable-stream@https://registry.npmjs.org/readable-stream/-/readable-stream-3.6.2.tgz 0ms (cache hit)
4100 http cache @octokit/core@https://registry.npmjs.org/@octokit/core/-/core-7.0.6.tgz 0ms (cache hit)
4101 http cache sleep-promise@https://registry.npmjs.org/sleep-promise/-/sleep-promise-9.1.0.tgz 0ms (cache hit)
4102 http cache lowdb@https://registry.npmjs.org/lowdb/-/lowdb-7.0.1.tgz 0ms (cache hit)
4103 http cache lodash.debounce@https://registry.npmjs.org/lodash.debounce/-/lodash.debounce-4.0.8.tgz 0ms (cache hit)
4104 http cache pretty-bytes@https://registry.npmjs.org/pretty-bytes/-/pretty-bytes-6.1.1.tgz 0ms (cache hit)
4105 http cache cli-spinners@https://registry.npmjs.org/cli-spinners/-/cli-spinners-2.9.2.tgz 0ms (cache hit)
4106 http cache @reflink/reflink@https://registry.npmjs.org/@reflink/reflink/-/reflink-0.1.19.tgz 0ms (cache hit)
4107 http cache @tinyhttp/content-disposition@https://registry.npmjs.org/@tinyhttp/content-disposition/-/content-disposition-2.2.3.tgz 0ms (cache hit)
4108 http cache jsonfile@https://registry.npmjs.org/jsonfile/-/jsonfile-6.2.0.tgz 0ms (cache hit)
4109 http cache graceful-fs@https://registry.npmjs.org/graceful-fs/-/graceful-fs-4.2.11.tgz 0ms (cache hit)
4110 http cache ci-info@https://registry.npmjs.org/ci-info/-/ci-info-4.3.1.tgz 0ms (cache hit)
4111 http cache universalify@https://registry.npmjs.org/universalify/-/universalify-2.0.1.tgz 0ms (cache hit)
4112 http cache npmlog@https://registry.npmjs.org/npmlog/-/npmlog-6.0.2.tgz 0ms (cache hit)
4113 http cache strip-ansi@https://registry.npmjs.org/strip-ansi/-/strip-ansi-6.0.1.tgz 0ms (cache hit)
4114 http cache url-join@https://registry.npmjs.org/url-join/-/url-join-4.0.1.tgz 0ms (cache hit)
4115 http cache signal-exit@https://registry.npmjs.org/signal-exit/-/signal-exit-3.0.7.tgz 0ms (cache hit)
4116 http cache set-blocking@https://registry.npmjs.org/set-blocking/-/set-blocking-2.0.0.tgz 0ms (cache hit)
4117 http cache memory-stream@https://registry.npmjs.org/memory-stream/-/memory-stream-1.0.0.tgz 0ms (cache hit)
4118 http cache validate-npm-package-name@https://registry.npmjs.org/validate-npm-package-name/-/validate-npm-package-name-6.0.2.tgz 0ms (cache hit)
4119 http cache rc@https://registry.npmjs.org/rc/-/rc-1.2.8.tgz 0ms (cache hit)
4120 http cache readable-stream@https://registry.npmjs.org/readable-stream/-/readable-stream-3.6.2.tgz 0ms (cache hit)
4121 http cache string-width@https://registry.npmjs.org/string-width/-/string-width-7.2.0.tgz 0ms (cache hit)
4122 http cache emoji-regex@https://registry.npmjs.org/emoji-regex/-/emoji-regex-10.6.0.tgz 0ms (cache hit)
4123 http cache node-api-headers@https://registry.npmjs.org/node-api-headers/-/node-api-headers-1.8.0.tgz 0ms (cache hit)
4124 http cache filename-reserved-regex@https://registry.npmjs.org/filename-reserved-regex/-/filename-reserved-regex-3.0.0.tgz 0ms (cache hit)
4125 http cache stdout-update@https://registry.npmjs.org/stdout-update/-/stdout-update-4.0.1.tgz 0ms (cache hit)
4126 http cache slice-ansi@https://registry.npmjs.org/slice-ansi/-/slice-ansi-7.1.2.tgz 0ms (cache hit)
4127 http cache ora@https://registry.npmjs.org/ora/-/ora-8.2.0.tgz 0ms (cache hit)
4128 http cache are-we-there-yet@https://registry.npmjs.org/are-we-there-yet/-/are-we-there-yet-3.0.1.tgz 0ms (cache hit)
4129 http cache simple-git@https://registry.npmjs.org/simple-git/-/simple-git-3.30.0.tgz 0ms (cache hit)
4130 http cache emoji-regex@https://registry.npmjs.org/emoji-regex/-/emoji-regex-10.6.0.tgz 0ms (cache hit)
4131 http cache log-symbols@https://registry.npmjs.org/log-symbols/-/log-symbols-6.0.0.tgz 0ms (cache hit)
4132 http cache is-unicode-supported@https://registry.npmjs.org/is-unicode-supported/-/is-unicode-supported-1.3.0.tgz 0ms (cache hit)
4133 http cache octokit@https://registry.npmjs.org/octokit/-/octokit-5.0.5.tgz 0ms (cache hit)
4134 http cache nanoid@https://registry.npmjs.org/nanoid/-/nanoid-5.1.6.tgz 0ms (cache hit)
4135 http cache node-addon-api@https://registry.npmjs.org/node-addon-api/-/node-addon-api-8.5.0.tgz 0ms (cache hit)
4136 http cache is-unicode-supported@https://registry.npmjs.org/is-unicode-supported/-/is-unicode-supported-2.1.0.tgz 0ms (cache hit)
4137 http cache lifecycle-utils@https://registry.npmjs.org/lifecycle-utils/-/lifecycle-utils-3.0.1.tgz 0ms (cache hit)
4138 http cache parse-ms@https://registry.npmjs.org/parse-ms/-/parse-ms-3.0.0.tgz 0ms (cache hit)
4139 http cache commander@https://registry.npmjs.org/commander/-/commander-10.0.1.tgz 0ms (cache hit)
4140 http cache lifecycle-utils@https://registry.npmjs.org/lifecycle-utils/-/lifecycle-utils-2.1.0.tgz 0ms (cache hit)
4141 http cache pretty-ms@https://registry.npmjs.org/pretty-ms/-/pretty-ms-8.0.0.tgz 0ms (cache hit)
4142 http cache filenamify@https://registry.npmjs.org/filenamify/-/filenamify-6.0.0.tgz 0ms (cache hit)
4143 http cache env-var@https://registry.npmjs.org/env-var/-/env-var-7.5.0.tgz 0ms (cache hit)
4144 http cache cmake-js@https://registry.npmjs.org/cmake-js/-/cmake-js-7.4.0.tgz 0ms (cache hit)
4145 http cache ansi-styles@https://registry.npmjs.org/ansi-styles/-/ansi-styles-4.3.0.tgz 0ms (cache hit)
4146 http cache ignore@https://registry.npmjs.org/ignore/-/ignore-7.0.5.tgz 0ms (cache hit)
4147 http cache ansi-regex@https://registry.npmjs.org/ansi-regex/-/ansi-regex-5.0.1.tgz 0ms (cache hit)
4148 http cache emoji-regex@https://registry.npmjs.org/emoji-regex/-/emoji-regex-8.0.0.tgz 0ms (cache hit)
4149 http cache is-fullwidth-code-point@https://registry.npmjs.org/is-fullwidth-code-point/-/is-fullwidth-code-point-3.0.0.tgz 0ms (cache hit)
4150 http cache wrap-ansi@https://registry.npmjs.org/wrap-ansi/-/wrap-ansi-7.0.0.tgz 0ms (cache hit)
4151 http cache fs-extra@https://registry.npmjs.org/fs-extra/-/fs-extra-11.3.3.tgz 0ms (cache hit)
4152 http cache strip-ansi@https://registry.npmjs.org/strip-ansi/-/strip-ansi-6.0.1.tgz 0ms (cache hit)
4153 http cache string-width@https://registry.npmjs.org/string-width/-/string-width-4.2.3.tgz 0ms (cache hit)
4154 http cache cliui@https://registry.npmjs.org/cliui/-/cliui-8.0.1.tgz 0ms (cache hit)
4155 http cache minizlib@https://registry.npmjs.org/minizlib/-/minizlib-2.1.2.tgz 0ms (cache hit)
4156 http cache yargs-parser@https://registry.npmjs.org/yargs-parser/-/yargs-parser-21.1.1.tgz 0ms (cache hit)
4157 http cache string-width@https://registry.npmjs.org/string-width/-/string-width-7.2.0.tgz 0ms (cache hit)
4158 http cache pretty-ms@https://registry.npmjs.org/pretty-ms/-/pretty-ms-9.3.0.tgz 0ms (cache hit)
4159 http cache yallist@https://registry.npmjs.org/yallist/-/yallist-4.0.0.tgz 0ms (cache hit)
4160 http cache log-symbols@https://registry.npmjs.org/log-symbols/-/log-symbols-7.0.1.tgz 0ms (cache hit)
4161 http cache minipass@https://registry.npmjs.org/minipass/-/minipass-3.3.6.tgz 0ms (cache hit)
4162 http cache chownr@https://registry.npmjs.org/chownr/-/chownr-2.0.0.tgz 0ms (cache hit)
4163 http cache async-retry@https://registry.npmjs.org/async-retry/-/async-retry-1.3.3.tgz 0ms (cache hit)
4164 http cache ipull@https://registry.npmjs.org/ipull/-/ipull-3.9.3.tgz 0ms (cache hit)
4165 http cache tar@https://registry.npmjs.org/tar/-/tar-6.2.1.tgz 0ms (cache hit)
4166 http cache @node-llama-cpp/mac-arm64-metal@https://registry.npmjs.org/@node-llama-cpp/mac-arm64-metal/-/mac-arm64-metal-3.15.0.tgz 0ms (cache hit)
4167 http cache yargs@https://registry.npmjs.org/yargs/-/yargs-17.7.2.tgz 0ms (cache hit)
4168 http cache fetch-blob@https://registry.npmjs.org/fetch-blob/-/fetch-blob-3.2.0.tgz 0ms (cache hit)
4169 http cache minipass@https://registry.npmjs.org/minipass/-/minipass-5.0.0.tgz 0ms (cache hit)
4170 http cache @huggingface/jinja@https://registry.npmjs.org/@huggingface/jinja/-/jinja-0.5.4.tgz 0ms (cache hit)
4171 http cache web-streams-polyfill@https://registry.npmjs.org/web-streams-polyfill/-/web-streams-polyfill-3.3.3.tgz 0ms (cache hit)
4172 http cache data-uri-to-buffer@https://registry.npmjs.org/data-uri-to-buffer/-/data-uri-to-buffer-4.0.1.tgz 0ms (cache hit)
4173 http cache thenify-all@https://registry.npmjs.org/thenify-all/-/thenify-all-1.6.0.tgz 0ms (cache hit)
4174 http cache object-assign@https://registry.npmjs.org/object-assign/-/object-assign-4.1.1.tgz 0ms (cache hit)
4175 http cache any-promise@https://registry.npmjs.org/any-promise/-/any-promise-1.3.0.tgz 0ms (cache hit)
4176 http cache formdata-polyfill@https://registry.npmjs.org/formdata-polyfill/-/formdata-polyfill-4.0.10.tgz 0ms (cache hit)
4177 http cache node-domexception@https://registry.npmjs.org/node-domexception/-/node-domexception-1.0.0.tgz 0ms (cache hit)
4178 http cache @borewit/text-codec@https://registry.npmjs.org/@borewit/text-codec/-/text-codec-0.2.1.tgz 0ms (cache hit)
4179 http cache win-guid@https://registry.npmjs.org/win-guid/-/win-guid-0.2.0.tgz 0ms (cache hit)
4180 http cache media-typer@https://registry.npmjs.org/media-typer/-/media-typer-1.1.0.tgz 0ms (cache hit)
4181 http cache @tokenizer/token@https://registry.npmjs.org/@tokenizer/token/-/token-0.3.0.tgz 0ms (cache hit)
4182 http cache uc.micro@https://registry.npmjs.org/uc.micro/-/uc.micro-2.1.0.tgz 0ms (cache hit)
4183 http cache @isaacs/brace-expansion@https://registry.npmjs.org/@isaacs/brace-expansion/-/brace-expansion-5.0.0.tgz 0ms (cache hit)
4184 http cache @isaacs/balanced-match@https://registry.npmjs.org/@isaacs/balanced-match/-/balanced-match-4.0.1.tgz 0ms (cache hit)
4185 http cache chmodrp@https://registry.npmjs.org/chmodrp/-/chmodrp-1.0.2.tgz 0ms (cache hit)
4186 http cache punycode.js@https://registry.npmjs.org/punycode.js/-/punycode.js-2.3.1.tgz 0ms (cache hit)
4187 http cache mdurl@https://registry.npmjs.org/mdurl/-/mdurl-2.0.0.tgz 0ms (cache hit)
4188 http cache mime-db@https://registry.npmjs.org/mime-db/-/mime-db-1.54.0.tgz 0ms (cache hit)
4189 http cache argparse@https://registry.npmjs.org/argparse/-/argparse-2.0.1.tgz 0ms (cache hit)
4190 http cache entities@https://registry.npmjs.org/entities/-/entities-4.5.0.tgz 0ms (cache hit)
4191 http cache dom-serializer@https://registry.npmjs.org/dom-serializer/-/dom-serializer-2.0.0.tgz 0ms (cache hit)
4192 http cache linkify-it@https://registry.npmjs.org/linkify-it/-/linkify-it-5.0.0.tgz 0ms (cache hit)
4193 http cache css-what@https://registry.npmjs.org/css-what/-/css-what-6.2.2.tgz 0ms (cache hit)
4194 http cache domhandler@https://registry.npmjs.org/domhandler/-/domhandler-5.0.3.tgz 0ms (cache hit)
4195 http cache htmlparser2@https://registry.npmjs.org/htmlparser2/-/htmlparser2-10.1.0.tgz 0ms (cache hit)
4196 http cache domutils@https://registry.npmjs.org/domutils/-/domutils-3.2.2.tgz 0ms (cache hit)
4197 http cache domelementtype@https://registry.npmjs.org/domelementtype/-/domelementtype-2.3.0.tgz 0ms (cache hit)
4198 http cache entities@https://registry.npmjs.org/entities/-/entities-7.0.1.tgz 0ms (cache hit)
4199 http cache uhyphen@https://registry.npmjs.org/uhyphen/-/uhyphen-0.2.0.tgz 0ms (cache hit)
4200 http cache html-escaper@https://registry.npmjs.org/html-escaper/-/html-escaper-3.0.3.tgz 0ms (cache hit)
4201 http cache boolbase@https://registry.npmjs.org/boolbase/-/boolbase-1.0.0.tgz 0ms (cache hit)
4202 http cache css-select@https://registry.npmjs.org/css-select/-/css-select-5.2.2.tgz 0ms (cache hit)
4203 http cache immediate@https://registry.npmjs.org/immediate/-/immediate-3.0.6.tgz 0ms (cache hit)
4204 http cache curve25519-js@https://registry.npmjs.org/curve25519-js/-/curve25519-js-0.0.4.tgz 0ms (cache hit)
4205 http cache jwa@https://registry.npmjs.org/jwa/-/jwa-2.0.1.tgz 0ms (cache hit)
4206 http cache setimmediate@https://registry.npmjs.org/setimmediate/-/setimmediate-1.0.5.tgz 0ms (cache hit)
4207 http cache @keyv/serialize@https://registry.npmjs.org/@keyv/serialize/-/serialize-1.1.1.tgz 0ms (cache hit)
4208 http cache readable-stream@https://registry.npmjs.org/readable-stream/-/readable-stream-2.3.8.tgz 0ms (cache hit)
4209 http cache buffer-equal-constant-time@https://registry.npmjs.org/buffer-equal-constant-time/-/buffer-equal-constant-time-1.0.1.tgz 0ms (cache hit)
4210 http cache semver@https://registry.npmjs.org/semver/-/semver-7.7.3.tgz 0ms (cache hit)
4211 http cache pako@https://registry.npmjs.org/pako/-/pako-1.0.11.tgz 0ms (cache hit)
4212 http cache nth-check@https://registry.npmjs.org/nth-check/-/nth-check-2.1.1.tgz 0ms (cache hit)
4213 http cache cssom@https://registry.npmjs.org/cssom/-/cssom-0.5.0.tgz 0ms (cache hit)
4214 http cache lodash.isnumber@https://registry.npmjs.org/lodash.isnumber/-/lodash.isnumber-3.0.3.tgz 0ms (cache hit)
4215 http cache lodash.once@https://registry.npmjs.org/lodash.once/-/lodash.once-4.1.1.tgz 0ms (cache hit)
4216 http cache lodash.isplainobject@https://registry.npmjs.org/lodash.isplainobject/-/lodash.isplainobject-4.0.6.tgz 0ms (cache hit)
4217 http cache lodash.isstring@https://registry.npmjs.org/lodash.isstring/-/lodash.isstring-4.0.1.tgz 0ms (cache hit)
4218 http cache safe-buffer@https://registry.npmjs.org/safe-buffer/-/safe-buffer-5.1.2.tgz 0ms (cache hit)
4219 http cache lodash.isboolean@https://registry.npmjs.org/lodash.isboolean/-/lodash.isboolean-3.0.3.tgz 0ms (cache hit)
4220 http cache lodash.includes@https://registry.npmjs.org/lodash.includes/-/lodash.includes-4.3.0.tgz 0ms (cache hit)
4221 http cache bignumber.js@https://registry.npmjs.org/bignumber.js/-/bignumber.js-9.3.1.tgz 0ms (cache hit)
4222 http cache @babel/runtime@https://registry.npmjs.org/@babel/runtime/-/runtime-7.28.6.tgz 0ms (cache hit)
4223 http cache wrap-ansi-cjs@https://registry.npmjs.org/wrap-ansi/-/wrap-ansi-7.0.0.tgz 0ms (cache hit)
4224 http cache ansi-regex@https://registry.npmjs.org/ansi-regex/-/ansi-regex-5.0.1.tgz 0ms (cache hit)
4225 http cache is-fullwidth-code-point@https://registry.npmjs.org/is-fullwidth-code-point/-/is-fullwidth-code-point-3.0.0.tgz 0ms (cache hit)
4226 http cache emoji-regex@https://registry.npmjs.org/emoji-regex/-/emoji-regex-8.0.0.tgz 0ms (cache hit)
4227 http cache string-width@https://registry.npmjs.org/string-width/-/string-width-4.2.3.tgz 0ms (cache hit)
4228 http cache ansi-styles@https://registry.npmjs.org/ansi-styles/-/ansi-styles-4.3.0.tgz 0ms (cache hit)
4229 http cache wrap-ansi@https://registry.npmjs.org/wrap-ansi/-/wrap-ansi-8.1.0.tgz 0ms (cache hit)
4230 http cache lie@https://registry.npmjs.org/lie/-/lie-3.3.0.tgz 0ms (cache hit)
4231 http cache strip-ansi-cjs@https://registry.npmjs.org/strip-ansi/-/strip-ansi-6.0.1.tgz 0ms (cache hit)
4232 http cache strip-ansi@https://registry.npmjs.org/strip-ansi/-/strip-ansi-7.1.2.tgz 0ms (cache hit)
4233 http cache lodash.isinteger@https://registry.npmjs.org/lodash.isinteger/-/lodash.isinteger-4.0.4.tgz 0ms (cache hit)
4234 http cache string-width-cjs@https://registry.npmjs.org/string-width/-/string-width-4.2.3.tgz 0ms (cache hit)
4235 http cache strip-ansi@https://registry.npmjs.org/strip-ansi/-/strip-ansi-6.0.1.tgz 0ms (cache hit)
4236 http cache ansi-regex@https://registry.npmjs.org/ansi-regex/-/ansi-regex-5.0.1.tgz 0ms (cache hit)
4237 http cache strip-ansi@https://registry.npmjs.org/strip-ansi/-/strip-ansi-6.0.1.tgz 0ms (cache hit)
4238 http cache ts-algebra@https://registry.npmjs.org/ts-algebra/-/ts-algebra-2.0.0.tgz 0ms (cache hit)
4239 http cache ansi-regex@https://registry.npmjs.org/ansi-regex/-/ansi-regex-5.0.1.tgz 0ms (cache hit)
4240 http cache is-fullwidth-code-point@https://registry.npmjs.org/is-fullwidth-code-point/-/is-fullwidth-code-point-3.0.0.tgz 0ms (cache hit)
4241 http cache emoji-regex@https://registry.npmjs.org/emoji-regex/-/emoji-regex-8.0.0.tgz 0ms (cache hit)
4242 http cache string-width@https://registry.npmjs.org/string-width/-/string-width-5.1.2.tgz 0ms (cache hit)
4243 http cache @isaacs/cliui@https://registry.npmjs.org/@isaacs/cliui/-/cliui-8.0.2.tgz 0ms (cache hit)
4244 http cache safer-buffer@https://registry.npmjs.org/safer-buffer/-/safer-buffer-2.1.2.tgz 0ms (cache hit)
4245 http cache toidentifier@https://registry.npmjs.org/toidentifier/-/toidentifier-1.0.1.tgz 0ms (cache hit)
4246 http cache agent-base@https://registry.npmjs.org/agent-base/-/agent-base-7.1.4.tgz 0ms (cache hit)
4247 http cache setprototypeof@https://registry.npmjs.org/setprototypeof/-/setprototypeof-1.2.0.tgz 0ms (cache hit)
4248 http cache @grammyjs/types@https://registry.npmjs.org/@grammyjs/types/-/types-3.23.0.tgz 0ms (cache hit)
4249 http cache json-bigint@https://registry.npmjs.org/json-bigint/-/json-bigint-1.0.0.tgz 0ms (cache hit)
4250 http cache lru-cache@https://registry.npmjs.org/lru-cache/-/lru-cache-10.4.3.tgz 0ms (cache hit)
4251 http cache path-scurry@https://registry.npmjs.org/path-scurry/-/path-scurry-1.11.1.tgz 0ms (cache hit)
4252 http cache minimatch@https://registry.npmjs.org/minimatch/-/minimatch-9.0.5.tgz 0ms (cache hit)
4253 http cache node-fetch@https://registry.npmjs.org/node-fetch/-/node-fetch-3.3.2.tgz 0ms (cache hit)
4254 http cache rimraf@https://registry.npmjs.org/rimraf/-/rimraf-5.0.10.tgz 0ms (cache hit)
4255 http cache inherits@https://registry.npmjs.org/inherits/-/inherits-2.0.4.tgz 0ms (cache hit)
4256 http cache extend@https://registry.npmjs.org/extend/-/extend-3.0.2.tgz 0ms (cache hit)
4257 http cache https-proxy-agent@https://registry.npmjs.org/https-proxy-agent/-/https-proxy-agent-7.0.6.tgz 0ms (cache hit)
4258 http cache safe-buffer@https://registry.npmjs.org/safe-buffer/-/safe-buffer-5.2.1.tgz 0ms (cache hit)
4259 http cache jackspeak@https://registry.npmjs.org/jackspeak/-/jackspeak-3.4.3.tgz 0ms (cache hit)
4260 http cache jws@https://registry.npmjs.org/jws/-/jws-4.0.1.tgz 0ms (cache hit)
4261 http cache gtoken@https://registry.npmjs.org/gtoken/-/gtoken-8.0.0.tgz 0ms (cache hit)
4262 http cache ecdsa-sig-formatter@https://registry.npmjs.org/ecdsa-sig-formatter/-/ecdsa-sig-formatter-1.0.11.tgz 0ms (cache hit)
4263 http cache gaxios@https://registry.npmjs.org/gaxios/-/gaxios-7.1.3.tgz 0ms (cache hit)
4264 http cache glob@https://registry.npmjs.org/glob/-/glob-10.5.0.tgz 0ms (cache hit)
4265 http cache base64-js@https://registry.npmjs.org/base64-js/-/base64-js-1.5.1.tgz 0ms (cache hit)
4266 http cache which@https://registry.npmjs.org/which/-/which-2.0.2.tgz 0ms (cache hit)
4267 http cache google-logging-utils@https://registry.npmjs.org/google-logging-utils/-/google-logging-utils-1.1.3.tgz 0ms (cache hit)
4268 http cache shebang-command@https://registry.npmjs.org/shebang-command/-/shebang-command-2.0.0.tgz 0ms (cache hit)
4269 http cache signal-exit@https://registry.npmjs.org/signal-exit/-/signal-exit-4.1.0.tgz 0ms (cache hit)
4270 http cache path-key@https://registry.npmjs.org/path-key/-/path-key-3.1.1.tgz 0ms (cache hit)
4271 http cache gcp-metadata@https://registry.npmjs.org/gcp-metadata/-/gcp-metadata-8.1.2.tgz 0ms (cache hit)
4272 http cache minipass@https://registry.npmjs.org/minipass/-/minipass-7.1.2.tgz 0ms (cache hit)
4273 http cache cross-spawn@https://registry.npmjs.org/cross-spawn/-/cross-spawn-7.0.6.tgz 0ms (cache hit)
4274 http cache path-scurry@https://registry.npmjs.org/path-scurry/-/path-scurry-2.0.1.tgz 0ms (cache hit)
4275 http cache foreground-child@https://registry.npmjs.org/foreground-child/-/foreground-child-3.3.1.tgz 0ms (cache hit)
4276 http cache package-json-from-dist@https://registry.npmjs.org/package-json-from-dist/-/package-json-from-dist-1.0.1.tgz 0ms (cache hit)
4277 http cache get-proto@https://registry.npmjs.org/get-proto/-/get-proto-1.0.1.tgz 0ms (cache hit)
4278 http cache function-bind@https://registry.npmjs.org/function-bind/-/function-bind-1.1.2.tgz 0ms (cache hit)
4279 http cache math-intrinsics@https://registry.npmjs.org/math-intrinsics/-/math-intrinsics-1.1.0.tgz 0ms (cache hit)
4280 http cache has-symbols@https://registry.npmjs.org/has-symbols/-/has-symbols-1.1.0.tgz 0ms (cache hit)
4281 http cache dunder-proto@https://registry.npmjs.org/dunder-proto/-/dunder-proto-1.0.1.tgz 0ms (cache hit)
4282 http cache jackspeak@https://registry.npmjs.org/jackspeak/-/jackspeak-4.1.1.tgz 0ms (cache hit)
4283 http cache call-bind-apply-helpers@https://registry.npmjs.org/call-bind-apply-helpers/-/call-bind-apply-helpers-1.0.2.tgz 0ms (cache hit)
4284 http cache gopd@https://registry.npmjs.org/gopd/-/gopd-1.2.0.tgz 0ms (cache hit)
4285 http cache es-define-property@https://registry.npmjs.org/es-define-property/-/es-define-property-1.0.1.tgz 0ms (cache hit)
4286 http cache has-tostringtag@https://registry.npmjs.org/has-tostringtag/-/has-tostringtag-1.0.2.tgz 0ms (cache hit)
4287 http cache es-errors@https://registry.npmjs.org/es-errors/-/es-errors-1.3.0.tgz 0ms (cache hit)
4288 http cache delayed-stream@https://registry.npmjs.org/delayed-stream/-/delayed-stream-1.0.0.tgz 0ms (cache hit)
4289 http cache combined-stream@https://registry.npmjs.org/combined-stream/-/combined-stream-1.0.8.tgz 0ms (cache hit)
4290 http cache get-intrinsic@https://registry.npmjs.org/get-intrinsic/-/get-intrinsic-1.3.0.tgz 0ms (cache hit)
4291 http cache asynckit@https://registry.npmjs.org/asynckit/-/asynckit-0.4.0.tgz 0ms (cache hit)
4292 http cache uint8array-extras@https://registry.npmjs.org/uint8array-extras/-/uint8array-extras-1.5.0.tgz 0ms (cache hit)
4293 http cache hasown@https://registry.npmjs.org/hasown/-/hasown-2.0.2.tgz 0ms (cache hit)
4294 http cache strtok3@https://registry.npmjs.org/strtok3/-/strtok3-10.3.4.tgz 0ms (cache hit)
4295 http cache es-object-atoms@https://registry.npmjs.org/es-object-atoms/-/es-object-atoms-1.1.1.tgz 0ms (cache hit)
4296 http cache negotiator@https://registry.npmjs.org/negotiator/-/negotiator-1.0.0.tgz 0ms (cache hit)
4297 http cache es-set-tostringtag@https://registry.npmjs.org/es-set-tostringtag/-/es-set-tostringtag-2.1.0.tgz 0ms (cache hit)
4298 http cache @tokenizer/inflate@https://registry.npmjs.org/@tokenizer/inflate/-/inflate-0.4.1.tgz 0ms (cache hit)
4299 http cache vary@https://registry.npmjs.org/vary/-/vary-1.1.2.tgz 0ms (cache hit)
4300 http cache send@https://registry.npmjs.org/send/-/send-1.2.1.tgz 0ms (cache hit)
4301 http cache router@https://registry.npmjs.org/router/-/router-2.2.0.tgz 0ms (cache hit)
4302 http cache range-parser@https://registry.npmjs.org/range-parser/-/range-parser-1.2.1.tgz 0ms (cache hit)
4303 http cache proxy-addr@https://registry.npmjs.org/proxy-addr/-/proxy-addr-2.0.7.tgz 0ms (cache hit)
4304 http cache statuses@https://registry.npmjs.org/statuses/-/statuses-2.0.2.tgz 0ms (cache hit)
4305 http cache parseurl@https://registry.npmjs.org/parseurl/-/parseurl-1.3.3.tgz 0ms (cache hit)
4306 http cache serve-static@https://registry.npmjs.org/serve-static/-/serve-static-2.2.1.tgz 0ms (cache hit)
4307 http cache token-types@https://registry.npmjs.org/token-types/-/token-types-6.1.2.tgz 0ms (cache hit)
4308 http cache once@https://registry.npmjs.org/once/-/once-1.4.0.tgz 0ms (cache hit)
4309 http cache merge-descriptors@https://registry.npmjs.org/merge-descriptors/-/merge-descriptors-2.0.0.tgz 0ms (cache hit)
4310 http cache finalhandler@https://registry.npmjs.org/finalhandler/-/finalhandler-2.1.1.tgz 0ms (cache hit)
4311 http cache escape-html@https://registry.npmjs.org/escape-html/-/escape-html-1.0.3.tgz 0ms (cache hit)
4312 http cache etag@https://registry.npmjs.org/etag/-/etag-1.8.1.tgz 0ms (cache hit)
4313 http cache fresh@https://registry.npmjs.org/fresh/-/fresh-2.0.0.tgz 0ms (cache hit)
4314 http cache encodeurl@https://registry.npmjs.org/encodeurl/-/encodeurl-2.0.0.tgz 0ms (cache hit)
4315 http cache cookie@https://registry.npmjs.org/cookie/-/cookie-0.7.2.tgz 0ms (cache hit)
4316 http cache cookie-signature@https://registry.npmjs.org/cookie-signature/-/cookie-signature-1.2.2.tgz 0ms (cache hit)
4317 http cache depd@https://registry.npmjs.org/depd/-/depd-2.0.0.tgz 0ms (cache hit)
4318 http cache content-disposition@https://registry.npmjs.org/content-disposition/-/content-disposition-1.0.1.tgz 0ms (cache hit)
4319 http cache accepts@https://registry.npmjs.org/accepts/-/accepts-2.0.0.tgz 0ms (cache hit)
4320 http cache strnum@https://registry.npmjs.org/strnum/-/strnum-2.1.2.tgz 0ms (cache hit)
4321 http cache yargs@https://registry.npmjs.org/yargs/-/yargs-16.2.0.tgz 0ms (cache hit)
4322 http cache ansi-regex@https://registry.npmjs.org/ansi-regex/-/ansi-regex-5.0.1.tgz 0ms (cache hit)
4323 http cache is-fullwidth-code-point@https://registry.npmjs.org/is-fullwidth-code-point/-/is-fullwidth-code-point-3.0.0.tgz 0ms (cache hit)
4324 http cache emoji-regex@https://registry.npmjs.org/emoji-regex/-/emoji-regex-8.0.0.tgz 0ms (cache hit)
4325 http cache parse5-htmlparser2-tree-adapter@https://registry.npmjs.org/parse5-htmlparser2-tree-adapter/-/parse5-htmlparser2-tree-adapter-6.0.1.tgz 0ms (cache hit)
4326 http cache strip-ansi@https://registry.npmjs.org/strip-ansi/-/strip-ansi-6.0.1.tgz 0ms (cache hit)
4327 http cache mz@https://registry.npmjs.org/mz/-/mz-2.7.0.tgz 0ms (cache hit)
4328 http cache parse5@https://registry.npmjs.org/parse5/-/parse5-5.1.1.tgz 0ms (cache hit)
4329 http cache parse5@https://registry.npmjs.org/parse5/-/parse5-6.0.1.tgz 0ms (cache hit)
4330 http cache mitt@https://registry.npmjs.org/mitt/-/mitt-3.0.1.tgz 0ms (cache hit)
4331 http cache string-width@https://registry.npmjs.org/string-width/-/string-width-4.2.3.tgz 0ms (cache hit)
4332 http cache readdirp@https://registry.npmjs.org/readdirp/-/readdirp-5.0.0.tgz 0ms (cache hit)
4333 http cache qified@https://registry.npmjs.org/qified/-/qified-0.6.0.tgz 0ms (cache hit)
4334 http cache hashery@https://registry.npmjs.org/hashery/-/hashery-1.4.0.tgz 0ms (cache hit)
4335 http cache @keyv/bigmap@https://registry.npmjs.org/@keyv/bigmap/-/bigmap-1.3.1.tgz 0ms (cache hit)
4336 http cache @cacheable/utils@https://registry.npmjs.org/@cacheable/utils/-/utils-2.3.3.tgz 0ms (cache hit)
4337 http cache qs@https://registry.npmjs.org/qs/-/qs-6.14.1.tgz 0ms (cache hit)
4338 http cache ms@https://registry.npmjs.org/ms/-/ms-2.1.3.tgz 0ms (cache hit)
4339 http cache on-finished@https://registry.npmjs.org/on-finished/-/on-finished-2.4.1.tgz 0ms (cache hit)
4340 http cache iconv-lite@https://registry.npmjs.org/iconv-lite/-/iconv-lite-0.7.2.tgz 0ms (cache hit)
4341 http cache content-type@https://registry.npmjs.org/content-type/-/content-type-1.0.5.tgz 0ms (cache hit)
4342 http cache @cacheable/memory@https://registry.npmjs.org/@cacheable/memory/-/memory-2.0.7.tgz 0ms (cache hit)
4343 http cache type-is@https://registry.npmjs.org/type-is/-/type-is-2.0.1.tgz 0ms (cache hit)
4344 http cache bytes@https://registry.npmjs.org/bytes/-/bytes-3.1.2.tgz 0ms (cache hit)
4345 http cache http-errors@https://registry.npmjs.org/http-errors/-/http-errors-2.0.1.tgz 0ms (cache hit)
4346 http cache follow-redirects@https://registry.npmjs.org/follow-redirects/-/follow-redirects-1.15.11.tgz 0ms (cache hit)
4347 http cache proxy-from-env@https://registry.npmjs.org/proxy-from-env/-/proxy-from-env-1.1.0.tgz 0ms (cache hit)
4348 http cache fast-uri@https://registry.npmjs.org/fast-uri/-/fast-uri-3.1.0.tgz 0ms (cache hit)
4349 http cache json-schema-traverse@https://registry.npmjs.org/json-schema-traverse/-/json-schema-traverse-1.0.0.tgz 0ms (cache hit)
4350 http cache require-from-string@https://registry.npmjs.org/require-from-string/-/require-from-string-2.0.2.tgz 0ms (cache hit)
4351 http cache event-target-shim@https://registry.npmjs.org/event-target-shim/-/event-target-shim-5.0.1.tgz 0ms (cache hit)
4352 http cache highlight.js@https://registry.npmjs.org/highlight.js/-/highlight.js-10.7.3.tgz 0ms (cache hit)
4353 http cache cacheable@https://registry.npmjs.org/cacheable/-/cacheable-2.3.2.tgz 0ms (cache hit)
4354 http cache @hapi/hoek@https://registry.npmjs.org/@hapi/hoek/-/hoek-9.3.0.tgz 0ms (cache hit)
4355 http cache keyv@https://registry.npmjs.org/keyv/-/keyv-5.6.0.tgz 0ms (cache hit)
4356 http cache protobufjs@https://registry.npmjs.org/protobufjs/-/protobufjs-7.5.4.tgz 0ms (cache hit)
4357 http cache music-metadata@https://registry.npmjs.org/music-metadata/-/music-metadata-11.11.0.tgz 0ms (cache hit)
4358 http cache pino@https://registry.npmjs.org/pino/-/pino-9.14.0.tgz 0ms (cache hit)
4359 http cache lru-cache@https://registry.npmjs.org/lru-cache/-/lru-cache-11.2.5.tgz 0ms (cache hit)
4360 http cache hookified@https://registry.npmjs.org/hookified/-/hookified-1.15.0.tgz 0ms (cache hit)
4361 http cache protobufjs@https://registry.npmjs.org/protobufjs/-/protobufjs-6.8.8.tgz 0ms (cache hit)
4362 http cache @types/node@https://registry.npmjs.org/@types/node/-/node-10.17.60.tgz 0ms (cache hit)
4363 http cache async-mutex@https://registry.npmjs.org/async-mutex/-/async-mutex-0.5.0.tgz 0ms (cache hit)
4364 http cache long@https://registry.npmjs.org/long/-/long-4.0.0.tgz 0ms (cache hit)
4365 http cache @cacheable/node-cache@https://registry.npmjs.org/@cacheable/node-cache/-/node-cache-1.7.6.tgz 0ms (cache hit)
4366 http cache @hapi/boom@https://registry.npmjs.org/@hapi/boom/-/boom-9.1.4.tgz 0ms (cache hit)
4367 http cache @types/http-errors@https://registry.npmjs.org/@types/http-errors/-/http-errors-2.0.5.tgz 0ms (cache hit)
4368 http cache @types/send@https://registry.npmjs.org/@types/send/-/send-1.2.1.tgz 0ms (cache hit)
4369 http cache @types/range-parser@https://registry.npmjs.org/@types/range-parser/-/range-parser-1.2.7.tgz 0ms (cache hit)
4370 http cache @types/ms@https://registry.npmjs.org/@types/ms/-/ms-2.1.0.tgz 0ms (cache hit)
4371 http cache @types/qs@https://registry.npmjs.org/@types/qs/-/qs-6.14.0.tgz 0ms (cache hit)
4372 http cache @types/connect@https://registry.npmjs.org/@types/connect/-/connect-3.4.38.tgz 0ms (cache hit)
4373 http cache @types/serve-static@https://registry.npmjs.org/@types/serve-static/-/serve-static-2.2.0.tgz 0ms (cache hit)
4374 http cache @types/body-parser@https://registry.npmjs.org/@types/body-parser/-/body-parser-1.19.6.tgz 0ms (cache hit)
4375 http cache @smithy/querystring-parser@https://registry.npmjs.org/@smithy/querystring-parser/-/querystring-parser-4.2.8.tgz 1ms (cache hit)
4376 http cache @types/express-serve-static-core@https://registry.npmjs.org/@types/express-serve-static-core/-/express-serve-static-core-5.1.1.tgz 0ms (cache hit)
4377 http cache bun-types@https://registry.npmjs.org/bun-types/-/bun-types-1.3.6.tgz 0ms (cache hit)
4378 http cache undici-types@https://registry.npmjs.org/undici-types/-/undici-types-7.16.0.tgz 0ms (cache hit)
4379 http cache @smithy/is-array-buffer@https://registry.npmjs.org/@smithy/is-array-buffer/-/is-array-buffer-4.2.0.tgz 0ms (cache hit)
4380 http cache @smithy/service-error-classification@https://registry.npmjs.org/@smithy/service-error-classification/-/service-error-classification-4.2.8.tgz 0ms (cache hit)
4381 http cache @smithy/abort-controller@https://registry.npmjs.org/@smithy/abort-controller/-/abort-controller-4.2.8.tgz 0ms (cache hit)
4382 http cache @smithy/util-buffer-from@https://registry.npmjs.org/@smithy/util-buffer-from/-/util-buffer-from-4.2.0.tgz 0ms (cache hit)
4383 http cache @smithy/util-uri-escape@https://registry.npmjs.org/@smithy/util-uri-escape/-/util-uri-escape-4.2.0.tgz 0ms (cache hit)
4384 http cache @smithy/util-config-provider@https://registry.npmjs.org/@smithy/util-config-provider/-/util-config-provider-4.2.0.tgz 0ms (cache hit)
4385 http cache retry@https://registry.npmjs.org/retry/-/retry-0.13.1.tgz 0ms (cache hit)
4386 http cache @smithy/eventstream-serde-universal@https://registry.npmjs.org/@smithy/eventstream-serde-universal/-/eventstream-serde-universal-4.2.8.tgz 0ms (cache hit)
4387 http cache @aws-crypto/crc32@https://registry.npmjs.org/@aws-crypto/crc32/-/crc32-5.2.0.tgz 0ms (cache hit)
4388 http cache p-retry@https://registry.npmjs.org/p-retry/-/p-retry-4.6.2.tgz 0ms (cache hit)
4389 http cache p-queue@https://registry.npmjs.org/p-queue/-/p-queue-6.6.2.tgz 0ms (cache hit)
4390 http cache is-stream@https://registry.npmjs.org/is-stream/-/is-stream-2.0.1.tgz 0ms (cache hit)
4391 http cache @smithy/uuid@https://registry.npmjs.org/@smithy/uuid/-/uuid-1.1.0.tgz 0ms (cache hit)
4392 http cache eventemitter3@https://registry.npmjs.org/eventemitter3/-/eventemitter3-4.0.7.tgz 0ms (cache hit)
4393 http cache form-data@https://registry.npmjs.org/form-data/-/form-data-4.0.5.tgz 0ms (cache hit)
4394 http cache mime-db@https://registry.npmjs.org/mime-db/-/mime-db-1.52.0.tgz 0ms (cache hit)
4395 http cache @types/retry@https://registry.npmjs.org/@types/retry/-/retry-0.12.0.tgz 0ms (cache hit)
4396 http cache mime-types@https://registry.npmjs.org/mime-types/-/mime-types-2.1.35.tgz 0ms (cache hit)
4397 http cache eventemitter3@https://registry.npmjs.org/eventemitter3/-/eventemitter3-5.0.4.tgz 0ms (cache hit)
4398 http cache jsonwebtoken@https://registry.npmjs.org/jsonwebtoken/-/jsonwebtoken-9.0.3.tgz 0ms (cache hit)
4399 http cache is-electron@https://registry.npmjs.org/is-electron/-/is-electron-2.2.2.tgz 0ms (cache hit)
4400 http cache tsscmp@https://registry.npmjs.org/tsscmp/-/tsscmp-1.0.6.tgz 0ms (cache hit)
4401 http cache @types/jsonwebtoken@https://registry.npmjs.org/@types/jsonwebtoken/-/jsonwebtoken-9.0.10.tgz 0ms (cache hit)
4402 http cache @slack/types@https://registry.npmjs.org/@slack/types/-/types-2.19.0.tgz 0ms (cache hit)
4403 http cache path-to-regexp@https://registry.npmjs.org/path-to-regexp/-/path-to-regexp-8.3.0.tgz 0ms (cache hit)
4404 http cache raw-body@https://registry.npmjs.org/raw-body/-/raw-body-3.0.2.tgz 0ms (cache hit)
4405 http cache @slack/oauth@https://registry.npmjs.org/@slack/oauth/-/oauth-3.0.4.tgz 0ms (cache hit)
4406 http cache @slack/logger@https://registry.npmjs.org/@slack/logger/-/logger-4.0.0.tgz 0ms (cache hit)
4407 http cache mime-types@https://registry.npmjs.org/mime-types/-/mime-types-3.0.2.tgz 0ms (cache hit)
4408 http cache @types/mime-types@https://registry.npmjs.org/@types/mime-types/-/mime-types-2.1.4.tgz 0ms (cache hit)
4409 http cache yoctocolors@https://registry.npmjs.org/yoctocolors/-/yoctocolors-2.1.2.tgz 0ms (cache hit)
4410 http cache @napi-rs/canvas-darwin-arm64@https://registry.npmjs.org/@napi-rs/canvas-darwin-arm64/-/canvas-darwin-arm64-0.1.89.tgz 0ms (cache hit)
4411 http cache std-env@https://registry.npmjs.org/std-env/-/std-env-3.10.0.tgz 0ms (cache hit)
4412 http cache get-east-asian-width@https://registry.npmjs.org/get-east-asian-width/-/get-east-asian-width-1.4.0.tgz 0ms (cache hit)
4413 http cache @mariozechner/clipboard-darwin-arm64@https://registry.npmjs.org/@mariozechner/clipboard-darwin-arm64/-/clipboard-darwin-arm64-0.3.0.tgz 0ms (cache hit)
4414 http cache @mariozechner/clipboard-darwin-universal@https://registry.npmjs.org/@mariozechner/clipboard-darwin-universal/-/clipboard-darwin-universal-0.3.0.tgz 0ms (cache hit)
4415 http cache marked@https://registry.npmjs.org/marked/-/marked-15.0.12.tgz 0ms (cache hit)
4416 http cache minimatch@https://registry.npmjs.org/minimatch/-/minimatch-10.1.1.tgz 0ms (cache hit)
4417 http cache glob@https://registry.npmjs.org/glob/-/glob-11.1.0.tgz 0ms (cache hit)
4418 http cache @silvia-odwyer/photon-node@https://registry.npmjs.org/@silvia-odwyer/photon-node/-/photon-node-0.3.4.tgz 0ms (cache hit)
4419 http cache @mariozechner/jiti@https://registry.npmjs.org/@mariozechner/jiti/-/jiti-2.6.5.tgz 0ms (cache hit)
4420 http cache diff@https://registry.npmjs.org/diff/-/diff-8.0.3.tgz 0ms (cache hit)
4421 http cache @smithy/querystring-builder@https://registry.npmjs.org/@smithy/querystring-builder/-/querystring-builder-4.2.8.tgz 0ms (cache hit)
4422 http cache @smithy/util-hex-encoding@https://registry.npmjs.org/@smithy/util-hex-encoding/-/util-hex-encoding-4.2.0.tgz 0ms (cache hit)
4423 http cache google-auth-library@https://registry.npmjs.org/google-auth-library/-/google-auth-library-10.5.0.tgz 0ms (cache hit)
4424 http cache @slack/socket-mode@https://registry.npmjs.org/@slack/socket-mode/-/socket-mode-2.0.5.tgz 0ms (cache hit)
4425 http cache @smithy/eventstream-codec@https://registry.npmjs.org/@smithy/eventstream-codec/-/eventstream-codec-4.2.8.tgz 0ms (cache hit)
4426 http cache @smithy/eventstream-serde-config-resolver@https://registry.npmjs.org/@smithy/eventstream-serde-config-resolver/-/eventstream-serde-config-resolver-4.3.8.tgz 0ms (cache hit)
4427 http cache @smithy/eventstream-serde-node@https://registry.npmjs.org/@smithy/eventstream-serde-node/-/eventstream-serde-node-4.2.8.tgz 0ms (cache hit)
4428 http cache @aws-sdk/eventstream-handler-node@https://registry.npmjs.org/@aws-sdk/eventstream-handler-node/-/eventstream-handler-node-3.972.2.tgz 0ms (cache hit)
4429 http cache json-schema-to-ts@https://registry.npmjs.org/json-schema-to-ts/-/json-schema-to-ts-3.1.1.tgz 0ms (cache hit)
4430 http cache @aws-sdk/middleware-eventstream@https://registry.npmjs.org/@aws-sdk/middleware-eventstream/-/middleware-eventstream-3.972.2.tgz 0ms (cache hit)
4431 http cache @smithy/eventstream-serde-browser@https://registry.npmjs.org/@smithy/eventstream-serde-browser/-/eventstream-serde-browser-4.2.8.tgz 0ms (cache hit)
4432 http cache @aws-sdk/util-format-url@https://registry.npmjs.org/@aws-sdk/util-format-url/-/util-format-url-3.972.2.tgz 0ms (cache hit)
4433 http cache zod-to-json-schema@https://registry.npmjs.org/zod-to-json-schema/-/zod-to-json-schema-3.25.1.tgz 0ms (cache hit)
4434 http cache partial-json@https://registry.npmjs.org/partial-json/-/partial-json-0.1.7.tgz 0ms (cache hit)
4435 http cache @google/genai@https://registry.npmjs.org/@google/genai/-/genai-1.34.0.tgz 0ms (cache hit)
4436 http cache @aws-sdk/middleware-websocket@https://registry.npmjs.org/@aws-sdk/middleware-websocket/-/middleware-websocket-3.972.2.tgz 0ms (cache hit)
4437 http cache zod@https://registry.npmjs.org/zod/-/zod-3.25.76.tgz 0ms (cache hit)
4438 http cache @mistralai/mistralai@https://registry.npmjs.org/@mistralai/mistralai/-/mistralai-1.10.0.tgz 0ms (cache hit)
4439 http cache openai@https://registry.npmjs.org/openai/-/openai-6.10.0.tgz 0ms (cache hit)
4440 http cache @anthropic-ai/sdk@https://registry.npmjs.org/@anthropic-ai/sdk/-/sdk-0.71.2.tgz 0ms (cache hit)
4441 http cache ajv-formats@https://registry.npmjs.org/ajv-formats/-/ajv-formats-3.0.1.tgz 0ms (cache hit)
4442 http cache @mariozechner/clipboard@https://registry.npmjs.org/@mariozechner/clipboard/-/clipboard-0.3.0.tgz 0ms (cache hit)
4443 http cache @aws-sdk/client-bedrock-runtime@https://registry.npmjs.org/@aws-sdk/client-bedrock-runtime/-/client-bedrock-runtime-3.975.0.tgz 0ms (cache hit)
4444 http cache @lydell/node-pty-darwin-arm64@https://registry.npmjs.org/@lydell/node-pty-darwin-arm64/-/node-pty-darwin-arm64-1.2.0-beta.3.tgz 0ms (cache hit)
4445 http cache debug@https://registry.npmjs.org/debug/-/debug-4.4.3.tgz 0ms (cache hit)
4446 http cache abort-controller@https://registry.npmjs.org/abort-controller/-/abort-controller-3.0.0.tgz 0ms (cache hit)
4447 http cache axios@https://registry.npmjs.org/axios/-/axios-1.13.4.tgz 0ms (cache hit)
4448 http cache fast-deep-equal@https://registry.npmjs.org/fast-deep-equal/-/fast-deep-equal-3.1.3.tgz 0ms (cache hit)
4449 http cache prism-media@https://registry.npmjs.org/prism-media/-/prism-media-1.3.5.tgz 0ms (cache hit)
4450 http cache picocolors@https://registry.npmjs.org/picocolors/-/picocolors-1.1.1.tgz 0ms (cache hit)
4451 http cache bottleneck@https://registry.npmjs.org/bottleneck/-/bottleneck-2.19.5.tgz 0ms (cache hit)
4452 http cache sisteransi@https://registry.npmjs.org/sisteransi/-/sisteransi-1.0.5.tgz 0ms (cache hit)
4453 http cache @discordjs/voice@https://registry.npmjs.org/@discordjs/voice/-/voice-0.19.0.tgz 0ms (cache hit)
4454 http cache @types/node@https://registry.npmjs.org/@types/node/-/node-25.0.10.tgz 0ms (cache hit)
4455 http cache @hono/node-server@https://registry.npmjs.org/@hono/node-server/-/node-server-1.19.9.tgz 0ms (cache hit)
4456 http cache @clack/core@https://registry.npmjs.org/@clack/core/-/core-0.5.0.tgz 0ms (cache hit)
4457 http cache @cloudflare/workers-types@https://registry.npmjs.org/@cloudflare/workers-types/-/workers-types-4.20260120.0.tgz 0ms (cache hit)
4458 http cache @types/ws@https://registry.npmjs.org/@types/ws/-/ws-8.18.1.tgz 0ms (cache hit)
4459 http cache fast-xml-parser@https://registry.npmjs.org/fast-xml-parser/-/fast-xml-parser-5.2.5.tgz 0ms (cache hit)
4460 http cache bowser@https://registry.npmjs.org/bowser/-/bowser-2.13.1.tgz 0ms (cache hit)
4461 http cache @types/bun@https://registry.npmjs.org/@types/bun/-/bun-1.3.6.tgz 0ms (cache hit)
4462 http cache @aws-sdk/client-sso@https://registry.npmjs.org/@aws-sdk/client-sso/-/client-sso-3.975.0.tgz 0ms (cache hit)
4463 http cache @aws-sdk/credential-provider-login@https://registry.npmjs.org/@aws-sdk/credential-provider-login/-/credential-provider-login-3.972.2.tgz 0ms (cache hit)
4464 http cache @smithy/shared-ini-file-loader@https://registry.npmjs.org/@smithy/shared-ini-file-loader/-/shared-ini-file-loader-4.4.3.tgz 0ms (cache hit)
4465 http cache @aws-sdk/nested-clients@https://registry.npmjs.org/@aws-sdk/nested-clients/-/nested-clients-3.975.0.tgz 0ms (cache hit)
4466 http cache @smithy/util-stream@https://registry.npmjs.org/@smithy/util-stream/-/util-stream-4.5.10.tgz 0ms (cache hit)
4467 http cache @aws-sdk/credential-provider-process@https://registry.npmjs.org/@aws-sdk/credential-provider-process/-/credential-provider-process-3.972.2.tgz 0ms (cache hit)
4468 http cache @aws-sdk/credential-provider-web-identity@https://registry.npmjs.org/@aws-sdk/credential-provider-web-identity/-/credential-provider-web-identity-3.972.2.tgz 0ms (cache hit)
4469 http cache @aws-sdk/credential-provider-sso@https://registry.npmjs.org/@aws-sdk/credential-provider-sso/-/credential-provider-sso-3.972.2.tgz 0ms (cache hit)
4470 http cache @aws-sdk/credential-provider-ini@https://registry.npmjs.org/@aws-sdk/credential-provider-ini/-/credential-provider-ini-3.972.2.tgz 0ms (cache hit)
4471 http cache @smithy/credential-provider-imds@https://registry.npmjs.org/@smithy/credential-provider-imds/-/credential-provider-imds-4.2.8.tgz 0ms (cache hit)
4472 http cache @smithy/signature-v4@https://registry.npmjs.org/@smithy/signature-v4/-/signature-v4-5.3.8.tgz 0ms (cache hit)
4473 http cache @aws-sdk/credential-provider-env@https://registry.npmjs.org/@aws-sdk/credential-provider-env/-/credential-provider-env-3.972.2.tgz 0ms (cache hit)
4474 http cache @aws-sdk/credential-provider-http@https://registry.npmjs.org/@aws-sdk/credential-provider-http/-/credential-provider-http-3.972.3.tgz 0ms (cache hit)
4475 http cache @aws-sdk/xml-builder@https://registry.npmjs.org/@aws-sdk/xml-builder/-/xml-builder-3.972.2.tgz 0ms (cache hit)
4476 http cache @aws-crypto/util@https://registry.npmjs.org/@aws-crypto/util/-/util-5.2.0.tgz 0ms (cache hit)
4477 http cache @aws-sdk/util-locate-window@https://registry.npmjs.org/@aws-sdk/util-locate-window/-/util-locate-window-3.965.4.tgz 0ms (cache hit)
4478 http cache @aws/lambda-invoke-store@https://registry.npmjs.org/@aws/lambda-invoke-store/-/lambda-invoke-store-0.2.3.tgz 0ms (cache hit)
4479 http cache @aws-crypto/supports-web-crypto@https://registry.npmjs.org/@aws-crypto/supports-web-crypto/-/supports-web-crypto-5.2.0.tgz 0ms (cache hit)
4480 http cache @smithy/is-array-buffer@https://registry.npmjs.org/@smithy/is-array-buffer/-/is-array-buffer-2.2.0.tgz 0ms (cache hit)
4481 http cache @smithy/util-buffer-from@https://registry.npmjs.org/@smithy/util-buffer-from/-/util-buffer-from-2.2.0.tgz 0ms (cache hit)
4482 http cache @smithy/util-utf8@https://registry.npmjs.org/@smithy/util-utf8/-/util-utf8-2.3.0.tgz 0ms (cache hit)
4483 http cache source-map-support@https://registry.npmjs.org/source-map-support/-/source-map-support-0.5.21.tgz 0ms (cache hit)
4484 http cache @smithy/util-utf8@https://registry.npmjs.org/@smithy/util-utf8/-/util-utf8-4.2.0.tgz 0ms (cache hit)
4485 http cache @smithy/util-middleware@https://registry.npmjs.org/@smithy/util-middleware/-/util-middleware-4.2.8.tgz 0ms (cache hit)
4486 http cache @smithy/util-retry@https://registry.npmjs.org/@smithy/util-retry/-/util-retry-4.2.8.tgz 0ms (cache hit)
4487 http cache tslib@https://registry.npmjs.org/tslib/-/tslib-2.8.1.tgz 0ms (cache hit)
4488 http cache @smithy/util-defaults-mode-node@https://registry.npmjs.org/@smithy/util-defaults-mode-node/-/util-defaults-mode-node-4.2.31.tgz 0ms (cache hit)
4489 http cache @smithy/util-endpoints@https://registry.npmjs.org/@smithy/util-endpoints/-/util-endpoints-3.2.8.tgz 0ms (cache hit)
4490 http cache @smithy/property-provider@https://registry.npmjs.org/@smithy/property-provider/-/property-provider-4.2.8.tgz 0ms (cache hit)
4491 http cache @smithy/util-defaults-mode-browser@https://registry.npmjs.org/@smithy/util-defaults-mode-browser/-/util-defaults-mode-browser-4.3.28.tgz 0ms (cache hit)
4492 http cache @smithy/util-body-length-node@https://registry.npmjs.org/@smithy/util-body-length-node/-/util-body-length-node-4.2.1.tgz 0ms (cache hit)
4493 http cache @smithy/util-base64@https://registry.npmjs.org/@smithy/util-base64/-/util-base64-4.3.0.tgz 0ms (cache hit)
4494 http cache @smithy/util-body-length-browser@https://registry.npmjs.org/@smithy/util-body-length-browser/-/util-body-length-browser-4.2.0.tgz 0ms (cache hit)
4495 http cache @smithy/smithy-client@https://registry.npmjs.org/@smithy/smithy-client/-/smithy-client-4.11.1.tgz 0ms (cache hit)
4496 http cache @smithy/url-parser@https://registry.npmjs.org/@smithy/url-parser/-/url-parser-4.2.8.tgz 0ms (cache hit)
4497 http cache @smithy/protocol-http@https://registry.npmjs.org/@smithy/protocol-http/-/protocol-http-5.3.8.tgz 0ms (cache hit)
4498 http cache @smithy/node-http-handler@https://registry.npmjs.org/@smithy/node-http-handler/-/node-http-handler-4.4.8.tgz 0ms (cache hit)
4499 http cache @smithy/node-config-provider@https://registry.npmjs.org/@smithy/node-config-provider/-/node-config-provider-4.3.8.tgz 0ms (cache hit)
4500 http cache @smithy/middleware-retry@https://registry.npmjs.org/@smithy/middleware-retry/-/middleware-retry-4.4.29.tgz 0ms (cache hit)
4501 http cache @smithy/middleware-content-length@https://registry.npmjs.org/@smithy/middleware-content-length/-/middleware-content-length-4.2.8.tgz 0ms (cache hit)
4502 http cache @smithy/middleware-endpoint@https://registry.npmjs.org/@smithy/middleware-endpoint/-/middleware-endpoint-4.4.12.tgz 0ms (cache hit)
4503 http cache @smithy/hash-node@https://registry.npmjs.org/@smithy/hash-node/-/hash-node-4.2.8.tgz 0ms (cache hit)
4504 http cache @smithy/middleware-stack@https://registry.npmjs.org/@smithy/middleware-stack/-/middleware-stack-4.2.8.tgz 0ms (cache hit)
4505 http cache @smithy/fetch-http-handler@https://registry.npmjs.org/@smithy/fetch-http-handler/-/fetch-http-handler-5.3.9.tgz 0ms (cache hit)
4506 http cache @smithy/config-resolver@https://registry.npmjs.org/@smithy/config-resolver/-/config-resolver-4.4.6.tgz 0ms (cache hit)
4507 http cache @smithy/core@https://registry.npmjs.org/@smithy/core/-/core-3.22.0.tgz 0ms (cache hit)
4508 http cache @aws-sdk/util-user-agent-node@https://registry.npmjs.org/@aws-sdk/util-user-agent-node/-/util-user-agent-node-3.972.2.tgz 0ms (cache hit)
4509 http cache @aws-sdk/util-user-agent-browser@https://registry.npmjs.org/@aws-sdk/util-user-agent-browser/-/util-user-agent-browser-3.972.2.tgz 0ms (cache hit)
4510 http cache @smithy/invalid-dependency@https://registry.npmjs.org/@smithy/invalid-dependency/-/invalid-dependency-4.2.8.tgz 0ms (cache hit)
4511 http cache @smithy/middleware-serde@https://registry.npmjs.org/@smithy/middleware-serde/-/middleware-serde-4.2.9.tgz 0ms (cache hit)
4512 http cache @aws-sdk/types@https://registry.npmjs.org/@aws-sdk/types/-/types-3.973.1.tgz 0ms (cache hit)
4513 http cache @aws-sdk/token-providers@https://registry.npmjs.org/@aws-sdk/token-providers/-/token-providers-3.975.0.tgz 0ms (cache hit)
4514 http cache @aws-sdk/types@https://registry.npmjs.org/@aws-sdk/types/-/types-3.972.0.tgz 0ms (cache hit)
4515 http cache @aws-sdk/region-config-resolver@https://registry.npmjs.org/@aws-sdk/region-config-resolver/-/region-config-resolver-3.972.2.tgz 0ms (cache hit)
4516 http cache @aws-sdk/middleware-user-agent@https://registry.npmjs.org/@aws-sdk/middleware-user-agent/-/middleware-user-agent-3.972.3.tgz 0ms (cache hit)
4517 http cache @aws-sdk/middleware-recursion-detection@https://registry.npmjs.org/@aws-sdk/middleware-recursion-detection/-/middleware-recursion-detection-3.972.2.tgz 0ms (cache hit)
4518 http cache @smithy/types@https://registry.npmjs.org/@smithy/types/-/types-4.12.0.tgz 0ms (cache hit)
4519 http cache @aws-sdk/middleware-host-header@https://registry.npmjs.org/@aws-sdk/middleware-host-header/-/middleware-host-header-3.972.2.tgz 0ms (cache hit)
4520 http cache @aws-sdk/middleware-logger@https://registry.npmjs.org/@aws-sdk/middleware-logger/-/middleware-logger-3.972.2.tgz 0ms (cache hit)
4521 http cache @aws-crypto/sha256-js@https://registry.npmjs.org/@aws-crypto/sha256-js/-/sha256-js-5.2.0.tgz 0ms (cache hit)
4522 http cache @aws-sdk/core@https://registry.npmjs.org/@aws-sdk/core/-/core-3.973.3.tgz 0ms (cache hit)
4523 http cache @aws-sdk/credential-provider-node@https://registry.npmjs.org/@aws-sdk/credential-provider-node/-/credential-provider-node-3.972.2.tgz 0ms (cache hit)
4524 http cache @aws-crypto/sha256-browser@https://registry.npmjs.org/@aws-crypto/sha256-browser/-/sha256-browser-5.2.0.tgz 0ms (cache hit)
4525 http cache @smithy/is-array-buffer@https://registry.npmjs.org/@smithy/is-array-buffer/-/is-array-buffer-2.2.0.tgz 0ms (cache hit)
4526 http cache ws@https://registry.npmjs.org/ws/-/ws-8.19.0.tgz 0ms (cache hit)
4527 http cache @smithy/util-buffer-from@https://registry.npmjs.org/@smithy/util-buffer-from/-/util-buffer-from-2.2.0.tgz 0ms (cache hit)
4528 http cache yaml@https://registry.npmjs.org/yaml/-/yaml-2.8.2.tgz 0ms (cache hit)
4529 http cache tar@https://registry.npmjs.org/tar/-/tar-7.5.4.tgz 0ms (cache hit)
4530 http cache undici@https://registry.npmjs.org/undici/-/undici-7.19.2.tgz 0ms (cache hit)
4531 http cache tslog@https://registry.npmjs.org/tslog/-/tslog-4.10.2.tgz 0ms (cache hit)
4532 http cache sqlite-vec@https://registry.npmjs.org/sqlite-vec/-/sqlite-vec-0.1.7-alpha.2.tgz 0ms (cache hit)
4533 http cache @smithy/util-utf8@https://registry.npmjs.org/@smithy/util-utf8/-/util-utf8-2.3.0.tgz 0ms (cache hit)
4534 http cache qrcode-terminal@https://registry.npmjs.org/qrcode-terminal/-/qrcode-terminal-0.12.0.tgz 0ms (cache hit)
4535 http cache proper-lockfile@https://registry.npmjs.org/proper-lockfile/-/proper-lockfile-4.1.2.tgz 0ms (cache hit)
4536 http cache retry@https://registry.npmjs.org/retry/-/retry-0.12.0.tgz 0ms (cache hit)
4537 http cache signal-exit@https://registry.npmjs.org/signal-exit/-/signal-exit-3.0.7.tgz 0ms (cache hit)
4538 http cache pdfjs-dist@https://registry.npmjs.org/pdfjs-dist/-/pdfjs-dist-5.4.530.tgz 0ms (cache hit)
4539 http cache osc-progress@https://registry.npmjs.org/osc-progress/-/osc-progress-0.3.0.tgz 0ms (cache hit)
4540 http cache is-fullwidth-code-point@https://registry.npmjs.org/is-fullwidth-code-point/-/is-fullwidth-code-point-3.0.0.tgz 0ms (cache hit)
4541 http cache ansi-styles@https://registry.npmjs.org/ansi-styles/-/ansi-styles-4.3.0.tgz 0ms (cache hit)
4542 http cache emoji-regex@https://registry.npmjs.org/emoji-regex/-/emoji-regex-8.0.0.tgz 0ms (cache hit)
4543 http cache node-llama-cpp@https://registry.npmjs.org/node-llama-cpp/-/node-llama-cpp-3.15.0.tgz 0ms (cache hit)
4544 http cache @aws-sdk/util-endpoints@https://registry.npmjs.org/@aws-sdk/util-endpoints/-/util-endpoints-3.972.0.tgz 0ms (cache hit)
4545 http cache ansi-regex@https://registry.npmjs.org/ansi-regex/-/ansi-regex-5.0.1.tgz 0ms (cache hit)
4546 http cache wrap-ansi@https://registry.npmjs.org/wrap-ansi/-/wrap-ansi-7.0.0.tgz 0ms (cache hit)
4547 http cache strip-ansi@https://registry.npmjs.org/strip-ansi/-/strip-ansi-6.0.1.tgz 0ms (cache hit)
4548 http cache yargs-parser@https://registry.npmjs.org/yargs-parser/-/yargs-parser-21.1.1.tgz 0ms (cache hit)
4549 http cache playwright-core@https://registry.npmjs.org/playwright-core/-/playwright-core-1.58.0.tgz 0ms (cache hit)
4550 http cache cliui@https://registry.npmjs.org/cliui/-/cliui-8.0.1.tgz 0ms (cache hit)
4551 http cache strip-ansi@https://registry.npmjs.org/strip-ansi/-/strip-ansi-6.0.1.tgz 0ms (cache hit)
4552 http cache string-width@https://registry.npmjs.org/string-width/-/string-width-4.2.3.tgz 0ms (cache hit)
4553 http cache strip-ansi@https://registry.npmjs.org/strip-ansi/-/strip-ansi-6.0.1.tgz 0ms (cache hit)
4554 http cache which@https://registry.npmjs.org/which/-/which-5.0.0.tgz 0ms (cache hit)
4555 http cache yargs@https://registry.npmjs.org/yargs/-/yargs-17.7.2.tgz 0ms (cache hit)
4556 http cache node-edge-tts@https://registry.npmjs.org/node-edge-tts/-/node-edge-tts-1.2.9.tgz 0ms (cache hit)
4557 http cache isexe@https://registry.npmjs.org/isexe/-/isexe-3.1.1.tgz 0ms (cache hit)
4558 http cache ansi-styles@https://registry.npmjs.org/ansi-styles/-/ansi-styles-4.3.0.tgz 0ms (cache hit)
4559 http cache wrap-ansi@https://registry.npmjs.org/wrap-ansi/-/wrap-ansi-7.0.0.tgz 0ms (cache hit)
4560 http cache emoji-regex@https://registry.npmjs.org/emoji-regex/-/emoji-regex-8.0.0.tgz 0ms (cache hit)
4561 http cache strip-ansi@https://registry.npmjs.org/strip-ansi/-/strip-ansi-6.0.1.tgz 0ms (cache hit)
4562 http cache is-fullwidth-code-point@https://registry.npmjs.org/is-fullwidth-code-point/-/is-fullwidth-code-point-3.0.0.tgz 0ms (cache hit)
4563 http cache cliui@https://registry.npmjs.org/cliui/-/cliui-8.0.1.tgz 0ms (cache hit)
4564 http cache markdown-it@https://registry.npmjs.org/markdown-it/-/markdown-it-14.1.0.tgz 0ms (cache hit)
4565 http cache yargs-parser@https://registry.npmjs.org/yargs-parser/-/yargs-parser-21.1.1.tgz 0ms (cache hit)
4566 http cache long@https://registry.npmjs.org/long/-/long-5.3.2.tgz 0ms (cache hit)
4567 http cache string-width@https://registry.npmjs.org/string-width/-/string-width-4.2.3.tgz 0ms (cache hit)
4568 http cache linkedom@https://registry.npmjs.org/linkedom/-/linkedom-0.18.12.tgz 0ms (cache hit)
4569 http cache jszip@https://registry.npmjs.org/jszip/-/jszip-3.10.1.tgz 0ms (cache hit)
4570 http cache jiti@https://registry.npmjs.org/jiti/-/jiti-2.6.1.tgz 0ms (cache hit)
4571 http cache file-type@https://registry.npmjs.org/file-type/-/file-type-21.3.0.tgz 0ms (cache hit)
4572 http cache express@https://registry.npmjs.org/express/-/express-5.2.1.tgz 0ms (cache hit)
4573 http cache dotenv@https://registry.npmjs.org/dotenv/-/dotenv-17.2.3.tgz 0ms (cache hit)
4574 http cache hono@https://registry.npmjs.org/hono/-/hono-4.11.4.tgz 0ms (cache hit)
4575 http cache detect-libc@https://registry.npmjs.org/detect-libc/-/detect-libc-2.1.2.tgz 0ms (cache hit)
4576 http cache discord-api-types@https://registry.npmjs.org/discord-api-types/-/discord-api-types-0.38.37.tgz 0ms (cache hit)
4577 http cache json5@https://registry.npmjs.org/json5/-/json5-2.2.3.tgz 0ms (cache hit)
4578 http cache commander@https://registry.npmjs.org/commander/-/commander-14.0.2.tgz 0ms (cache hit)
4579 http cache devtools-protocol@https://registry.npmjs.org/devtools-protocol/-/devtools-protocol-0.0.1575685.tgz 0ms (cache hit)
4580 http cache croner@https://registry.npmjs.org/croner/-/croner-9.1.0.tgz 0ms (cache hit)
4581 http cache zod@https://registry.npmjs.org/zod/-/zod-3.25.76.tgz 0ms (cache hit)
4582 http cache chromium-bidi@https://registry.npmjs.org/chromium-bidi/-/chromium-bidi-13.0.1.tgz 0ms (cache hit)
4583 http cache chokidar@https://registry.npmjs.org/chokidar/-/chokidar-5.0.0.tgz 0ms (cache hit)
4584 http cache chalk@https://registry.npmjs.org/chalk/-/chalk-5.6.2.tgz 0ms (cache hit)
4585 http cache cli-highlight@https://registry.npmjs.org/cli-highlight/-/cli-highlight-2.1.11.tgz 0ms (cache hit)
4586 http cache ansi-regex@https://registry.npmjs.org/ansi-regex/-/ansi-regex-5.0.1.tgz 0ms (cache hit)
4587 http cache ansi-styles@https://registry.npmjs.org/ansi-styles/-/ansi-styles-4.3.0.tgz 0ms (cache hit)
4588 http cache yargs@https://registry.npmjs.org/yargs/-/yargs-17.7.2.tgz 0ms (cache hit)
4589 http cache body-parser@https://registry.npmjs.org/body-parser/-/body-parser-2.2.2.tgz 0ms (cache hit)
4590 http cache chalk@https://registry.npmjs.org/chalk/-/chalk-4.1.2.tgz 0ms (cache hit)
4591 http cache p-queue@https://registry.npmjs.org/p-queue/-/p-queue-9.1.0.tgz 0ms (cache hit)
4592 http cache sharp@https://registry.npmjs.org/sharp/-/sharp-0.34.5.tgz 0ms (cache hit)
4593 http cache @slack/web-api@https://registry.npmjs.org/@slack/web-api/-/web-api-7.13.0.tgz 0ms (cache hit)
4594 http cache @types/express@https://registry.npmjs.org/@types/express/-/express-5.0.6.tgz 0ms (cache hit)
4595 http cache @mozilla/readability@https://registry.npmjs.org/@mozilla/readability/-/readability-0.6.0.tgz 0ms (cache hit)
4596 http cache @slack/bolt@https://registry.npmjs.org/@slack/bolt/-/bolt-4.6.0.tgz 0ms (cache hit)
4597 http cache @napi-rs/canvas@https://registry.npmjs.org/@napi-rs/canvas/-/canvas-0.1.89.tgz 0ms (cache hit)
4598 http cache @sinclair/typebox@https://registry.npmjs.org/@sinclair/typebox/-/typebox-0.34.47.tgz 0ms (cache hit)
4599 http cache @mariozechner/pi-tui@https://registry.npmjs.org/@mariozechner/pi-tui/-/pi-tui-0.49.3.tgz 0ms (cache hit)
4600 http cache @mariozechner/pi-ai@https://registry.npmjs.org/@mariozechner/pi-ai/-/pi-ai-0.49.3.tgz 0ms (cache hit)
4601 http cache @mariozechner/pi-coding-agent@https://registry.npmjs.org/@mariozechner/pi-coding-agent/-/pi-coding-agent-0.49.3.tgz 0ms (cache hit)
4602 http cache @mariozechner/pi-agent-core@https://registry.npmjs.org/@mariozechner/pi-agent-core/-/pi-agent-core-0.49.3.tgz 0ms (cache hit)
4603 http cache @line/bot-sdk@https://registry.npmjs.org/@line/bot-sdk/-/bot-sdk-10.6.0.tgz 0ms (cache hit)
4604 http cache @lydell/node-pty@https://registry.npmjs.org/@lydell/node-pty/-/node-pty-1.2.0-beta.3.tgz 0ms (cache hit)
4605 http cache @homebridge/ciao@https://registry.npmjs.org/@homebridge/ciao/-/ciao-1.3.4.tgz 0ms (cache hit)
4606 http cache @types/node@https://registry.npmjs.org/@types/node/-/node-24.10.9.tgz 0ms (cache hit)
4607 http cache @grammyjs/transformer-throttler@https://registry.npmjs.org/@grammyjs/transformer-throttler/-/transformer-throttler-1.2.1.tgz 0ms (cache hit)
4608 http cache grammy@https://registry.npmjs.org/grammy/-/grammy-1.39.3.tgz 0ms (cache hit)
4609 http cache p-timeout@https://registry.npmjs.org/p-timeout/-/p-timeout-7.0.1.tgz 0ms (cache hit)
4610 http cache @clack/prompts@https://registry.npmjs.org/@clack/prompts/-/prompts-0.11.0.tgz 0ms (cache hit)
4611 http cache @grammyjs/runner@https://registry.npmjs.org/@grammyjs/runner/-/runner-2.0.3.tgz 0ms (cache hit)
4612 http cache ajv@https://registry.npmjs.org/ajv/-/ajv-8.17.1.tgz 0ms (cache hit)
4613 http cache @buape/carbon@https://registry.npmjs.org/@buape/carbon/-/carbon-0.14.0.tgz 0ms (cache hit)
4614 http cache zod@https://registry.npmjs.org/zod/-/zod-4.3.6.tgz 0ms (cache hit)
4615 http cache node-fetch@https://registry.npmjs.org/node-fetch/-/node-fetch-2.7.0.tgz 0ms (cache hit)
4616 silly tarball no local data for clawdbot@https://registry.npmjs.org/clawdbot/-/clawdbot-2026.1.24-3.tgz. Extracting by manifest.
4617 silly tarball no local data for balanced-match@https://registry.npmjs.org/balanced-match/-/balanced-match-1.0.2.tgz. Extracting by manifest.
4618 silly tarball no local data for @pkgjs/parseargs@https://registry.npmjs.org/@pkgjs/parseargs/-/parseargs-0.11.0.tgz. Extracting by manifest.
4619 silly tarball no local data for webidl-conversions@https://registry.npmjs.org/webidl-conversions/-/webidl-conversions-3.0.1.tgz. Extracting by manifest.
4620 silly tarball no local data for @types/long@https://registry.npmjs.org/@types/long/-/long-4.0.2.tgz. Extracting by manifest.
4621 silly tarball no local data for whatwg-url@https://registry.npmjs.org/whatwg-url/-/whatwg-url-5.0.0.tgz. Extracting by manifest.
4622 silly tarball no local data for brace-expansion@https://registry.npmjs.org/brace-expansion/-/brace-expansion-2.0.2.tgz. Extracting by manifest.
4623 silly tarball no local data for tr46@https://registry.npmjs.org/tr46/-/tr46-0.0.3.tgz. Extracting by manifest.
4624 silly tarball no local data for mkdirp@https://registry.npmjs.org/mkdirp/-/mkdirp-1.0.4.tgz. Extracting by manifest.
4625 silly tarball no local data for fs-minipass@https://registry.npmjs.org/fs-minipass/-/fs-minipass-2.1.0.tgz. Extracting by manifest.
4626 silly tarball no local data for color-name@https://registry.npmjs.org/color-name/-/color-name-1.1.4.tgz. Extracting by manifest.
4627 silly tarball no local data for has-flag@https://registry.npmjs.org/has-flag/-/has-flag-4.0.0.tgz. Extracting by manifest.
4628 silly tarball no local data for minipass@https://registry.npmjs.org/minipass/-/minipass-3.3.6.tgz. Extracting by manifest.
4629 silly tarball no local data for color-convert@https://registry.npmjs.org/color-convert/-/color-convert-2.0.1.tgz. Extracting by manifest.
4630 silly tarball no local data for yallist@https://registry.npmjs.org/yallist/-/yallist-4.0.0.tgz. Extracting by manifest.
4631 silly tarball no local data for y18n@https://registry.npmjs.org/y18n/-/y18n-5.0.8.tgz. Extracting by manifest.
4632 silly tarball no local data for yargs-parser@https://registry.npmjs.org/yargs-parser/-/yargs-parser-20.2.9.tgz. Extracting by manifest.
4633 silly tarball no local data for require-directory@https://registry.npmjs.org/require-directory/-/require-directory-2.1.1.tgz. Extracting by manifest.
4634 silly tarball no local data for supports-color@https://registry.npmjs.org/supports-color/-/supports-color-7.2.0.tgz. Extracting by manifest.
4635 silly tarball no local data for get-caller-file@https://registry.npmjs.org/get-caller-file/-/get-caller-file-2.0.5.tgz. Extracting by manifest.
4636 silly tarball no local data for escalade@https://registry.npmjs.org/escalade/-/escalade-3.2.0.tgz. Extracting by manifest.
4637 silly tarball no local data for ansi-styles@https://registry.npmjs.org/ansi-styles/-/ansi-styles-4.3.0.tgz. Extracting by manifest.
4638 silly tarball no local data for ansi-regex@https://registry.npmjs.org/ansi-regex/-/ansi-regex-5.0.1.tgz. Extracting by manifest.
4639 silly tarball no local data for emoji-regex@https://registry.npmjs.org/emoji-regex/-/emoji-regex-8.0.0.tgz. Extracting by manifest.
4640 silly tarball no local data for string-width@https://registry.npmjs.org/string-width/-/string-width-4.2.3.tgz. Extracting by manifest.
4641 silly tarball no local data for strip-ansi@https://registry.npmjs.org/strip-ansi/-/strip-ansi-6.0.1.tgz. Extracting by manifest.
4642 silly tarball no local data for ieee754@https://registry.npmjs.org/ieee754/-/ieee754-1.2.1.tgz. Extracting by manifest.
4643 silly tarball no local data for is-fullwidth-code-point@https://registry.npmjs.org/is-fullwidth-code-point/-/is-fullwidth-code-point-3.0.0.tgz. Extracting by manifest.
4644 silly tarball no local data for wrap-ansi@https://registry.npmjs.org/wrap-ansi/-/wrap-ansi-7.0.0.tgz. Extracting by manifest.
4645 silly tarball no local data for yallist@https://registry.npmjs.org/yallist/-/yallist-5.0.0.tgz. Extracting by manifest.
4646 silly tarball no local data for thenify@https://registry.npmjs.org/thenify/-/thenify-3.3.1.tgz. Extracting by manifest.
4647 silly tarball no local data for minizlib@https://registry.npmjs.org/minizlib/-/minizlib-3.1.0.tgz. Extracting by manifest.
4648 silly tarball no local data for emoji-regex@https://registry.npmjs.org/emoji-regex/-/emoji-regex-9.2.2.tgz. Extracting by manifest.
4649 silly tarball no local data for chownr@https://registry.npmjs.org/chownr/-/chownr-3.0.0.tgz. Extracting by manifest.
4650 silly tarball no local data for @isaacs/fs-minipass@https://registry.npmjs.org/@isaacs/fs-minipass/-/fs-minipass-4.0.1.tgz. Extracting by manifest.
4651 silly tarball no local data for ansi-regex@https://registry.npmjs.org/ansi-regex/-/ansi-regex-6.2.2.tgz. Extracting by manifest.
4652 silly tarball no local data for ansi-escapes@https://registry.npmjs.org/ansi-escapes/-/ansi-escapes-6.2.1.tgz. Extracting by manifest.
4653 silly tarball no local data for sqlite-vec-darwin-arm64@https://registry.npmjs.org/sqlite-vec-darwin-arm64/-/sqlite-vec-darwin-arm64-0.1.7-alpha.2.tgz. Extracting by manifest.
4654 silly tarball no local data for buffer-from@https://registry.npmjs.org/buffer-from/-/buffer-from-1.1.2.tgz. Extracting by manifest.
4655 silly tarball no local data for isexe@https://registry.npmjs.org/isexe/-/isexe-2.0.0.tgz. Extracting by manifest.
4656 silly tarball no local data for eastasianwidth@https://registry.npmjs.org/eastasianwidth/-/eastasianwidth-0.2.0.tgz. Extracting by manifest.
4657 silly tarball no local data for is-fullwidth-code-point@https://registry.npmjs.org/is-fullwidth-code-point/-/is-fullwidth-code-point-5.1.0.tgz. Extracting by manifest.
4658 silly tarball no local data for @kwsites/file-exists@https://registry.npmjs.org/@kwsites/file-exists/-/file-exists-1.1.1.tgz. Extracting by manifest.
4659 silly tarball no local data for ansi-styles@https://registry.npmjs.org/ansi-styles/-/ansi-styles-6.2.3.tgz. Extracting by manifest.
4660 silly tarball no local data for @kwsites/promise-deferred@https://registry.npmjs.org/@kwsites/promise-deferred/-/promise-deferred-1.1.1.tgz. Extracting by manifest.
4661 silly tarball no local data for call-bound@https://registry.npmjs.org/call-bound/-/call-bound-1.0.4.tgz. Extracting by manifest.
4662 silly tarball no local data for source-map@https://registry.npmjs.org/source-map/-/source-map-0.6.1.tgz. Extracting by manifest.
4663 http cache @aws-sdk/client-bedrock@https://registry.npmjs.org/@aws-sdk/client-bedrock/-/client-bedrock-3.975.0.tgz 0ms (cache hit)
4664 silly tarball no local data for side-channel-list@https://registry.npmjs.org/side-channel-list/-/side-channel-list-1.0.0.tgz. Extracting by manifest.
4665 silly tarball no local data for side-channel-map@https://registry.npmjs.org/side-channel-map/-/side-channel-map-1.0.1.tgz. Extracting by manifest.
4666 silly tarball no local data for side-channel-weakmap@https://registry.npmjs.org/side-channel-weakmap/-/side-channel-weakmap-1.0.2.tgz. Extracting by manifest.
4667 silly tarball no local data for cliui@https://registry.npmjs.org/cliui/-/cliui-7.0.4.tgz. Extracting by manifest.
4668 silly tarball no local data for @img/sharp-libvips-darwin-arm64@https://registry.npmjs.org/@img/sharp-libvips-darwin-arm64/-/sharp-libvips-darwin-arm64-1.2.4.tgz. Extracting by manifest.
4669 silly tarball no local data for object-inspect@https://registry.npmjs.org/object-inspect/-/object-inspect-1.13.4.tgz. Extracting by manifest.
4670 silly tarball no local data for @img/colour@https://registry.npmjs.org/@img/colour/-/colour-1.0.0.tgz. Extracting by manifest.
4671 silly tarball no local data for is-promise@https://registry.npmjs.org/is-promise/-/is-promise-4.0.0.tgz. Extracting by manifest.
4672 silly tarball no local data for mimic-function@https://registry.npmjs.org/mimic-function/-/mimic-function-5.0.1.tgz. Extracting by manifest.
4673 silly tarball no local data for onetime@https://registry.npmjs.org/onetime/-/onetime-7.0.0.tgz. Extracting by manifest.
4674 silly tarball no local data for util-deprecate@https://registry.npmjs.org/util-deprecate/-/util-deprecate-1.0.2.tgz. Extracting by manifest.
4675 silly tarball no local data for @img/sharp-darwin-arm64@https://registry.npmjs.org/@img/sharp-darwin-arm64/-/sharp-darwin-arm64-0.34.5.tgz. Extracting by manifest.
4676 silly tarball no local data for safe-buffer@https://registry.npmjs.org/safe-buffer/-/safe-buffer-5.1.2.tgz. Extracting by manifest.
4677 http cache @agentclientprotocol/sdk@https://registry.npmjs.org/@agentclientprotocol/sdk/-/sdk-0.13.1.tgz 0ms (cache hit)
4678 silly tarball no local data for strip-json-comments@https://registry.npmjs.org/strip-json-comments/-/strip-json-comments-2.0.1.tgz. Extracting by manifest.
4679 silly tarball no local data for minimist@https://registry.npmjs.org/minimist/-/minimist-1.2.8.tgz. Extracting by manifest.
4680 silly tarball no local data for deep-extend@https://registry.npmjs.org/deep-extend/-/deep-extend-0.6.0.tgz. Extracting by manifest.
4681 silly tarball no local data for ini@https://registry.npmjs.org/ini/-/ini-1.3.8.tgz. Extracting by manifest.
4682 silly tarball no local data for isarray@https://registry.npmjs.org/isarray/-/isarray-1.0.0.tgz. Extracting by manifest.
4683 silly tarball no local data for unpipe@https://registry.npmjs.org/unpipe/-/unpipe-1.0.0.tgz. Extracting by manifest.
4684 silly tarball no local data for core-util-is@https://registry.npmjs.org/core-util-is/-/core-util-is-1.0.3.tgz. Extracting by manifest.
4685 silly tarball no local data for side-channel@https://registry.npmjs.org/side-channel/-/side-channel-1.1.0.tgz. Extracting by manifest.
4686 silly tarball no local data for @protobufjs/utf8@https://registry.npmjs.org/@protobufjs/utf8/-/utf8-1.1.0.tgz. Extracting by manifest.
4687 silly tarball no local data for @protobufjs/pool@https://registry.npmjs.org/@protobufjs/pool/-/pool-1.1.0.tgz. Extracting by manifest.
4688 silly tarball no local data for @protobufjs/path@https://registry.npmjs.org/@protobufjs/path/-/path-1.1.2.tgz. Extracting by manifest.
4689 silly tarball no local data for string_decoder@https://registry.npmjs.org/string_decoder/-/string_decoder-1.1.1.tgz. Extracting by manifest.
4690 silly tarball no local data for ipaddr.js@https://registry.npmjs.org/ipaddr.js/-/ipaddr.js-1.9.1.tgz. Extracting by manifest.
4691 silly tarball no local data for process-nextick-args@https://registry.npmjs.org/process-nextick-args/-/process-nextick-args-2.0.1.tgz. Extracting by manifest.
4692 silly tarball no local data for @protobufjs/float@https://registry.npmjs.org/@protobufjs/float/-/float-1.0.2.tgz. Extracting by manifest.
4693 silly tarball no local data for @protobufjs/fetch@https://registry.npmjs.org/@protobufjs/fetch/-/fetch-1.1.0.tgz. Extracting by manifest.
4694 silly tarball no local data for @protobufjs/eventemitter@https://registry.npmjs.org/@protobufjs/eventemitter/-/eventemitter-1.1.0.tgz. Extracting by manifest.
4695 silly tarball no local data for forwarded@https://registry.npmjs.org/forwarded/-/forwarded-0.2.0.tgz. Extracting by manifest.
4696 silly tarball no local data for @protobufjs/base64@https://registry.npmjs.org/@protobufjs/base64/-/base64-1.1.2.tgz. Extracting by manifest.
4697 silly tarball no local data for @protobufjs/codegen@https://registry.npmjs.org/@protobufjs/codegen/-/codegen-2.0.4.tgz. Extracting by manifest.
4698 silly tarball no local data for @protobufjs/aspromise@https://registry.npmjs.org/@protobufjs/aspromise/-/aspromise-1.1.2.tgz. Extracting by manifest.
4699 silly tarball no local data for split2@https://registry.npmjs.org/split2/-/split2-4.2.0.tgz. Extracting by manifest.
4700 silly tarball no local data for thread-stream@https://registry.npmjs.org/thread-stream/-/thread-stream-3.1.0.tgz. Extracting by manifest.
4701 silly tarball no local data for parse-ms@https://registry.npmjs.org/parse-ms/-/parse-ms-4.0.0.tgz. Extracting by manifest.
4702 silly tarball no local data for @protobufjs/inquire@https://registry.npmjs.org/@protobufjs/inquire/-/inquire-1.1.0.tgz. Extracting by manifest.
4703 silly tarball no local data for sonic-boom@https://registry.npmjs.org/sonic-boom/-/sonic-boom-4.2.0.tgz. Extracting by manifest.
4704 silly tarball no local data for process-warning@https://registry.npmjs.org/process-warning/-/process-warning-5.0.0.tgz. Extracting by manifest.
4705 silly tarball no local data for pino-std-serializers@https://registry.npmjs.org/pino-std-serializers/-/pino-std-serializers-7.1.0.tgz. Extracting by manifest.
4706 silly tarball no local data for real-require@https://registry.npmjs.org/real-require/-/real-require-0.2.0.tgz. Extracting by manifest.
4707 silly tarball no local data for pino-abstract-transport@https://registry.npmjs.org/pino-abstract-transport/-/pino-abstract-transport-2.0.0.tgz. Extracting by manifest.
4708 silly tarball no local data for safe-stable-stringify@https://registry.npmjs.org/safe-stable-stringify/-/safe-stable-stringify-2.5.0.tgz. Extracting by manifest.
4709 silly tarball no local data for @pinojs/redact@https://registry.npmjs.org/@pinojs/redact/-/redact-0.4.0.tgz. Extracting by manifest.
4710 silly tarball no local data for p-finally@https://registry.npmjs.org/p-finally/-/p-finally-1.0.0.tgz. Extracting by manifest.
4711 silly tarball no local data for on-exit-leak-free@https://registry.npmjs.org/on-exit-leak-free/-/on-exit-leak-free-2.1.2.tgz. Extracting by manifest.
4712 silly tarball no local data for @emnapi/runtime@https://registry.npmjs.org/@emnapi/runtime/-/runtime-1.8.1.tgz. Extracting by manifest.
4713 silly tarball no local data for atomic-sleep@https://registry.npmjs.org/atomic-sleep/-/atomic-sleep-1.0.0.tgz. Extracting by manifest.
4714 silly tarball no local data for stdin-discarder@https://registry.npmjs.org/stdin-discarder/-/stdin-discarder-0.2.2.tgz. Extracting by manifest.
4715 silly tarball no local data for restore-cursor@https://registry.npmjs.org/restore-cursor/-/restore-cursor-5.1.0.tgz. Extracting by manifest.
4716 silly tarball no local data for cli-cursor@https://registry.npmjs.org/cli-cursor/-/cli-cursor-5.0.0.tgz. Extracting by manifest.
4717 silly tarball no local data for wrappy@https://registry.npmjs.org/wrappy/-/wrappy-1.0.2.tgz. Extracting by manifest.
4718 silly tarball no local data for p-timeout@https://registry.npmjs.org/p-timeout/-/p-timeout-3.2.0.tgz. Extracting by manifest.
4719 silly tarball no local data for is-interactive@https://registry.npmjs.org/is-interactive/-/is-interactive-2.0.0.tgz. Extracting by manifest.
4720 silly tarball no local data for @octokit/webhooks-methods@https://registry.npmjs.org/@octokit/webhooks-methods/-/webhooks-methods-6.0.0.tgz. Extracting by manifest.
4721 silly tarball no local data for fast-content-type-parse@https://registry.npmjs.org/fast-content-type-parse/-/fast-content-type-parse-3.0.0.tgz. Extracting by manifest.
4722 silly tarball no local data for @octokit/openapi-webhooks-types@https://registry.npmjs.org/@octokit/openapi-webhooks-types/-/openapi-webhooks-types-12.1.0.tgz. Extracting by manifest.
4723 silly tarball no local data for @octokit/endpoint@https://registry.npmjs.org/@octokit/endpoint/-/endpoint-11.0.2.tgz. Extracting by manifest.
4724 silly tarball no local data for quick-format-unescaped@https://registry.npmjs.org/quick-format-unescaped/-/quick-format-unescaped-4.0.4.tgz. Extracting by manifest.
4725 silly tarball no local data for ee-first@https://registry.npmjs.org/ee-first/-/ee-first-1.1.1.tgz. Extracting by manifest.
4726 http cache @whiskeysockets/baileys@https://registry.npmjs.org/@whiskeysockets/baileys/-/baileys-7.0.0-rc.9.tgz 0ms (cache hit)
4727 silly tarball no local data for @octokit/openapi-types@https://registry.npmjs.org/@octokit/openapi-types/-/openapi-types-27.0.0.tgz. Extracting by manifest.
4728 silly tarball no local data for shebang-regex@https://registry.npmjs.org/shebang-regex/-/shebang-regex-3.0.0.tgz. Extracting by manifest.
4729 silly tarball no local data for @octokit/graphql@https://registry.npmjs.org/@octokit/graphql/-/graphql-9.0.3.tgz. Extracting by manifest.
4730 silly tarball no local data for before-after-hook@https://registry.npmjs.org/before-after-hook/-/before-after-hook-4.0.0.tgz. Extracting by manifest.
4731 silly tarball no local data for @octokit/auth-token@https://registry.npmjs.org/@octokit/auth-token/-/auth-token-6.0.0.tgz. Extracting by manifest.
4732 silly tarball no local data for @octokit/oauth-authorization-url@https://registry.npmjs.org/@octokit/oauth-authorization-url/-/oauth-authorization-url-8.0.0.tgz. Extracting by manifest.
4733 silly tarball no local data for @octokit/oauth-methods@https://registry.npmjs.org/@octokit/oauth-methods/-/oauth-methods-6.0.2.tgz. Extracting by manifest.
4734 silly tarball no local data for @octokit/auth-oauth-device@https://registry.npmjs.org/@octokit/auth-oauth-device/-/auth-oauth-device-8.0.3.tgz. Extracting by manifest.
4735 silly tarball no local data for @octokit/auth-oauth-user@https://registry.npmjs.org/@octokit/auth-oauth-user/-/auth-oauth-user-6.0.2.tgz. Extracting by manifest.
4736 silly tarball no local data for toad-cache@https://registry.npmjs.org/toad-cache/-/toad-cache-3.7.0.tgz. Extracting by manifest.
4737 silly tarball no local data for universal-github-app-jwt@https://registry.npmjs.org/universal-github-app-jwt/-/universal-github-app-jwt-2.2.2.tgz. Extracting by manifest.
4738 silly tarball no local data for @octokit/request@https://registry.npmjs.org/@octokit/request/-/request-10.0.7.tgz. Extracting by manifest.
4739 silly tarball no local data for @octokit/auth-unauthenticated@https://registry.npmjs.org/@octokit/auth-unauthenticated/-/auth-unauthenticated-7.0.3.tgz. Extracting by manifest.
4740 silly tarball no local data for @octokit/webhooks@https://registry.npmjs.org/@octokit/webhooks/-/webhooks-14.2.0.tgz. Extracting by manifest.
4741 silly tarball no local data for @octokit/request-error@https://registry.npmjs.org/@octokit/request-error/-/request-error-7.1.0.tgz. Extracting by manifest.
4742 silly tarball no local data for @octokit/plugin-retry@https://registry.npmjs.org/@octokit/plugin-retry/-/plugin-retry-8.0.3.tgz. Extracting by manifest.
4743 silly tarball no local data for @octokit/plugin-throttling@https://registry.npmjs.org/@octokit/plugin-throttling/-/plugin-throttling-11.0.3.tgz. Extracting by manifest.
4744 silly tarball no local data for @octokit/plugin-rest-endpoint-methods@https://registry.npmjs.org/@octokit/plugin-rest-endpoint-methods/-/plugin-rest-endpoint-methods-17.0.0.tgz. Extracting by manifest.
4745 silly tarball no local data for @octokit/plugin-paginate-rest@https://registry.npmjs.org/@octokit/plugin-paginate-rest/-/plugin-paginate-rest-14.0.0.tgz. Extracting by manifest.
4746 silly tarball no local data for @octokit/auth-app@https://registry.npmjs.org/@octokit/auth-app/-/auth-app-8.1.2.tgz. Extracting by manifest.
4747 silly tarball no local data for @octokit/oauth-app@https://registry.npmjs.org/@octokit/oauth-app/-/oauth-app-8.0.3.tgz. Extracting by manifest.
4748 silly tarball no local data for @octokit/plugin-paginate-graphql@https://registry.npmjs.org/@octokit/plugin-paginate-graphql/-/plugin-paginate-graphql-6.0.0.tgz. Extracting by manifest.
4749 silly tarball no local data for wide-align@https://registry.npmjs.org/wide-align/-/wide-align-1.1.5.tgz. Extracting by manifest.
4750 silly tarball no local data for universal-user-agent@https://registry.npmjs.org/universal-user-agent/-/universal-user-agent-7.0.3.tgz. Extracting by manifest.
4751 silly tarball no local data for @types/aws-lambda@https://registry.npmjs.org/@types/aws-lambda/-/aws-lambda-8.10.160.tgz. Extracting by manifest.
4752 silly tarball no local data for ansi-regex@https://registry.npmjs.org/ansi-regex/-/ansi-regex-5.0.1.tgz. Extracting by manifest.
4753 silly tarball no local data for @octokit/app@https://registry.npmjs.org/@octokit/app/-/app-16.1.2.tgz. Extracting by manifest.
4754 silly tarball no local data for @octokit/types@https://registry.npmjs.org/@octokit/types/-/types-16.0.0.tgz. Extracting by manifest.
4755 silly tarball no local data for strip-ansi@https://registry.npmjs.org/strip-ansi/-/strip-ansi-6.0.1.tgz. Extracting by manifest.
4756 silly tarball no local data for color-support@https://registry.npmjs.org/color-support/-/color-support-1.1.3.tgz. Extracting by manifest.
4757 silly tarball no local data for @octokit/auth-oauth-app@https://registry.npmjs.org/@octokit/auth-oauth-app/-/auth-oauth-app-9.0.3.tgz. Extracting by manifest.
4758 silly tarball no local data for has-unicode@https://registry.npmjs.org/has-unicode/-/has-unicode-2.0.1.tgz. Extracting by manifest.
4759 silly tarball no local data for delegates@https://registry.npmjs.org/delegates/-/delegates-1.0.0.tgz. Extracting by manifest.
4760 silly tarball no local data for aproba@https://registry.npmjs.org/aproba/-/aproba-2.1.0.tgz. Extracting by manifest.
4761 silly tarball no local data for is-fullwidth-code-point@https://registry.npmjs.org/is-fullwidth-code-point/-/is-fullwidth-code-point-3.0.0.tgz. Extracting by manifest.
4762 silly tarball no local data for string-width@https://registry.npmjs.org/string-width/-/string-width-4.2.3.tgz. Extracting by manifest.
4763 silly tarball no local data for gauge@https://registry.npmjs.org/gauge/-/gauge-4.0.4.tgz. Extracting by manifest.
4764 silly tarball no local data for is-fullwidth-code-point@https://registry.npmjs.org/is-fullwidth-code-point/-/is-fullwidth-code-point-3.0.0.tgz. Extracting by manifest.
4765 silly tarball no local data for emoji-regex@https://registry.npmjs.org/emoji-regex/-/emoji-regex-8.0.0.tgz. Extracting by manifest.
4766 silly tarball no local data for string-width@https://registry.npmjs.org/string-width/-/string-width-4.2.3.tgz. Extracting by manifest.
4767 silly tarball no local data for ansi-regex@https://registry.npmjs.org/ansi-regex/-/ansi-regex-5.0.1.tgz. Extracting by manifest.
4768 silly tarball no local data for console-control-strings@https://registry.npmjs.org/console-control-strings/-/console-control-strings-1.1.0.tgz. Extracting by manifest.
4769 silly tarball no local data for steno@https://registry.npmjs.org/steno/-/steno-4.0.2.tgz. Extracting by manifest.
4770 silly tarball no local data for emoji-regex@https://registry.npmjs.org/emoji-regex/-/emoji-regex-8.0.0.tgz. Extracting by manifest.
4771 silly tarball no local data for @reflink/reflink-darwin-arm64@https://registry.npmjs.org/@reflink/reflink-darwin-arm64/-/reflink-darwin-arm64-0.1.19.tgz. Extracting by manifest.
4772 silly tarball no local data for readable-stream@https://registry.npmjs.org/readable-stream/-/readable-stream-3.6.2.tgz. Extracting by manifest.
4773 silly tarball no local data for @octokit/core@https://registry.npmjs.org/@octokit/core/-/core-7.0.6.tgz. Extracting by manifest.
4774 silly tarball no local data for sleep-promise@https://registry.npmjs.org/sleep-promise/-/sleep-promise-9.1.0.tgz. Extracting by manifest.
4775 silly tarball no local data for lowdb@https://registry.npmjs.org/lowdb/-/lowdb-7.0.1.tgz. Extracting by manifest.
4776 silly tarball no local data for lodash.debounce@https://registry.npmjs.org/lodash.debounce/-/lodash.debounce-4.0.8.tgz. Extracting by manifest.
4777 silly tarball no local data for pretty-bytes@https://registry.npmjs.org/pretty-bytes/-/pretty-bytes-6.1.1.tgz. Extracting by manifest.
4778 silly tarball no local data for cli-spinners@https://registry.npmjs.org/cli-spinners/-/cli-spinners-2.9.2.tgz. Extracting by manifest.
4779 silly tarball no local data for @reflink/reflink@https://registry.npmjs.org/@reflink/reflink/-/reflink-0.1.19.tgz. Extracting by manifest.
4780 silly tarball no local data for jsonfile@https://registry.npmjs.org/jsonfile/-/jsonfile-6.2.0.tgz. Extracting by manifest.
4781 silly tarball no local data for @tinyhttp/content-disposition@https://registry.npmjs.org/@tinyhttp/content-disposition/-/content-disposition-2.2.3.tgz. Extracting by manifest.
4782 silly tarball no local data for graceful-fs@https://registry.npmjs.org/graceful-fs/-/graceful-fs-4.2.11.tgz. Extracting by manifest.
4783 silly tarball no local data for ci-info@https://registry.npmjs.org/ci-info/-/ci-info-4.3.1.tgz. Extracting by manifest.
4784 silly tarball no local data for universalify@https://registry.npmjs.org/universalify/-/universalify-2.0.1.tgz. Extracting by manifest.
4785 silly tarball no local data for npmlog@https://registry.npmjs.org/npmlog/-/npmlog-6.0.2.tgz. Extracting by manifest.
4786 silly tarball no local data for strip-ansi@https://registry.npmjs.org/strip-ansi/-/strip-ansi-6.0.1.tgz. Extracting by manifest.
4787 silly tarball no local data for url-join@https://registry.npmjs.org/url-join/-/url-join-4.0.1.tgz. Extracting by manifest.
4788 silly tarball no local data for signal-exit@https://registry.npmjs.org/signal-exit/-/signal-exit-3.0.7.tgz. Extracting by manifest.
4789 silly tarball no local data for set-blocking@https://registry.npmjs.org/set-blocking/-/set-blocking-2.0.0.tgz. Extracting by manifest.
4790 silly tarball no local data for memory-stream@https://registry.npmjs.org/memory-stream/-/memory-stream-1.0.0.tgz. Extracting by manifest.
4791 silly tarball no local data for validate-npm-package-name@https://registry.npmjs.org/validate-npm-package-name/-/validate-npm-package-name-6.0.2.tgz. Extracting by manifest.
4792 silly tarball no local data for rc@https://registry.npmjs.org/rc/-/rc-1.2.8.tgz. Extracting by manifest.
4793 silly tarball no local data for readable-stream@https://registry.npmjs.org/readable-stream/-/readable-stream-3.6.2.tgz. Extracting by manifest.
4794 silly tarball no local data for string-width@https://registry.npmjs.org/string-width/-/string-width-7.2.0.tgz. Extracting by manifest.
4795 silly tarball no local data for emoji-regex@https://registry.npmjs.org/emoji-regex/-/emoji-regex-10.6.0.tgz. Extracting by manifest.
4796 silly tarball no local data for node-api-headers@https://registry.npmjs.org/node-api-headers/-/node-api-headers-1.8.0.tgz. Extracting by manifest.
4797 silly tarball no local data for filename-reserved-regex@https://registry.npmjs.org/filename-reserved-regex/-/filename-reserved-regex-3.0.0.tgz. Extracting by manifest.
4798 silly tarball no local data for stdout-update@https://registry.npmjs.org/stdout-update/-/stdout-update-4.0.1.tgz. Extracting by manifest.
4799 silly tarball no local data for slice-ansi@https://registry.npmjs.org/slice-ansi/-/slice-ansi-7.1.2.tgz. Extracting by manifest.
4800 silly tarball no local data for ora@https://registry.npmjs.org/ora/-/ora-8.2.0.tgz. Extracting by manifest.
4801 silly tarball no local data for are-we-there-yet@https://registry.npmjs.org/are-we-there-yet/-/are-we-there-yet-3.0.1.tgz. Extracting by manifest.
4802 silly tarball no local data for emoji-regex@https://registry.npmjs.org/emoji-regex/-/emoji-regex-10.6.0.tgz. Extracting by manifest.
4803 silly tarball no local data for simple-git@https://registry.npmjs.org/simple-git/-/simple-git-3.30.0.tgz. Extracting by manifest.
4804 silly tarball no local data for log-symbols@https://registry.npmjs.org/log-symbols/-/log-symbols-6.0.0.tgz. Extracting by manifest.
4805 silly tarball no local data for is-unicode-supported@https://registry.npmjs.org/is-unicode-supported/-/is-unicode-supported-1.3.0.tgz. Extracting by manifest.
4806 silly tarball no local data for octokit@https://registry.npmjs.org/octokit/-/octokit-5.0.5.tgz. Extracting by manifest.
4807 silly tarball no local data for nanoid@https://registry.npmjs.org/nanoid/-/nanoid-5.1.6.tgz. Extracting by manifest.
4808 silly tarball no local data for node-addon-api@https://registry.npmjs.org/node-addon-api/-/node-addon-api-8.5.0.tgz. Extracting by manifest.
4809 silly tarball no local data for is-unicode-supported@https://registry.npmjs.org/is-unicode-supported/-/is-unicode-supported-2.1.0.tgz. Extracting by manifest.
4810 silly tarball no local data for lifecycle-utils@https://registry.npmjs.org/lifecycle-utils/-/lifecycle-utils-3.0.1.tgz. Extracting by manifest.
4811 silly tarball no local data for parse-ms@https://registry.npmjs.org/parse-ms/-/parse-ms-3.0.0.tgz. Extracting by manifest.
4812 silly tarball no local data for commander@https://registry.npmjs.org/commander/-/commander-10.0.1.tgz. Extracting by manifest.
4813 silly tarball no local data for lifecycle-utils@https://registry.npmjs.org/lifecycle-utils/-/lifecycle-utils-2.1.0.tgz. Extracting by manifest.
4814 silly tarball no local data for pretty-ms@https://registry.npmjs.org/pretty-ms/-/pretty-ms-8.0.0.tgz. Extracting by manifest.
4815 silly tarball no local data for filenamify@https://registry.npmjs.org/filenamify/-/filenamify-6.0.0.tgz. Extracting by manifest.
4816 silly tarball no local data for env-var@https://registry.npmjs.org/env-var/-/env-var-7.5.0.tgz. Extracting by manifest.
4817 silly tarball no local data for cmake-js@https://registry.npmjs.org/cmake-js/-/cmake-js-7.4.0.tgz. Extracting by manifest.
4818 silly tarball no local data for ansi-styles@https://registry.npmjs.org/ansi-styles/-/ansi-styles-4.3.0.tgz. Extracting by manifest.
4819 silly tarball no local data for ignore@https://registry.npmjs.org/ignore/-/ignore-7.0.5.tgz. Extracting by manifest.
4820 silly tarball no local data for ansi-regex@https://registry.npmjs.org/ansi-regex/-/ansi-regex-5.0.1.tgz. Extracting by manifest.
4821 silly tarball no local data for emoji-regex@https://registry.npmjs.org/emoji-regex/-/emoji-regex-8.0.0.tgz. Extracting by manifest.
4822 silly tarball no local data for is-fullwidth-code-point@https://registry.npmjs.org/is-fullwidth-code-point/-/is-fullwidth-code-point-3.0.0.tgz. Extracting by manifest.
4823 silly tarball no local data for wrap-ansi@https://registry.npmjs.org/wrap-ansi/-/wrap-ansi-7.0.0.tgz. Extracting by manifest.
4824 silly tarball no local data for fs-extra@https://registry.npmjs.org/fs-extra/-/fs-extra-11.3.3.tgz. Extracting by manifest.
4825 silly tarball no local data for strip-ansi@https://registry.npmjs.org/strip-ansi/-/strip-ansi-6.0.1.tgz. Extracting by manifest.
4826 silly tarball no local data for string-width@https://registry.npmjs.org/string-width/-/string-width-4.2.3.tgz. Extracting by manifest.
4827 silly tarball no local data for cliui@https://registry.npmjs.org/cliui/-/cliui-8.0.1.tgz. Extracting by manifest.
4828 silly tarball no local data for minizlib@https://registry.npmjs.org/minizlib/-/minizlib-2.1.2.tgz. Extracting by manifest.
4829 silly tarball no local data for yargs-parser@https://registry.npmjs.org/yargs-parser/-/yargs-parser-21.1.1.tgz. Extracting by manifest.
4830 silly tarball no local data for string-width@https://registry.npmjs.org/string-width/-/string-width-7.2.0.tgz. Extracting by manifest.
4831 silly tarball no local data for pretty-ms@https://registry.npmjs.org/pretty-ms/-/pretty-ms-9.3.0.tgz. Extracting by manifest.
4832 silly tarball no local data for yallist@https://registry.npmjs.org/yallist/-/yallist-4.0.0.tgz. Extracting by manifest.
4833 silly tarball no local data for log-symbols@https://registry.npmjs.org/log-symbols/-/log-symbols-7.0.1.tgz. Extracting by manifest.
4834 silly tarball no local data for minipass@https://registry.npmjs.org/minipass/-/minipass-3.3.6.tgz. Extracting by manifest.
4835 silly tarball no local data for chownr@https://registry.npmjs.org/chownr/-/chownr-2.0.0.tgz. Extracting by manifest.
4836 silly tarball no local data for async-retry@https://registry.npmjs.org/async-retry/-/async-retry-1.3.3.tgz. Extracting by manifest.
4837 silly tarball no local data for ipull@https://registry.npmjs.org/ipull/-/ipull-3.9.3.tgz. Extracting by manifest.
4838 silly tarball no local data for tar@https://registry.npmjs.org/tar/-/tar-6.2.1.tgz. Extracting by manifest.
4839 silly tarball no local data for @node-llama-cpp/mac-arm64-metal@https://registry.npmjs.org/@node-llama-cpp/mac-arm64-metal/-/mac-arm64-metal-3.15.0.tgz. Extracting by manifest.
4840 silly tarball no local data for yargs@https://registry.npmjs.org/yargs/-/yargs-17.7.2.tgz. Extracting by manifest.
4841 silly tarball no local data for fetch-blob@https://registry.npmjs.org/fetch-blob/-/fetch-blob-3.2.0.tgz. Extracting by manifest.
4842 silly tarball no local data for @huggingface/jinja@https://registry.npmjs.org/@huggingface/jinja/-/jinja-0.5.4.tgz. Extracting by manifest.
4843 silly tarball no local data for minipass@https://registry.npmjs.org/minipass/-/minipass-5.0.0.tgz. Extracting by manifest.
4844 silly tarball no local data for web-streams-polyfill@https://registry.npmjs.org/web-streams-polyfill/-/web-streams-polyfill-3.3.3.tgz. Extracting by manifest.
4845 silly tarball no local data for data-uri-to-buffer@https://registry.npmjs.org/data-uri-to-buffer/-/data-uri-to-buffer-4.0.1.tgz. Extracting by manifest.
4846 silly tarball no local data for thenify-all@https://registry.npmjs.org/thenify-all/-/thenify-all-1.6.0.tgz. Extracting by manifest.
4847 silly tarball no local data for object-assign@https://registry.npmjs.org/object-assign/-/object-assign-4.1.1.tgz. Extracting by manifest.
4848 silly tarball no local data for any-promise@https://registry.npmjs.org/any-promise/-/any-promise-1.3.0.tgz. Extracting by manifest.
4849 silly tarball no local data for formdata-polyfill@https://registry.npmjs.org/formdata-polyfill/-/formdata-polyfill-4.0.10.tgz. Extracting by manifest.
4850 silly tarball no local data for node-domexception@https://registry.npmjs.org/node-domexception/-/node-domexception-1.0.0.tgz. Extracting by manifest.
4851 silly tarball no local data for @borewit/text-codec@https://registry.npmjs.org/@borewit/text-codec/-/text-codec-0.2.1.tgz. Extracting by manifest.
4852 silly tarball no local data for win-guid@https://registry.npmjs.org/win-guid/-/win-guid-0.2.0.tgz. Extracting by manifest.
4853 silly tarball no local data for media-typer@https://registry.npmjs.org/media-typer/-/media-typer-1.1.0.tgz. Extracting by manifest.
4854 silly tarball no local data for @tokenizer/token@https://registry.npmjs.org/@tokenizer/token/-/token-0.3.0.tgz. Extracting by manifest.
4855 silly tarball no local data for uc.micro@https://registry.npmjs.org/uc.micro/-/uc.micro-2.1.0.tgz. Extracting by manifest.
4856 silly tarball no local data for @isaacs/brace-expansion@https://registry.npmjs.org/@isaacs/brace-expansion/-/brace-expansion-5.0.0.tgz. Extracting by manifest.
4857 silly tarball no local data for @isaacs/balanced-match@https://registry.npmjs.org/@isaacs/balanced-match/-/balanced-match-4.0.1.tgz. Extracting by manifest.
4858 silly tarball no local data for chmodrp@https://registry.npmjs.org/chmodrp/-/chmodrp-1.0.2.tgz. Extracting by manifest.
4859 silly tarball no local data for punycode.js@https://registry.npmjs.org/punycode.js/-/punycode.js-2.3.1.tgz. Extracting by manifest.
4860 silly tarball no local data for mdurl@https://registry.npmjs.org/mdurl/-/mdurl-2.0.0.tgz. Extracting by manifest.
4861 silly tarball no local data for mime-db@https://registry.npmjs.org/mime-db/-/mime-db-1.54.0.tgz. Extracting by manifest.
4862 silly tarball no local data for argparse@https://registry.npmjs.org/argparse/-/argparse-2.0.1.tgz. Extracting by manifest.
4863 silly tarball no local data for entities@https://registry.npmjs.org/entities/-/entities-4.5.0.tgz. Extracting by manifest.
4864 silly tarball no local data for dom-serializer@https://registry.npmjs.org/dom-serializer/-/dom-serializer-2.0.0.tgz. Extracting by manifest.
4865 silly tarball no local data for linkify-it@https://registry.npmjs.org/linkify-it/-/linkify-it-5.0.0.tgz. Extracting by manifest.
4866 silly tarball no local data for css-what@https://registry.npmjs.org/css-what/-/css-what-6.2.2.tgz. Extracting by manifest.
4867 silly tarball no local data for domhandler@https://registry.npmjs.org/domhandler/-/domhandler-5.0.3.tgz. Extracting by manifest.
4868 silly tarball no local data for htmlparser2@https://registry.npmjs.org/htmlparser2/-/htmlparser2-10.1.0.tgz. Extracting by manifest.
4869 silly tarball no local data for domutils@https://registry.npmjs.org/domutils/-/domutils-3.2.2.tgz. Extracting by manifest.
4870 silly tarball no local data for domelementtype@https://registry.npmjs.org/domelementtype/-/domelementtype-2.3.0.tgz. Extracting by manifest.
4871 silly tarball no local data for entities@https://registry.npmjs.org/entities/-/entities-7.0.1.tgz. Extracting by manifest.
4872 silly tarball no local data for uhyphen@https://registry.npmjs.org/uhyphen/-/uhyphen-0.2.0.tgz. Extracting by manifest.
4873 silly tarball no local data for html-escaper@https://registry.npmjs.org/html-escaper/-/html-escaper-3.0.3.tgz. Extracting by manifest.
4874 silly tarball no local data for boolbase@https://registry.npmjs.org/boolbase/-/boolbase-1.0.0.tgz. Extracting by manifest.
4875 silly tarball no local data for css-select@https://registry.npmjs.org/css-select/-/css-select-5.2.2.tgz. Extracting by manifest.
4876 silly tarball no local data for immediate@https://registry.npmjs.org/immediate/-/immediate-3.0.6.tgz. Extracting by manifest.
4877 silly tarball no local data for curve25519-js@https://registry.npmjs.org/curve25519-js/-/curve25519-js-0.0.4.tgz. Extracting by manifest.
4878 silly tarball no local data for jwa@https://registry.npmjs.org/jwa/-/jwa-2.0.1.tgz. Extracting by manifest.
4879 silly tarball no local data for setimmediate@https://registry.npmjs.org/setimmediate/-/setimmediate-1.0.5.tgz. Extracting by manifest.
4880 silly tarball no local data for @keyv/serialize@https://registry.npmjs.org/@keyv/serialize/-/serialize-1.1.1.tgz. Extracting by manifest.
4881 silly tarball no local data for readable-stream@https://registry.npmjs.org/readable-stream/-/readable-stream-2.3.8.tgz. Extracting by manifest.
4882 silly tarball no local data for buffer-equal-constant-time@https://registry.npmjs.org/buffer-equal-constant-time/-/buffer-equal-constant-time-1.0.1.tgz. Extracting by manifest.
4883 silly tarball no local data for semver@https://registry.npmjs.org/semver/-/semver-7.7.3.tgz. Extracting by manifest.
4884 silly tarball no local data for pako@https://registry.npmjs.org/pako/-/pako-1.0.11.tgz. Extracting by manifest.
4885 silly tarball no local data for nth-check@https://registry.npmjs.org/nth-check/-/nth-check-2.1.1.tgz. Extracting by manifest.
4886 silly tarball no local data for cssom@https://registry.npmjs.org/cssom/-/cssom-0.5.0.tgz. Extracting by manifest.
4887 silly tarball no local data for lodash.isnumber@https://registry.npmjs.org/lodash.isnumber/-/lodash.isnumber-3.0.3.tgz. Extracting by manifest.
4888 silly tarball no local data for lodash.once@https://registry.npmjs.org/lodash.once/-/lodash.once-4.1.1.tgz. Extracting by manifest.
4889 silly tarball no local data for lodash.isplainobject@https://registry.npmjs.org/lodash.isplainobject/-/lodash.isplainobject-4.0.6.tgz. Extracting by manifest.
4890 silly tarball no local data for safe-buffer@https://registry.npmjs.org/safe-buffer/-/safe-buffer-5.1.2.tgz. Extracting by manifest.
4891 silly tarball no local data for lodash.isstring@https://registry.npmjs.org/lodash.isstring/-/lodash.isstring-4.0.1.tgz. Extracting by manifest.
4892 silly tarball no local data for lodash.isboolean@https://registry.npmjs.org/lodash.isboolean/-/lodash.isboolean-3.0.3.tgz. Extracting by manifest.
4893 silly tarball no local data for lodash.includes@https://registry.npmjs.org/lodash.includes/-/lodash.includes-4.3.0.tgz. Extracting by manifest.
4894 silly tarball no local data for bignumber.js@https://registry.npmjs.org/bignumber.js/-/bignumber.js-9.3.1.tgz. Extracting by manifest.
4895 silly tarball no local data for @babel/runtime@https://registry.npmjs.org/@babel/runtime/-/runtime-7.28.6.tgz. Extracting by manifest.
4896 silly tarball no local data for wrap-ansi-cjs@https://registry.npmjs.org/wrap-ansi/-/wrap-ansi-7.0.0.tgz. Extracting by manifest.
4897 silly tarball no local data for ansi-regex@https://registry.npmjs.org/ansi-regex/-/ansi-regex-5.0.1.tgz. Extracting by manifest.
4898 silly tarball no local data for is-fullwidth-code-point@https://registry.npmjs.org/is-fullwidth-code-point/-/is-fullwidth-code-point-3.0.0.tgz. Extracting by manifest.
4899 silly tarball no local data for emoji-regex@https://registry.npmjs.org/emoji-regex/-/emoji-regex-8.0.0.tgz. Extracting by manifest.
4900 silly tarball no local data for string-width@https://registry.npmjs.org/string-width/-/string-width-4.2.3.tgz. Extracting by manifest.
4901 silly tarball no local data for ansi-styles@https://registry.npmjs.org/ansi-styles/-/ansi-styles-4.3.0.tgz. Extracting by manifest.
4902 silly tarball no local data for wrap-ansi@https://registry.npmjs.org/wrap-ansi/-/wrap-ansi-8.1.0.tgz. Extracting by manifest.
4903 silly tarball no local data for lie@https://registry.npmjs.org/lie/-/lie-3.3.0.tgz. Extracting by manifest.
4904 silly tarball no local data for strip-ansi-cjs@https://registry.npmjs.org/strip-ansi/-/strip-ansi-6.0.1.tgz. Extracting by manifest.
4905 silly tarball no local data for strip-ansi@https://registry.npmjs.org/strip-ansi/-/strip-ansi-7.1.2.tgz. Extracting by manifest.
4906 silly tarball no local data for lodash.isinteger@https://registry.npmjs.org/lodash.isinteger/-/lodash.isinteger-4.0.4.tgz. Extracting by manifest.
4907 silly tarball no local data for string-width-cjs@https://registry.npmjs.org/string-width/-/string-width-4.2.3.tgz. Extracting by manifest.
4908 silly tarball no local data for strip-ansi@https://registry.npmjs.org/strip-ansi/-/strip-ansi-6.0.1.tgz. Extracting by manifest.
4909 silly tarball no local data for ansi-regex@https://registry.npmjs.org/ansi-regex/-/ansi-regex-5.0.1.tgz. Extracting by manifest.
4910 silly tarball no local data for strip-ansi@https://registry.npmjs.org/strip-ansi/-/strip-ansi-6.0.1.tgz. Extracting by manifest.
4911 silly tarball no local data for ts-algebra@https://registry.npmjs.org/ts-algebra/-/ts-algebra-2.0.0.tgz. Extracting by manifest.
4912 silly tarball no local data for ansi-regex@https://registry.npmjs.org/ansi-regex/-/ansi-regex-5.0.1.tgz. Extracting by manifest.
4913 silly tarball no local data for is-fullwidth-code-point@https://registry.npmjs.org/is-fullwidth-code-point/-/is-fullwidth-code-point-3.0.0.tgz. Extracting by manifest.
4914 silly tarball no local data for emoji-regex@https://registry.npmjs.org/emoji-regex/-/emoji-regex-8.0.0.tgz. Extracting by manifest.
4915 silly tarball no local data for string-width@https://registry.npmjs.org/string-width/-/string-width-5.1.2.tgz. Extracting by manifest.
4916 silly tarball no local data for @isaacs/cliui@https://registry.npmjs.org/@isaacs/cliui/-/cliui-8.0.2.tgz. Extracting by manifest.
4917 silly tarball no local data for safer-buffer@https://registry.npmjs.org/safer-buffer/-/safer-buffer-2.1.2.tgz. Extracting by manifest.
4918 silly tarball no local data for toidentifier@https://registry.npmjs.org/toidentifier/-/toidentifier-1.0.1.tgz. Extracting by manifest.
4919 silly tarball no local data for agent-base@https://registry.npmjs.org/agent-base/-/agent-base-7.1.4.tgz. Extracting by manifest.
4920 silly tarball no local data for setprototypeof@https://registry.npmjs.org/setprototypeof/-/setprototypeof-1.2.0.tgz. Extracting by manifest.
4921 silly tarball no local data for @grammyjs/types@https://registry.npmjs.org/@grammyjs/types/-/types-3.23.0.tgz. Extracting by manifest.
4922 silly tarball no local data for json-bigint@https://registry.npmjs.org/json-bigint/-/json-bigint-1.0.0.tgz. Extracting by manifest.
4923 silly tarball no local data for lru-cache@https://registry.npmjs.org/lru-cache/-/lru-cache-10.4.3.tgz. Extracting by manifest.
4924 silly tarball no local data for path-scurry@https://registry.npmjs.org/path-scurry/-/path-scurry-1.11.1.tgz. Extracting by manifest.
4925 silly tarball no local data for minimatch@https://registry.npmjs.org/minimatch/-/minimatch-9.0.5.tgz. Extracting by manifest.
4926 silly tarball no local data for node-fetch@https://registry.npmjs.org/node-fetch/-/node-fetch-3.3.2.tgz. Extracting by manifest.
4927 silly tarball no local data for rimraf@https://registry.npmjs.org/rimraf/-/rimraf-5.0.10.tgz. Extracting by manifest.
4928 silly tarball no local data for inherits@https://registry.npmjs.org/inherits/-/inherits-2.0.4.tgz. Extracting by manifest.
4929 silly tarball no local data for extend@https://registry.npmjs.org/extend/-/extend-3.0.2.tgz. Extracting by manifest.
4930 silly tarball no local data for https-proxy-agent@https://registry.npmjs.org/https-proxy-agent/-/https-proxy-agent-7.0.6.tgz. Extracting by manifest.
4931 silly tarball no local data for safe-buffer@https://registry.npmjs.org/safe-buffer/-/safe-buffer-5.2.1.tgz. Extracting by manifest.
4932 silly tarball no local data for jackspeak@https://registry.npmjs.org/jackspeak/-/jackspeak-3.4.3.tgz. Extracting by manifest.
4933 silly tarball no local data for jws@https://registry.npmjs.org/jws/-/jws-4.0.1.tgz. Extracting by manifest.
4934 silly tarball no local data for gtoken@https://registry.npmjs.org/gtoken/-/gtoken-8.0.0.tgz. Extracting by manifest.
4935 silly tarball no local data for ecdsa-sig-formatter@https://registry.npmjs.org/ecdsa-sig-formatter/-/ecdsa-sig-formatter-1.0.11.tgz. Extracting by manifest.
4936 silly tarball no local data for gaxios@https://registry.npmjs.org/gaxios/-/gaxios-7.1.3.tgz. Extracting by manifest.
4937 silly tarball no local data for glob@https://registry.npmjs.org/glob/-/glob-10.5.0.tgz. Extracting by manifest.
4938 silly tarball no local data for base64-js@https://registry.npmjs.org/base64-js/-/base64-js-1.5.1.tgz. Extracting by manifest.
4939 silly tarball no local data for which@https://registry.npmjs.org/which/-/which-2.0.2.tgz. Extracting by manifest.
4940 silly tarball no local data for google-logging-utils@https://registry.npmjs.org/google-logging-utils/-/google-logging-utils-1.1.3.tgz. Extracting by manifest.
4941 silly tarball no local data for shebang-command@https://registry.npmjs.org/shebang-command/-/shebang-command-2.0.0.tgz. Extracting by manifest.
4942 silly tarball no local data for signal-exit@https://registry.npmjs.org/signal-exit/-/signal-exit-4.1.0.tgz. Extracting by manifest.
4943 silly tarball no local data for path-key@https://registry.npmjs.org/path-key/-/path-key-3.1.1.tgz. Extracting by manifest.
4944 silly tarball no local data for gcp-metadata@https://registry.npmjs.org/gcp-metadata/-/gcp-metadata-8.1.2.tgz. Extracting by manifest.
4945 silly tarball no local data for minipass@https://registry.npmjs.org/minipass/-/minipass-7.1.2.tgz. Extracting by manifest.
4946 silly tarball no local data for cross-spawn@https://registry.npmjs.org/cross-spawn/-/cross-spawn-7.0.6.tgz. Extracting by manifest.
4947 silly tarball no local data for path-scurry@https://registry.npmjs.org/path-scurry/-/path-scurry-2.0.1.tgz. Extracting by manifest.
4948 silly tarball no local data for foreground-child@https://registry.npmjs.org/foreground-child/-/foreground-child-3.3.1.tgz. Extracting by manifest.
4949 silly tarball no local data for package-json-from-dist@https://registry.npmjs.org/package-json-from-dist/-/package-json-from-dist-1.0.1.tgz. Extracting by manifest.
4950 silly tarball no local data for get-proto@https://registry.npmjs.org/get-proto/-/get-proto-1.0.1.tgz. Extracting by manifest.
4951 silly tarball no local data for function-bind@https://registry.npmjs.org/function-bind/-/function-bind-1.1.2.tgz. Extracting by manifest.
4952 silly tarball no local data for math-intrinsics@https://registry.npmjs.org/math-intrinsics/-/math-intrinsics-1.1.0.tgz. Extracting by manifest.
4953 silly tarball no local data for has-symbols@https://registry.npmjs.org/has-symbols/-/has-symbols-1.1.0.tgz. Extracting by manifest.
4954 silly tarball no local data for dunder-proto@https://registry.npmjs.org/dunder-proto/-/dunder-proto-1.0.1.tgz. Extracting by manifest.
4955 silly tarball no local data for jackspeak@https://registry.npmjs.org/jackspeak/-/jackspeak-4.1.1.tgz. Extracting by manifest.
4956 silly tarball no local data for call-bind-apply-helpers@https://registry.npmjs.org/call-bind-apply-helpers/-/call-bind-apply-helpers-1.0.2.tgz. Extracting by manifest.
4957 silly tarball no local data for es-define-property@https://registry.npmjs.org/es-define-property/-/es-define-property-1.0.1.tgz. Extracting by manifest.
4958 silly tarball no local data for gopd@https://registry.npmjs.org/gopd/-/gopd-1.2.0.tgz. Extracting by manifest.
4959 silly tarball no local data for has-tostringtag@https://registry.npmjs.org/has-tostringtag/-/has-tostringtag-1.0.2.tgz. Extracting by manifest.
4960 silly tarball no local data for es-errors@https://registry.npmjs.org/es-errors/-/es-errors-1.3.0.tgz. Extracting by manifest.
4961 silly tarball no local data for delayed-stream@https://registry.npmjs.org/delayed-stream/-/delayed-stream-1.0.0.tgz. Extracting by manifest.
4962 silly tarball no local data for combined-stream@https://registry.npmjs.org/combined-stream/-/combined-stream-1.0.8.tgz. Extracting by manifest.
4963 silly tarball no local data for get-intrinsic@https://registry.npmjs.org/get-intrinsic/-/get-intrinsic-1.3.0.tgz. Extracting by manifest.
4964 silly tarball no local data for asynckit@https://registry.npmjs.org/asynckit/-/asynckit-0.4.0.tgz. Extracting by manifest.
4965 silly tarball no local data for uint8array-extras@https://registry.npmjs.org/uint8array-extras/-/uint8array-extras-1.5.0.tgz. Extracting by manifest.
4966 silly tarball no local data for hasown@https://registry.npmjs.org/hasown/-/hasown-2.0.2.tgz. Extracting by manifest.
4967 silly tarball no local data for strtok3@https://registry.npmjs.org/strtok3/-/strtok3-10.3.4.tgz. Extracting by manifest.
4968 silly tarball no local data for es-object-atoms@https://registry.npmjs.org/es-object-atoms/-/es-object-atoms-1.1.1.tgz. Extracting by manifest.
4969 silly tarball no local data for negotiator@https://registry.npmjs.org/negotiator/-/negotiator-1.0.0.tgz. Extracting by manifest.
4970 silly tarball no local data for es-set-tostringtag@https://registry.npmjs.org/es-set-tostringtag/-/es-set-tostringtag-2.1.0.tgz. Extracting by manifest.
4971 silly tarball no local data for @tokenizer/inflate@https://registry.npmjs.org/@tokenizer/inflate/-/inflate-0.4.1.tgz. Extracting by manifest.
4972 silly tarball no local data for vary@https://registry.npmjs.org/vary/-/vary-1.1.2.tgz. Extracting by manifest.
4973 silly tarball no local data for send@https://registry.npmjs.org/send/-/send-1.2.1.tgz. Extracting by manifest.
4974 silly tarball no local data for router@https://registry.npmjs.org/router/-/router-2.2.0.tgz. Extracting by manifest.
4975 silly tarball no local data for range-parser@https://registry.npmjs.org/range-parser/-/range-parser-1.2.1.tgz. Extracting by manifest.
4976 silly tarball no local data for proxy-addr@https://registry.npmjs.org/proxy-addr/-/proxy-addr-2.0.7.tgz. Extracting by manifest.
4977 silly tarball no local data for statuses@https://registry.npmjs.org/statuses/-/statuses-2.0.2.tgz. Extracting by manifest.
4978 silly tarball no local data for parseurl@https://registry.npmjs.org/parseurl/-/parseurl-1.3.3.tgz. Extracting by manifest.
4979 silly tarball no local data for serve-static@https://registry.npmjs.org/serve-static/-/serve-static-2.2.1.tgz. Extracting by manifest.
4980 silly tarball no local data for token-types@https://registry.npmjs.org/token-types/-/token-types-6.1.2.tgz. Extracting by manifest.
4981 silly tarball no local data for once@https://registry.npmjs.org/once/-/once-1.4.0.tgz. Extracting by manifest.
4982 silly tarball no local data for merge-descriptors@https://registry.npmjs.org/merge-descriptors/-/merge-descriptors-2.0.0.tgz. Extracting by manifest.
4983 silly tarball no local data for finalhandler@https://registry.npmjs.org/finalhandler/-/finalhandler-2.1.1.tgz. Extracting by manifest.
4984 silly tarball no local data for escape-html@https://registry.npmjs.org/escape-html/-/escape-html-1.0.3.tgz. Extracting by manifest.
4985 silly tarball no local data for etag@https://registry.npmjs.org/etag/-/etag-1.8.1.tgz. Extracting by manifest.
4986 silly tarball no local data for fresh@https://registry.npmjs.org/fresh/-/fresh-2.0.0.tgz. Extracting by manifest.
4987 silly tarball no local data for encodeurl@https://registry.npmjs.org/encodeurl/-/encodeurl-2.0.0.tgz. Extracting by manifest.
4988 silly tarball no local data for cookie@https://registry.npmjs.org/cookie/-/cookie-0.7.2.tgz. Extracting by manifest.
4989 silly tarball no local data for cookie-signature@https://registry.npmjs.org/cookie-signature/-/cookie-signature-1.2.2.tgz. Extracting by manifest.
4990 silly tarball no local data for depd@https://registry.npmjs.org/depd/-/depd-2.0.0.tgz. Extracting by manifest.
4991 silly tarball no local data for content-disposition@https://registry.npmjs.org/content-disposition/-/content-disposition-1.0.1.tgz. Extracting by manifest.
4992 silly tarball no local data for accepts@https://registry.npmjs.org/accepts/-/accepts-2.0.0.tgz. Extracting by manifest.
4993 silly tarball no local data for strnum@https://registry.npmjs.org/strnum/-/strnum-2.1.2.tgz. Extracting by manifest.
4994 silly tarball no local data for yargs@https://registry.npmjs.org/yargs/-/yargs-16.2.0.tgz. Extracting by manifest.
4995 silly tarball no local data for ansi-regex@https://registry.npmjs.org/ansi-regex/-/ansi-regex-5.0.1.tgz. Extracting by manifest.
4996 silly tarball no local data for is-fullwidth-code-point@https://registry.npmjs.org/is-fullwidth-code-point/-/is-fullwidth-code-point-3.0.0.tgz. Extracting by manifest.
4997 silly tarball no local data for emoji-regex@https://registry.npmjs.org/emoji-regex/-/emoji-regex-8.0.0.tgz. Extracting by manifest.
4998 silly tarball no local data for parse5-htmlparser2-tree-adapter@https://registry.npmjs.org/parse5-htmlparser2-tree-adapter/-/parse5-htmlparser2-tree-adapter-6.0.1.tgz. Extracting by manifest.
4999 silly tarball no local data for strip-ansi@https://registry.npmjs.org/strip-ansi/-/strip-ansi-6.0.1.tgz. Extracting by manifest.
5000 silly tarball no local data for mz@https://registry.npmjs.org/mz/-/mz-2.7.0.tgz. Extracting by manifest.
5001 silly tarball no local data for parse5@https://registry.npmjs.org/parse5/-/parse5-5.1.1.tgz. Extracting by manifest.
5002 silly tarball no local data for parse5@https://registry.npmjs.org/parse5/-/parse5-6.0.1.tgz. Extracting by manifest.
5003 silly tarball no local data for mitt@https://registry.npmjs.org/mitt/-/mitt-3.0.1.tgz. Extracting by manifest.
5004 silly tarball no local data for string-width@https://registry.npmjs.org/string-width/-/string-width-4.2.3.tgz. Extracting by manifest.
5005 silly tarball no local data for readdirp@https://registry.npmjs.org/readdirp/-/readdirp-5.0.0.tgz. Extracting by manifest.
5006 silly tarball no local data for qified@https://registry.npmjs.org/qified/-/qified-0.6.0.tgz. Extracting by manifest.
5007 silly tarball no local data for hashery@https://registry.npmjs.org/hashery/-/hashery-1.4.0.tgz. Extracting by manifest.
5008 silly tarball no local data for @keyv/bigmap@https://registry.npmjs.org/@keyv/bigmap/-/bigmap-1.3.1.tgz. Extracting by manifest.
5009 silly tarball no local data for @cacheable/utils@https://registry.npmjs.org/@cacheable/utils/-/utils-2.3.3.tgz. Extracting by manifest.
5010 silly tarball no local data for qs@https://registry.npmjs.org/qs/-/qs-6.14.1.tgz. Extracting by manifest.
5011 silly tarball no local data for ms@https://registry.npmjs.org/ms/-/ms-2.1.3.tgz. Extracting by manifest.
5012 silly tarball no local data for on-finished@https://registry.npmjs.org/on-finished/-/on-finished-2.4.1.tgz. Extracting by manifest.
5013 silly tarball no local data for iconv-lite@https://registry.npmjs.org/iconv-lite/-/iconv-lite-0.7.2.tgz. Extracting by manifest.
5014 silly tarball no local data for content-type@https://registry.npmjs.org/content-type/-/content-type-1.0.5.tgz. Extracting by manifest.
5015 silly tarball no local data for @cacheable/memory@https://registry.npmjs.org/@cacheable/memory/-/memory-2.0.7.tgz. Extracting by manifest.
5016 silly tarball no local data for type-is@https://registry.npmjs.org/type-is/-/type-is-2.0.1.tgz. Extracting by manifest.
5017 silly tarball no local data for bytes@https://registry.npmjs.org/bytes/-/bytes-3.1.2.tgz. Extracting by manifest.
5018 silly tarball no local data for http-errors@https://registry.npmjs.org/http-errors/-/http-errors-2.0.1.tgz. Extracting by manifest.
5019 silly tarball no local data for follow-redirects@https://registry.npmjs.org/follow-redirects/-/follow-redirects-1.15.11.tgz. Extracting by manifest.
5020 silly tarball no local data for proxy-from-env@https://registry.npmjs.org/proxy-from-env/-/proxy-from-env-1.1.0.tgz. Extracting by manifest.
5021 silly tarball no local data for fast-uri@https://registry.npmjs.org/fast-uri/-/fast-uri-3.1.0.tgz. Extracting by manifest.
5022 silly tarball no local data for json-schema-traverse@https://registry.npmjs.org/json-schema-traverse/-/json-schema-traverse-1.0.0.tgz. Extracting by manifest.
5023 silly tarball no local data for require-from-string@https://registry.npmjs.org/require-from-string/-/require-from-string-2.0.2.tgz. Extracting by manifest.
5024 silly tarball no local data for event-target-shim@https://registry.npmjs.org/event-target-shim/-/event-target-shim-5.0.1.tgz. Extracting by manifest.
5025 silly tarball no local data for highlight.js@https://registry.npmjs.org/highlight.js/-/highlight.js-10.7.3.tgz. Extracting by manifest.
5026 silly tarball no local data for cacheable@https://registry.npmjs.org/cacheable/-/cacheable-2.3.2.tgz. Extracting by manifest.
5027 silly tarball no local data for @hapi/hoek@https://registry.npmjs.org/@hapi/hoek/-/hoek-9.3.0.tgz. Extracting by manifest.
5028 silly tarball no local data for keyv@https://registry.npmjs.org/keyv/-/keyv-5.6.0.tgz. Extracting by manifest.
5029 silly tarball no local data for protobufjs@https://registry.npmjs.org/protobufjs/-/protobufjs-7.5.4.tgz. Extracting by manifest.
5030 silly tarball no local data for music-metadata@https://registry.npmjs.org/music-metadata/-/music-metadata-11.11.0.tgz. Extracting by manifest.
5031 silly tarball no local data for pino@https://registry.npmjs.org/pino/-/pino-9.14.0.tgz. Extracting by manifest.
5032 silly tarball no local data for lru-cache@https://registry.npmjs.org/lru-cache/-/lru-cache-11.2.5.tgz. Extracting by manifest.
5033 silly tarball no local data for hookified@https://registry.npmjs.org/hookified/-/hookified-1.15.0.tgz. Extracting by manifest.
5034 silly tarball no local data for protobufjs@https://registry.npmjs.org/protobufjs/-/protobufjs-6.8.8.tgz. Extracting by manifest.
5035 silly tarball no local data for @types/node@https://registry.npmjs.org/@types/node/-/node-10.17.60.tgz. Extracting by manifest.
5036 silly tarball no local data for async-mutex@https://registry.npmjs.org/async-mutex/-/async-mutex-0.5.0.tgz. Extracting by manifest.
5037 silly tarball no local data for long@https://registry.npmjs.org/long/-/long-4.0.0.tgz. Extracting by manifest.
5038 silly tarball no local data for @cacheable/node-cache@https://registry.npmjs.org/@cacheable/node-cache/-/node-cache-1.7.6.tgz. Extracting by manifest.
5039 silly tarball no local data for @hapi/boom@https://registry.npmjs.org/@hapi/boom/-/boom-9.1.4.tgz. Extracting by manifest.
5040 silly tarball no local data for @types/http-errors@https://registry.npmjs.org/@types/http-errors/-/http-errors-2.0.5.tgz. Extracting by manifest.
5041 silly tarball no local data for @types/send@https://registry.npmjs.org/@types/send/-/send-1.2.1.tgz. Extracting by manifest.
5042 silly tarball no local data for @types/range-parser@https://registry.npmjs.org/@types/range-parser/-/range-parser-1.2.7.tgz. Extracting by manifest.
5043 silly tarball no local data for @types/ms@https://registry.npmjs.org/@types/ms/-/ms-2.1.0.tgz. Extracting by manifest.
5044 silly tarball no local data for @types/qs@https://registry.npmjs.org/@types/qs/-/qs-6.14.0.tgz. Extracting by manifest.
5045 silly tarball no local data for @types/connect@https://registry.npmjs.org/@types/connect/-/connect-3.4.38.tgz. Extracting by manifest.
5046 silly tarball no local data for @types/serve-static@https://registry.npmjs.org/@types/serve-static/-/serve-static-2.2.0.tgz. Extracting by manifest.
5047 silly tarball no local data for @types/body-parser@https://registry.npmjs.org/@types/body-parser/-/body-parser-1.19.6.tgz. Extracting by manifest.
5048 silly tarball no local data for @smithy/querystring-parser@https://registry.npmjs.org/@smithy/querystring-parser/-/querystring-parser-4.2.8.tgz. Extracting by manifest.
5049 silly tarball no local data for @types/express-serve-static-core@https://registry.npmjs.org/@types/express-serve-static-core/-/express-serve-static-core-5.1.1.tgz. Extracting by manifest.
5050 silly tarball no local data for bun-types@https://registry.npmjs.org/bun-types/-/bun-types-1.3.6.tgz. Extracting by manifest.
5051 silly tarball no local data for undici-types@https://registry.npmjs.org/undici-types/-/undici-types-7.16.0.tgz. Extracting by manifest.
5052 silly tarball no local data for @smithy/is-array-buffer@https://registry.npmjs.org/@smithy/is-array-buffer/-/is-array-buffer-4.2.0.tgz. Extracting by manifest.
5053 silly tarball no local data for @smithy/service-error-classification@https://registry.npmjs.org/@smithy/service-error-classification/-/service-error-classification-4.2.8.tgz. Extracting by manifest.
5054 silly tarball no local data for @smithy/abort-controller@https://registry.npmjs.org/@smithy/abort-controller/-/abort-controller-4.2.8.tgz. Extracting by manifest.
5055 silly tarball no local data for @smithy/util-buffer-from@https://registry.npmjs.org/@smithy/util-buffer-from/-/util-buffer-from-4.2.0.tgz. Extracting by manifest.
5056 silly tarball no local data for @smithy/util-uri-escape@https://registry.npmjs.org/@smithy/util-uri-escape/-/util-uri-escape-4.2.0.tgz. Extracting by manifest.
5057 silly tarball no local data for @smithy/util-config-provider@https://registry.npmjs.org/@smithy/util-config-provider/-/util-config-provider-4.2.0.tgz. Extracting by manifest.
5058 silly tarball no local data for retry@https://registry.npmjs.org/retry/-/retry-0.13.1.tgz. Extracting by manifest.
5059 silly tarball no local data for @smithy/eventstream-serde-universal@https://registry.npmjs.org/@smithy/eventstream-serde-universal/-/eventstream-serde-universal-4.2.8.tgz. Extracting by manifest.
5060 silly tarball no local data for @aws-crypto/crc32@https://registry.npmjs.org/@aws-crypto/crc32/-/crc32-5.2.0.tgz. Extracting by manifest.
5061 silly tarball no local data for p-retry@https://registry.npmjs.org/p-retry/-/p-retry-4.6.2.tgz. Extracting by manifest.
5062 silly tarball no local data for p-queue@https://registry.npmjs.org/p-queue/-/p-queue-6.6.2.tgz. Extracting by manifest.
5063 silly tarball no local data for is-stream@https://registry.npmjs.org/is-stream/-/is-stream-2.0.1.tgz. Extracting by manifest.
5064 silly tarball no local data for @smithy/uuid@https://registry.npmjs.org/@smithy/uuid/-/uuid-1.1.0.tgz. Extracting by manifest.
5065 silly tarball no local data for eventemitter3@https://registry.npmjs.org/eventemitter3/-/eventemitter3-4.0.7.tgz. Extracting by manifest.
5066 silly tarball no local data for form-data@https://registry.npmjs.org/form-data/-/form-data-4.0.5.tgz. Extracting by manifest.
5067 silly tarball no local data for mime-db@https://registry.npmjs.org/mime-db/-/mime-db-1.52.0.tgz. Extracting by manifest.
5068 silly tarball no local data for @types/retry@https://registry.npmjs.org/@types/retry/-/retry-0.12.0.tgz. Extracting by manifest.
5069 silly tarball no local data for mime-types@https://registry.npmjs.org/mime-types/-/mime-types-2.1.35.tgz. Extracting by manifest.
5070 silly tarball no local data for eventemitter3@https://registry.npmjs.org/eventemitter3/-/eventemitter3-5.0.4.tgz. Extracting by manifest.
5071 silly tarball no local data for jsonwebtoken@https://registry.npmjs.org/jsonwebtoken/-/jsonwebtoken-9.0.3.tgz. Extracting by manifest.
5072 silly tarball no local data for is-electron@https://registry.npmjs.org/is-electron/-/is-electron-2.2.2.tgz. Extracting by manifest.
5073 silly tarball no local data for tsscmp@https://registry.npmjs.org/tsscmp/-/tsscmp-1.0.6.tgz. Extracting by manifest.
5074 silly tarball no local data for @types/jsonwebtoken@https://registry.npmjs.org/@types/jsonwebtoken/-/jsonwebtoken-9.0.10.tgz. Extracting by manifest.
5075 silly tarball no local data for @slack/types@https://registry.npmjs.org/@slack/types/-/types-2.19.0.tgz. Extracting by manifest.
5076 silly tarball no local data for path-to-regexp@https://registry.npmjs.org/path-to-regexp/-/path-to-regexp-8.3.0.tgz. Extracting by manifest.
5077 silly tarball no local data for @slack/oauth@https://registry.npmjs.org/@slack/oauth/-/oauth-3.0.4.tgz. Extracting by manifest.
5078 silly tarball no local data for @slack/logger@https://registry.npmjs.org/@slack/logger/-/logger-4.0.0.tgz. Extracting by manifest.
5079 silly tarball no local data for raw-body@https://registry.npmjs.org/raw-body/-/raw-body-3.0.2.tgz. Extracting by manifest.
5080 silly tarball no local data for mime-types@https://registry.npmjs.org/mime-types/-/mime-types-3.0.2.tgz. Extracting by manifest.
5081 silly tarball no local data for @types/mime-types@https://registry.npmjs.org/@types/mime-types/-/mime-types-2.1.4.tgz. Extracting by manifest.
5082 silly tarball no local data for yoctocolors@https://registry.npmjs.org/yoctocolors/-/yoctocolors-2.1.2.tgz. Extracting by manifest.
5083 silly tarball no local data for @napi-rs/canvas-darwin-arm64@https://registry.npmjs.org/@napi-rs/canvas-darwin-arm64/-/canvas-darwin-arm64-0.1.89.tgz. Extracting by manifest.
5084 silly tarball no local data for std-env@https://registry.npmjs.org/std-env/-/std-env-3.10.0.tgz. Extracting by manifest.
5085 silly tarball no local data for @mariozechner/clipboard-darwin-arm64@https://registry.npmjs.org/@mariozechner/clipboard-darwin-arm64/-/clipboard-darwin-arm64-0.3.0.tgz. Extracting by manifest.
5086 silly tarball no local data for get-east-asian-width@https://registry.npmjs.org/get-east-asian-width/-/get-east-asian-width-1.4.0.tgz. Extracting by manifest.
5087 silly tarball no local data for @mariozechner/clipboard-darwin-universal@https://registry.npmjs.org/@mariozechner/clipboard-darwin-universal/-/clipboard-darwin-universal-0.3.0.tgz. Extracting by manifest.
5088 silly tarball no local data for marked@https://registry.npmjs.org/marked/-/marked-15.0.12.tgz. Extracting by manifest.
5089 silly tarball no local data for minimatch@https://registry.npmjs.org/minimatch/-/minimatch-10.1.1.tgz. Extracting by manifest.
5090 silly tarball no local data for glob@https://registry.npmjs.org/glob/-/glob-11.1.0.tgz. Extracting by manifest.
5091 silly tarball no local data for @silvia-odwyer/photon-node@https://registry.npmjs.org/@silvia-odwyer/photon-node/-/photon-node-0.3.4.tgz. Extracting by manifest.
5092 silly tarball no local data for @mariozechner/jiti@https://registry.npmjs.org/@mariozechner/jiti/-/jiti-2.6.5.tgz. Extracting by manifest.
5093 silly tarball no local data for diff@https://registry.npmjs.org/diff/-/diff-8.0.3.tgz. Extracting by manifest.
5094 silly tarball no local data for @smithy/querystring-builder@https://registry.npmjs.org/@smithy/querystring-builder/-/querystring-builder-4.2.8.tgz. Extracting by manifest.
5095 silly tarball no local data for @smithy/util-hex-encoding@https://registry.npmjs.org/@smithy/util-hex-encoding/-/util-hex-encoding-4.2.0.tgz. Extracting by manifest.
5096 silly tarball no local data for google-auth-library@https://registry.npmjs.org/google-auth-library/-/google-auth-library-10.5.0.tgz. Extracting by manifest.
5097 silly tarball no local data for @slack/socket-mode@https://registry.npmjs.org/@slack/socket-mode/-/socket-mode-2.0.5.tgz. Extracting by manifest.
5098 silly tarball no local data for @smithy/eventstream-codec@https://registry.npmjs.org/@smithy/eventstream-codec/-/eventstream-codec-4.2.8.tgz. Extracting by manifest.
5099 silly tarball no local data for @smithy/eventstream-serde-config-resolver@https://registry.npmjs.org/@smithy/eventstream-serde-config-resolver/-/eventstream-serde-config-resolver-4.3.8.tgz. Extracting by manifest.
5100 silly tarball no local data for @smithy/eventstream-serde-node@https://registry.npmjs.org/@smithy/eventstream-serde-node/-/eventstream-serde-node-4.2.8.tgz. Extracting by manifest.
5101 silly tarball no local data for @aws-sdk/eventstream-handler-node@https://registry.npmjs.org/@aws-sdk/eventstream-handler-node/-/eventstream-handler-node-3.972.2.tgz. Extracting by manifest.
5102 silly tarball no local data for json-schema-to-ts@https://registry.npmjs.org/json-schema-to-ts/-/json-schema-to-ts-3.1.1.tgz. Extracting by manifest.
5103 silly tarball no local data for @aws-sdk/middleware-eventstream@https://registry.npmjs.org/@aws-sdk/middleware-eventstream/-/middleware-eventstream-3.972.2.tgz. Extracting by manifest.
5104 silly tarball no local data for @smithy/eventstream-serde-browser@https://registry.npmjs.org/@smithy/eventstream-serde-browser/-/eventstream-serde-browser-4.2.8.tgz. Extracting by manifest.
5105 silly tarball no local data for @aws-sdk/util-format-url@https://registry.npmjs.org/@aws-sdk/util-format-url/-/util-format-url-3.972.2.tgz. Extracting by manifest.
5106 silly tarball no local data for zod-to-json-schema@https://registry.npmjs.org/zod-to-json-schema/-/zod-to-json-schema-3.25.1.tgz. Extracting by manifest.
5107 silly tarball no local data for partial-json@https://registry.npmjs.org/partial-json/-/partial-json-0.1.7.tgz. Extracting by manifest.
5108 silly tarball no local data for @google/genai@https://registry.npmjs.org/@google/genai/-/genai-1.34.0.tgz. Extracting by manifest.
5109 silly tarball no local data for @aws-sdk/middleware-websocket@https://registry.npmjs.org/@aws-sdk/middleware-websocket/-/middleware-websocket-3.972.2.tgz. Extracting by manifest.
5110 silly tarball no local data for zod@https://registry.npmjs.org/zod/-/zod-3.25.76.tgz. Extracting by manifest.
5111 silly tarball no local data for @mistralai/mistralai@https://registry.npmjs.org/@mistralai/mistralai/-/mistralai-1.10.0.tgz. Extracting by manifest.
5112 silly tarball no local data for openai@https://registry.npmjs.org/openai/-/openai-6.10.0.tgz. Extracting by manifest.
5113 silly tarball no local data for @anthropic-ai/sdk@https://registry.npmjs.org/@anthropic-ai/sdk/-/sdk-0.71.2.tgz. Extracting by manifest.
5114 silly tarball no local data for @mariozechner/clipboard@https://registry.npmjs.org/@mariozechner/clipboard/-/clipboard-0.3.0.tgz. Extracting by manifest.
5115 silly tarball no local data for ajv-formats@https://registry.npmjs.org/ajv-formats/-/ajv-formats-3.0.1.tgz. Extracting by manifest.
5116 silly tarball no local data for @aws-sdk/client-bedrock-runtime@https://registry.npmjs.org/@aws-sdk/client-bedrock-runtime/-/client-bedrock-runtime-3.975.0.tgz. Extracting by manifest.
5117 silly tarball no local data for @lydell/node-pty-darwin-arm64@https://registry.npmjs.org/@lydell/node-pty-darwin-arm64/-/node-pty-darwin-arm64-1.2.0-beta.3.tgz. Extracting by manifest.
5118 silly tarball no local data for debug@https://registry.npmjs.org/debug/-/debug-4.4.3.tgz. Extracting by manifest.
5119 silly tarball no local data for abort-controller@https://registry.npmjs.org/abort-controller/-/abort-controller-3.0.0.tgz. Extracting by manifest.
5120 silly tarball no local data for axios@https://registry.npmjs.org/axios/-/axios-1.13.4.tgz. Extracting by manifest.
5121 silly tarball no local data for fast-deep-equal@https://registry.npmjs.org/fast-deep-equal/-/fast-deep-equal-3.1.3.tgz. Extracting by manifest.
5122 silly tarball no local data for prism-media@https://registry.npmjs.org/prism-media/-/prism-media-1.3.5.tgz. Extracting by manifest.
5123 silly tarball no local data for picocolors@https://registry.npmjs.org/picocolors/-/picocolors-1.1.1.tgz. Extracting by manifest.
5124 silly tarball no local data for bottleneck@https://registry.npmjs.org/bottleneck/-/bottleneck-2.19.5.tgz. Extracting by manifest.
5125 silly tarball no local data for sisteransi@https://registry.npmjs.org/sisteransi/-/sisteransi-1.0.5.tgz. Extracting by manifest.
5126 silly tarball no local data for @discordjs/voice@https://registry.npmjs.org/@discordjs/voice/-/voice-0.19.0.tgz. Extracting by manifest.
5127 silly tarball no local data for @types/node@https://registry.npmjs.org/@types/node/-/node-25.0.10.tgz. Extracting by manifest.
5128 silly tarball no local data for @hono/node-server@https://registry.npmjs.org/@hono/node-server/-/node-server-1.19.9.tgz. Extracting by manifest.
5129 silly tarball no local data for @clack/core@https://registry.npmjs.org/@clack/core/-/core-0.5.0.tgz. Extracting by manifest.
5130 silly tarball no local data for @cloudflare/workers-types@https://registry.npmjs.org/@cloudflare/workers-types/-/workers-types-4.20260120.0.tgz. Extracting by manifest.
5131 silly tarball no local data for @types/ws@https://registry.npmjs.org/@types/ws/-/ws-8.18.1.tgz. Extracting by manifest.
5132 silly tarball no local data for fast-xml-parser@https://registry.npmjs.org/fast-xml-parser/-/fast-xml-parser-5.2.5.tgz. Extracting by manifest.
5133 silly tarball no local data for bowser@https://registry.npmjs.org/bowser/-/bowser-2.13.1.tgz. Extracting by manifest.
5134 silly tarball no local data for @types/bun@https://registry.npmjs.org/@types/bun/-/bun-1.3.6.tgz. Extracting by manifest.
5135 silly tarball no local data for @aws-sdk/client-sso@https://registry.npmjs.org/@aws-sdk/client-sso/-/client-sso-3.975.0.tgz. Extracting by manifest.
5136 silly tarball no local data for @aws-sdk/credential-provider-login@https://registry.npmjs.org/@aws-sdk/credential-provider-login/-/credential-provider-login-3.972.2.tgz. Extracting by manifest.
5137 silly tarball no local data for @smithy/shared-ini-file-loader@https://registry.npmjs.org/@smithy/shared-ini-file-loader/-/shared-ini-file-loader-4.4.3.tgz. Extracting by manifest.
5138 silly tarball no local data for @aws-sdk/nested-clients@https://registry.npmjs.org/@aws-sdk/nested-clients/-/nested-clients-3.975.0.tgz. Extracting by manifest.
5139 silly tarball no local data for @smithy/util-stream@https://registry.npmjs.org/@smithy/util-stream/-/util-stream-4.5.10.tgz. Extracting by manifest.
5140 silly tarball no local data for @aws-sdk/credential-provider-process@https://registry.npmjs.org/@aws-sdk/credential-provider-process/-/credential-provider-process-3.972.2.tgz. Extracting by manifest.
5141 silly tarball no local data for @aws-sdk/credential-provider-web-identity@https://registry.npmjs.org/@aws-sdk/credential-provider-web-identity/-/credential-provider-web-identity-3.972.2.tgz. Extracting by manifest.
5142 silly tarball no local data for @aws-sdk/credential-provider-sso@https://registry.npmjs.org/@aws-sdk/credential-provider-sso/-/credential-provider-sso-3.972.2.tgz. Extracting by manifest.
5143 silly tarball no local data for @aws-sdk/credential-provider-ini@https://registry.npmjs.org/@aws-sdk/credential-provider-ini/-/credential-provider-ini-3.972.2.tgz. Extracting by manifest.
5144 silly tarball no local data for @smithy/credential-provider-imds@https://registry.npmjs.org/@smithy/credential-provider-imds/-/credential-provider-imds-4.2.8.tgz. Extracting by manifest.
5145 silly tarball no local data for @smithy/signature-v4@https://registry.npmjs.org/@smithy/signature-v4/-/signature-v4-5.3.8.tgz. Extracting by manifest.
5146 silly tarball no local data for @aws-sdk/credential-provider-env@https://registry.npmjs.org/@aws-sdk/credential-provider-env/-/credential-provider-env-3.972.2.tgz. Extracting by manifest.
5147 silly tarball no local data for @aws-sdk/credential-provider-http@https://registry.npmjs.org/@aws-sdk/credential-provider-http/-/credential-provider-http-3.972.3.tgz. Extracting by manifest.
5148 silly tarball no local data for @aws-sdk/xml-builder@https://registry.npmjs.org/@aws-sdk/xml-builder/-/xml-builder-3.972.2.tgz. Extracting by manifest.
5149 silly tarball no local data for @aws-crypto/util@https://registry.npmjs.org/@aws-crypto/util/-/util-5.2.0.tgz. Extracting by manifest.
5150 silly tarball no local data for @aws-sdk/util-locate-window@https://registry.npmjs.org/@aws-sdk/util-locate-window/-/util-locate-window-3.965.4.tgz. Extracting by manifest.
5151 silly tarball no local data for @aws/lambda-invoke-store@https://registry.npmjs.org/@aws/lambda-invoke-store/-/lambda-invoke-store-0.2.3.tgz. Extracting by manifest.
5152 silly tarball no local data for @aws-crypto/supports-web-crypto@https://registry.npmjs.org/@aws-crypto/supports-web-crypto/-/supports-web-crypto-5.2.0.tgz. Extracting by manifest.
5153 silly tarball no local data for @smithy/is-array-buffer@https://registry.npmjs.org/@smithy/is-array-buffer/-/is-array-buffer-2.2.0.tgz. Extracting by manifest.
5154 silly tarball no local data for @smithy/util-buffer-from@https://registry.npmjs.org/@smithy/util-buffer-from/-/util-buffer-from-2.2.0.tgz. Extracting by manifest.
5155 silly tarball no local data for @smithy/util-utf8@https://registry.npmjs.org/@smithy/util-utf8/-/util-utf8-2.3.0.tgz. Extracting by manifest.
5156 silly tarball no local data for source-map-support@https://registry.npmjs.org/source-map-support/-/source-map-support-0.5.21.tgz. Extracting by manifest.
5157 silly tarball no local data for @smithy/util-utf8@https://registry.npmjs.org/@smithy/util-utf8/-/util-utf8-4.2.0.tgz. Extracting by manifest.
5158 silly tarball no local data for @smithy/util-middleware@https://registry.npmjs.org/@smithy/util-middleware/-/util-middleware-4.2.8.tgz. Extracting by manifest.
5159 silly tarball no local data for @smithy/util-retry@https://registry.npmjs.org/@smithy/util-retry/-/util-retry-4.2.8.tgz. Extracting by manifest.
5160 silly tarball no local data for tslib@https://registry.npmjs.org/tslib/-/tslib-2.8.1.tgz. Extracting by manifest.
5161 silly tarball no local data for @smithy/util-defaults-mode-node@https://registry.npmjs.org/@smithy/util-defaults-mode-node/-/util-defaults-mode-node-4.2.31.tgz. Extracting by manifest.
5162 silly tarball no local data for @smithy/util-endpoints@https://registry.npmjs.org/@smithy/util-endpoints/-/util-endpoints-3.2.8.tgz. Extracting by manifest.
5163 silly tarball no local data for @smithy/property-provider@https://registry.npmjs.org/@smithy/property-provider/-/property-provider-4.2.8.tgz. Extracting by manifest.
5164 silly tarball no local data for @smithy/util-defaults-mode-browser@https://registry.npmjs.org/@smithy/util-defaults-mode-browser/-/util-defaults-mode-browser-4.3.28.tgz. Extracting by manifest.
5165 silly tarball no local data for @smithy/util-body-length-node@https://registry.npmjs.org/@smithy/util-body-length-node/-/util-body-length-node-4.2.1.tgz. Extracting by manifest.
5166 silly tarball no local data for @smithy/util-base64@https://registry.npmjs.org/@smithy/util-base64/-/util-base64-4.3.0.tgz. Extracting by manifest.
5167 silly tarball no local data for @smithy/util-body-length-browser@https://registry.npmjs.org/@smithy/util-body-length-browser/-/util-body-length-browser-4.2.0.tgz. Extracting by manifest.
5168 silly tarball no local data for @smithy/smithy-client@https://registry.npmjs.org/@smithy/smithy-client/-/smithy-client-4.11.1.tgz. Extracting by manifest.
5169 silly tarball no local data for @smithy/url-parser@https://registry.npmjs.org/@smithy/url-parser/-/url-parser-4.2.8.tgz. Extracting by manifest.
5170 silly tarball no local data for @smithy/protocol-http@https://registry.npmjs.org/@smithy/protocol-http/-/protocol-http-5.3.8.tgz. Extracting by manifest.
5171 silly tarball no local data for @smithy/node-http-handler@https://registry.npmjs.org/@smithy/node-http-handler/-/node-http-handler-4.4.8.tgz. Extracting by manifest.
5172 silly tarball no local data for @smithy/node-config-provider@https://registry.npmjs.org/@smithy/node-config-provider/-/node-config-provider-4.3.8.tgz. Extracting by manifest.
5173 silly tarball no local data for @smithy/middleware-retry@https://registry.npmjs.org/@smithy/middleware-retry/-/middleware-retry-4.4.29.tgz. Extracting by manifest.
5174 silly tarball no local data for @smithy/middleware-content-length@https://registry.npmjs.org/@smithy/middleware-content-length/-/middleware-content-length-4.2.8.tgz. Extracting by manifest.
5175 silly tarball no local data for @smithy/middleware-endpoint@https://registry.npmjs.org/@smithy/middleware-endpoint/-/middleware-endpoint-4.4.12.tgz. Extracting by manifest.
5176 silly tarball no local data for @smithy/hash-node@https://registry.npmjs.org/@smithy/hash-node/-/hash-node-4.2.8.tgz. Extracting by manifest.
5177 silly tarball no local data for @smithy/middleware-stack@https://registry.npmjs.org/@smithy/middleware-stack/-/middleware-stack-4.2.8.tgz. Extracting by manifest.
5178 silly tarball no local data for @smithy/fetch-http-handler@https://registry.npmjs.org/@smithy/fetch-http-handler/-/fetch-http-handler-5.3.9.tgz. Extracting by manifest.
5179 silly tarball no local data for @smithy/config-resolver@https://registry.npmjs.org/@smithy/config-resolver/-/config-resolver-4.4.6.tgz. Extracting by manifest.
5180 silly tarball no local data for @smithy/core@https://registry.npmjs.org/@smithy/core/-/core-3.22.0.tgz. Extracting by manifest.
5181 silly tarball no local data for @aws-sdk/util-user-agent-node@https://registry.npmjs.org/@aws-sdk/util-user-agent-node/-/util-user-agent-node-3.972.2.tgz. Extracting by manifest.
5182 silly tarball no local data for @aws-sdk/util-user-agent-browser@https://registry.npmjs.org/@aws-sdk/util-user-agent-browser/-/util-user-agent-browser-3.972.2.tgz. Extracting by manifest.
5183 silly tarball no local data for @smithy/invalid-dependency@https://registry.npmjs.org/@smithy/invalid-dependency/-/invalid-dependency-4.2.8.tgz. Extracting by manifest.
5184 silly tarball no local data for @smithy/middleware-serde@https://registry.npmjs.org/@smithy/middleware-serde/-/middleware-serde-4.2.9.tgz. Extracting by manifest.
5185 silly tarball no local data for @aws-sdk/types@https://registry.npmjs.org/@aws-sdk/types/-/types-3.973.1.tgz. Extracting by manifest.
5186 silly tarball no local data for @aws-sdk/token-providers@https://registry.npmjs.org/@aws-sdk/token-providers/-/token-providers-3.975.0.tgz. Extracting by manifest.
5187 silly tarball no local data for @aws-sdk/types@https://registry.npmjs.org/@aws-sdk/types/-/types-3.972.0.tgz. Extracting by manifest.
5188 silly tarball no local data for @aws-sdk/region-config-resolver@https://registry.npmjs.org/@aws-sdk/region-config-resolver/-/region-config-resolver-3.972.2.tgz. Extracting by manifest.
5189 silly tarball no local data for @aws-sdk/middleware-user-agent@https://registry.npmjs.org/@aws-sdk/middleware-user-agent/-/middleware-user-agent-3.972.3.tgz. Extracting by manifest.
5190 silly tarball no local data for @aws-sdk/middleware-recursion-detection@https://registry.npmjs.org/@aws-sdk/middleware-recursion-detection/-/middleware-recursion-detection-3.972.2.tgz. Extracting by manifest.
5191 silly tarball no local data for @smithy/types@https://registry.npmjs.org/@smithy/types/-/types-4.12.0.tgz. Extracting by manifest.
5192 silly tarball no local data for @aws-sdk/middleware-host-header@https://registry.npmjs.org/@aws-sdk/middleware-host-header/-/middleware-host-header-3.972.2.tgz. Extracting by manifest.
5193 silly tarball no local data for @aws-sdk/middleware-logger@https://registry.npmjs.org/@aws-sdk/middleware-logger/-/middleware-logger-3.972.2.tgz. Extracting by manifest.
5194 silly tarball no local data for @aws-crypto/sha256-js@https://registry.npmjs.org/@aws-crypto/sha256-js/-/sha256-js-5.2.0.tgz. Extracting by manifest.
5195 silly tarball no local data for @aws-sdk/core@https://registry.npmjs.org/@aws-sdk/core/-/core-3.973.3.tgz. Extracting by manifest.
5196 silly tarball no local data for @aws-sdk/credential-provider-node@https://registry.npmjs.org/@aws-sdk/credential-provider-node/-/credential-provider-node-3.972.2.tgz. Extracting by manifest.
5197 silly tarball no local data for @aws-crypto/sha256-browser@https://registry.npmjs.org/@aws-crypto/sha256-browser/-/sha256-browser-5.2.0.tgz. Extracting by manifest.
5198 silly tarball no local data for @smithy/is-array-buffer@https://registry.npmjs.org/@smithy/is-array-buffer/-/is-array-buffer-2.2.0.tgz. Extracting by manifest.
5199 silly tarball no local data for ws@https://registry.npmjs.org/ws/-/ws-8.19.0.tgz. Extracting by manifest.
5200 silly tarball no local data for @smithy/util-buffer-from@https://registry.npmjs.org/@smithy/util-buffer-from/-/util-buffer-from-2.2.0.tgz. Extracting by manifest.
5201 silly tarball no local data for yaml@https://registry.npmjs.org/yaml/-/yaml-2.8.2.tgz. Extracting by manifest.
5202 silly tarball no local data for tar@https://registry.npmjs.org/tar/-/tar-7.5.4.tgz. Extracting by manifest.
5203 silly tarball no local data for undici@https://registry.npmjs.org/undici/-/undici-7.19.2.tgz. Extracting by manifest.
5204 silly tarball no local data for tslog@https://registry.npmjs.org/tslog/-/tslog-4.10.2.tgz. Extracting by manifest.
5205 silly tarball no local data for sqlite-vec@https://registry.npmjs.org/sqlite-vec/-/sqlite-vec-0.1.7-alpha.2.tgz. Extracting by manifest.
5206 silly tarball no local data for @smithy/util-utf8@https://registry.npmjs.org/@smithy/util-utf8/-/util-utf8-2.3.0.tgz. Extracting by manifest.
5207 silly tarball no local data for qrcode-terminal@https://registry.npmjs.org/qrcode-terminal/-/qrcode-terminal-0.12.0.tgz. Extracting by manifest.
5208 silly tarball no local data for proper-lockfile@https://registry.npmjs.org/proper-lockfile/-/proper-lockfile-4.1.2.tgz. Extracting by manifest.
5209 silly tarball no local data for signal-exit@https://registry.npmjs.org/signal-exit/-/signal-exit-3.0.7.tgz. Extracting by manifest.
5210 silly tarball no local data for retry@https://registry.npmjs.org/retry/-/retry-0.12.0.tgz. Extracting by manifest.
5211 silly tarball no local data for pdfjs-dist@https://registry.npmjs.org/pdfjs-dist/-/pdfjs-dist-5.4.530.tgz. Extracting by manifest.
5212 silly tarball no local data for osc-progress@https://registry.npmjs.org/osc-progress/-/osc-progress-0.3.0.tgz. Extracting by manifest.
5213 silly tarball no local data for is-fullwidth-code-point@https://registry.npmjs.org/is-fullwidth-code-point/-/is-fullwidth-code-point-3.0.0.tgz. Extracting by manifest.
5214 silly tarball no local data for ansi-styles@https://registry.npmjs.org/ansi-styles/-/ansi-styles-4.3.0.tgz. Extracting by manifest.
5215 silly tarball no local data for emoji-regex@https://registry.npmjs.org/emoji-regex/-/emoji-regex-8.0.0.tgz. Extracting by manifest.
5216 silly tarball no local data for node-llama-cpp@https://registry.npmjs.org/node-llama-cpp/-/node-llama-cpp-3.15.0.tgz. Extracting by manifest.
5217 silly tarball no local data for @aws-sdk/util-endpoints@https://registry.npmjs.org/@aws-sdk/util-endpoints/-/util-endpoints-3.972.0.tgz. Extracting by manifest.
5218 silly tarball no local data for ansi-regex@https://registry.npmjs.org/ansi-regex/-/ansi-regex-5.0.1.tgz. Extracting by manifest.
5219 silly tarball no local data for wrap-ansi@https://registry.npmjs.org/wrap-ansi/-/wrap-ansi-7.0.0.tgz. Extracting by manifest.
5220 silly tarball no local data for strip-ansi@https://registry.npmjs.org/strip-ansi/-/strip-ansi-6.0.1.tgz. Extracting by manifest.
5221 silly tarball no local data for yargs-parser@https://registry.npmjs.org/yargs-parser/-/yargs-parser-21.1.1.tgz. Extracting by manifest.
5222 silly tarball no local data for playwright-core@https://registry.npmjs.org/playwright-core/-/playwright-core-1.58.0.tgz. Extracting by manifest.
5223 silly tarball no local data for cliui@https://registry.npmjs.org/cliui/-/cliui-8.0.1.tgz. Extracting by manifest.
5224 silly tarball no local data for strip-ansi@https://registry.npmjs.org/strip-ansi/-/strip-ansi-6.0.1.tgz. Extracting by manifest.
5225 silly tarball no local data for string-width@https://registry.npmjs.org/string-width/-/string-width-4.2.3.tgz. Extracting by manifest.
5226 silly tarball no local data for strip-ansi@https://registry.npmjs.org/strip-ansi/-/strip-ansi-6.0.1.tgz. Extracting by manifest.
5227 silly tarball no local data for which@https://registry.npmjs.org/which/-/which-5.0.0.tgz. Extracting by manifest.
5228 silly tarball no local data for yargs@https://registry.npmjs.org/yargs/-/yargs-17.7.2.tgz. Extracting by manifest.
5229 silly tarball no local data for node-edge-tts@https://registry.npmjs.org/node-edge-tts/-/node-edge-tts-1.2.9.tgz. Extracting by manifest.
5230 silly tarball no local data for isexe@https://registry.npmjs.org/isexe/-/isexe-3.1.1.tgz. Extracting by manifest.
5231 silly tarball no local data for ansi-styles@https://registry.npmjs.org/ansi-styles/-/ansi-styles-4.3.0.tgz. Extracting by manifest.
5232 silly tarball no local data for wrap-ansi@https://registry.npmjs.org/wrap-ansi/-/wrap-ansi-7.0.0.tgz. Extracting by manifest.
5233 silly tarball no local data for emoji-regex@https://registry.npmjs.org/emoji-regex/-/emoji-regex-8.0.0.tgz. Extracting by manifest.
5234 silly tarball no local data for strip-ansi@https://registry.npmjs.org/strip-ansi/-/strip-ansi-6.0.1.tgz. Extracting by manifest.
5235 silly tarball no local data for is-fullwidth-code-point@https://registry.npmjs.org/is-fullwidth-code-point/-/is-fullwidth-code-point-3.0.0.tgz. Extracting by manifest.
5236 silly tarball no local data for cliui@https://registry.npmjs.org/cliui/-/cliui-8.0.1.tgz. Extracting by manifest.
5237 silly tarball no local data for markdown-it@https://registry.npmjs.org/markdown-it/-/markdown-it-14.1.0.tgz. Extracting by manifest.
5238 silly tarball no local data for yargs-parser@https://registry.npmjs.org/yargs-parser/-/yargs-parser-21.1.1.tgz. Extracting by manifest.
5239 silly tarball no local data for long@https://registry.npmjs.org/long/-/long-5.3.2.tgz. Extracting by manifest.
5240 silly tarball no local data for string-width@https://registry.npmjs.org/string-width/-/string-width-4.2.3.tgz. Extracting by manifest.
5241 silly tarball no local data for linkedom@https://registry.npmjs.org/linkedom/-/linkedom-0.18.12.tgz. Extracting by manifest.
5242 silly tarball no local data for jszip@https://registry.npmjs.org/jszip/-/jszip-3.10.1.tgz. Extracting by manifest.
5243 silly tarball no local data for jiti@https://registry.npmjs.org/jiti/-/jiti-2.6.1.tgz. Extracting by manifest.
5244 silly tarball no local data for file-type@https://registry.npmjs.org/file-type/-/file-type-21.3.0.tgz. Extracting by manifest.
5245 silly tarball no local data for express@https://registry.npmjs.org/express/-/express-5.2.1.tgz. Extracting by manifest.
5246 silly tarball no local data for dotenv@https://registry.npmjs.org/dotenv/-/dotenv-17.2.3.tgz. Extracting by manifest.
5247 silly tarball no local data for hono@https://registry.npmjs.org/hono/-/hono-4.11.4.tgz. Extracting by manifest.
5248 silly tarball no local data for detect-libc@https://registry.npmjs.org/detect-libc/-/detect-libc-2.1.2.tgz. Extracting by manifest.
5249 silly tarball no local data for discord-api-types@https://registry.npmjs.org/discord-api-types/-/discord-api-types-0.38.37.tgz. Extracting by manifest.
5250 silly tarball no local data for json5@https://registry.npmjs.org/json5/-/json5-2.2.3.tgz. Extracting by manifest.
5251 silly tarball no local data for commander@https://registry.npmjs.org/commander/-/commander-14.0.2.tgz. Extracting by manifest.
5252 silly tarball no local data for devtools-protocol@https://registry.npmjs.org/devtools-protocol/-/devtools-protocol-0.0.1575685.tgz. Extracting by manifest.
5253 silly tarball no local data for croner@https://registry.npmjs.org/croner/-/croner-9.1.0.tgz. Extracting by manifest.
5254 silly tarball no local data for zod@https://registry.npmjs.org/zod/-/zod-3.25.76.tgz. Extracting by manifest.
5255 silly tarball no local data for chromium-bidi@https://registry.npmjs.org/chromium-bidi/-/chromium-bidi-13.0.1.tgz. Extracting by manifest.
5256 silly tarball no local data for chokidar@https://registry.npmjs.org/chokidar/-/chokidar-5.0.0.tgz. Extracting by manifest.
5257 silly tarball no local data for chalk@https://registry.npmjs.org/chalk/-/chalk-5.6.2.tgz. Extracting by manifest.
5258 silly tarball no local data for cli-highlight@https://registry.npmjs.org/cli-highlight/-/cli-highlight-2.1.11.tgz. Extracting by manifest.
5259 silly tarball no local data for ansi-regex@https://registry.npmjs.org/ansi-regex/-/ansi-regex-5.0.1.tgz. Extracting by manifest.
5260 silly tarball no local data for ansi-styles@https://registry.npmjs.org/ansi-styles/-/ansi-styles-4.3.0.tgz. Extracting by manifest.
5261 silly tarball no local data for yargs@https://registry.npmjs.org/yargs/-/yargs-17.7.2.tgz. Extracting by manifest.
5262 silly tarball no local data for body-parser@https://registry.npmjs.org/body-parser/-/body-parser-2.2.2.tgz. Extracting by manifest.
5263 silly tarball no local data for chalk@https://registry.npmjs.org/chalk/-/chalk-4.1.2.tgz. Extracting by manifest.
5264 silly tarball no local data for p-queue@https://registry.npmjs.org/p-queue/-/p-queue-9.1.0.tgz. Extracting by manifest.
5265 silly tarball no local data for @slack/web-api@https://registry.npmjs.org/@slack/web-api/-/web-api-7.13.0.tgz. Extracting by manifest.
5266 silly tarball no local data for sharp@https://registry.npmjs.org/sharp/-/sharp-0.34.5.tgz. Extracting by manifest.
5267 silly tarball no local data for @types/express@https://registry.npmjs.org/@types/express/-/express-5.0.6.tgz. Extracting by manifest.
5268 silly tarball no local data for @mozilla/readability@https://registry.npmjs.org/@mozilla/readability/-/readability-0.6.0.tgz. Extracting by manifest.
5269 silly tarball no local data for @slack/bolt@https://registry.npmjs.org/@slack/bolt/-/bolt-4.6.0.tgz. Extracting by manifest.
5270 silly tarball no local data for @napi-rs/canvas@https://registry.npmjs.org/@napi-rs/canvas/-/canvas-0.1.89.tgz. Extracting by manifest.
5271 silly tarball no local data for @sinclair/typebox@https://registry.npmjs.org/@sinclair/typebox/-/typebox-0.34.47.tgz. Extracting by manifest.
5272 silly tarball no local data for @mariozechner/pi-tui@https://registry.npmjs.org/@mariozechner/pi-tui/-/pi-tui-0.49.3.tgz. Extracting by manifest.
5273 silly tarball no local data for @mariozechner/pi-ai@https://registry.npmjs.org/@mariozechner/pi-ai/-/pi-ai-0.49.3.tgz. Extracting by manifest.
5274 silly tarball no local data for @mariozechner/pi-coding-agent@https://registry.npmjs.org/@mariozechner/pi-coding-agent/-/pi-coding-agent-0.49.3.tgz. Extracting by manifest.
5275 silly tarball no local data for @mariozechner/pi-agent-core@https://registry.npmjs.org/@mariozechner/pi-agent-core/-/pi-agent-core-0.49.3.tgz. Extracting by manifest.
5276 silly tarball no local data for @line/bot-sdk@https://registry.npmjs.org/@line/bot-sdk/-/bot-sdk-10.6.0.tgz. Extracting by manifest.
5277 silly tarball no local data for @lydell/node-pty@https://registry.npmjs.org/@lydell/node-pty/-/node-pty-1.2.0-beta.3.tgz. Extracting by manifest.
5278 silly tarball no local data for @homebridge/ciao@https://registry.npmjs.org/@homebridge/ciao/-/ciao-1.3.4.tgz. Extracting by manifest.
5279 silly tarball no local data for @types/node@https://registry.npmjs.org/@types/node/-/node-24.10.9.tgz. Extracting by manifest.
5280 silly tarball no local data for @grammyjs/transformer-throttler@https://registry.npmjs.org/@grammyjs/transformer-throttler/-/transformer-throttler-1.2.1.tgz. Extracting by manifest.
5281 silly tarball no local data for grammy@https://registry.npmjs.org/grammy/-/grammy-1.39.3.tgz. Extracting by manifest.
5282 silly tarball no local data for p-timeout@https://registry.npmjs.org/p-timeout/-/p-timeout-7.0.1.tgz. Extracting by manifest.
5283 silly tarball no local data for @clack/prompts@https://registry.npmjs.org/@clack/prompts/-/prompts-0.11.0.tgz. Extracting by manifest.
5284 silly tarball no local data for @grammyjs/runner@https://registry.npmjs.org/@grammyjs/runner/-/runner-2.0.3.tgz. Extracting by manifest.
5285 silly tarball no local data for ajv@https://registry.npmjs.org/ajv/-/ajv-8.17.1.tgz. Extracting by manifest.
5286 silly tarball no local data for @buape/carbon@https://registry.npmjs.org/@buape/carbon/-/carbon-0.14.0.tgz. Extracting by manifest.
5287 silly tarball no local data for zod@https://registry.npmjs.org/zod/-/zod-4.3.6.tgz. Extracting by manifest.
5288 silly tarball no local data for node-fetch@https://registry.npmjs.org/node-fetch/-/node-fetch-2.7.0.tgz. Extracting by manifest.
5289 silly tarball no local data for @aws-sdk/client-bedrock@https://registry.npmjs.org/@aws-sdk/client-bedrock/-/client-bedrock-3.975.0.tgz. Extracting by manifest.
5290 silly tarball no local data for @agentclientprotocol/sdk@https://registry.npmjs.org/@agentclientprotocol/sdk/-/sdk-0.13.1.tgz. Extracting by manifest.
5291 silly tarball no local data for @whiskeysockets/baileys@https://registry.npmjs.org/@whiskeysockets/baileys/-/baileys-7.0.0-rc.9.tgz. Extracting by manifest.
5292 http fetch GET 200 https://registry.npmjs.org/whatwg-url/-/whatwg-url-5.0.0.tgz 182ms (cache miss)
5293 http fetch GET 200 https://registry.npmjs.org/brace-expansion/-/brace-expansion-2.0.2.tgz 184ms (cache miss)
5294 http fetch GET 200 https://registry.npmjs.org/@types/long/-/long-4.0.2.tgz 185ms (cache miss)
5295 http fetch GET 200 https://registry.npmjs.org/webidl-conversions/-/webidl-conversions-3.0.1.tgz 185ms (cache miss)
5296 http fetch GET 200 https://registry.npmjs.org/@pkgjs/parseargs/-/parseargs-0.11.0.tgz 186ms (cache miss)
5297 http fetch GET 200 https://registry.npmjs.org/balanced-match/-/balanced-match-1.0.2.tgz 209ms (cache miss)
5298 http fetch GET 200 https://registry.npmjs.org/y18n/-/y18n-5.0.8.tgz 310ms (cache miss)
5299 http fetch GET 200 https://registry.npmjs.org/require-directory/-/require-directory-2.1.1.tgz 319ms (cache miss)
5300 http fetch GET 200 https://registry.npmjs.org/supports-color/-/supports-color-7.2.0.tgz 331ms (cache miss)
5301 http fetch GET 200 https://registry.npmjs.org/get-caller-file/-/get-caller-file-2.0.5.tgz 334ms (cache miss)
5302 http fetch GET 200 https://registry.npmjs.org/yargs-parser/-/yargs-parser-20.2.9.tgz 337ms (cache miss)
5303 http fetch GET 200 https://registry.npmjs.org/escalade/-/escalade-3.2.0.tgz 374ms (cache miss)
5304 http fetch GET 200 https://registry.npmjs.org/ansi-regex/-/ansi-regex-5.0.1.tgz 446ms (cache miss)
5305 http fetch GET 200 https://registry.npmjs.org/emoji-regex/-/emoji-regex-8.0.0.tgz 446ms (cache miss)
5306 http fetch GET 200 https://registry.npmjs.org/string-width/-/string-width-4.2.3.tgz 446ms (cache miss)
5307 http fetch GET 200 https://registry.npmjs.org/ieee754/-/ieee754-1.2.1.tgz 446ms (cache miss)
5308 http fetch GET 200 https://registry.npmjs.org/ansi-styles/-/ansi-styles-4.3.0.tgz 447ms (cache miss)
5309 http fetch GET 200 https://registry.npmjs.org/strip-ansi/-/strip-ansi-6.0.1.tgz 449ms (cache miss)
5310 http fetch GET 200 https://registry.npmjs.org/has-flag/-/has-flag-4.0.0.tgz 510ms (cache miss)
5311 http fetch GET 200 https://registry.npmjs.org/is-fullwidth-code-point/-/is-fullwidth-code-point-3.0.0.tgz 506ms (cache miss)
5312 http fetch GET 200 https://registry.npmjs.org/fs-minipass/-/fs-minipass-2.1.0.tgz 512ms (cache miss)
5313 http fetch GET 200 https://registry.npmjs.org/yallist/-/yallist-5.0.0.tgz 508ms (cache miss)
5314 http fetch GET 200 https://registry.npmjs.org/wrap-ansi/-/wrap-ansi-7.0.0.tgz 513ms (cache miss)
5315 http fetch GET 200 https://registry.npmjs.org/minipass/-/minipass-3.3.6.tgz 530ms (cache miss)
5316 http fetch GET 200 https://registry.npmjs.org/yallist/-/yallist-4.0.0.tgz 531ms (cache miss)
5317 http fetch GET 200 https://registry.npmjs.org/thenify/-/thenify-3.3.1.tgz 528ms (cache miss)
5318 http fetch GET 200 https://registry.npmjs.org/mkdirp/-/mkdirp-1.0.4.tgz 536ms (cache miss)
5319 http fetch GET 200 https://registry.npmjs.org/color-name/-/color-name-1.1.4.tgz 536ms (cache miss)
5320 http fetch GET 200 https://registry.npmjs.org/minizlib/-/minizlib-3.1.0.tgz 534ms (cache miss)
5321 http fetch GET 200 https://registry.npmjs.org/tr46/-/tr46-0.0.3.tgz 544ms (cache miss)
5322 http fetch GET 200 https://registry.npmjs.org/color-convert/-/color-convert-2.0.1.tgz 546ms (cache miss)
5323 http fetch GET 200 https://registry.npmjs.org/ansi-regex/-/ansi-regex-6.2.2.tgz 562ms (cache miss)
5324 http fetch GET 200 https://registry.npmjs.org/chownr/-/chownr-3.0.0.tgz 564ms (cache miss)
5325 http fetch GET 200 https://registry.npmjs.org/@isaacs/fs-minipass/-/fs-minipass-4.0.1.tgz 573ms (cache miss)
5326 http fetch GET 200 https://registry.npmjs.org/ansi-escapes/-/ansi-escapes-6.2.1.tgz 574ms (cache miss)
5327 http fetch GET 200 https://registry.npmjs.org/sqlite-vec-darwin-arm64/-/sqlite-vec-darwin-arm64-0.1.7-alpha.2.tgz 583ms (cache miss)
5328 http fetch GET 200 https://registry.npmjs.org/eastasianwidth/-/eastasianwidth-0.2.0.tgz 597ms (cache miss)
5329 http fetch GET 200 https://registry.npmjs.org/isexe/-/isexe-2.0.0.tgz 597ms (cache miss)
5330 http fetch GET 200 https://registry.npmjs.org/buffer-from/-/buffer-from-1.1.2.tgz 602ms (cache miss)
5331 http fetch GET 200 https://registry.npmjs.org/is-fullwidth-code-point/-/is-fullwidth-code-point-5.1.0.tgz 603ms (cache miss)
5332 http fetch GET 200 https://registry.npmjs.org/call-bound/-/call-bound-1.0.4.tgz 603ms (cache miss)
5333 http fetch GET 200 https://registry.npmjs.org/ansi-styles/-/ansi-styles-6.2.3.tgz 605ms (cache miss)
5334 http fetch GET 200 https://registry.npmjs.org/@kwsites/file-exists/-/file-exists-1.1.1.tgz 611ms (cache miss)
5335 http fetch GET 200 https://registry.npmjs.org/@kwsites/promise-deferred/-/promise-deferred-1.1.1.tgz 613ms (cache miss)
5336 http fetch GET 200 https://registry.npmjs.org/emoji-regex/-/emoji-regex-9.2.2.tgz 626ms (cache miss)
5337 http fetch GET 200 https://registry.npmjs.org/side-channel-list/-/side-channel-list-1.0.0.tgz 626ms (cache miss)
5338 http fetch GET 200 https://registry.npmjs.org/side-channel-map/-/side-channel-map-1.0.1.tgz 675ms (cache miss)
5339 http fetch GET 200 https://registry.npmjs.org/side-channel-weakmap/-/side-channel-weakmap-1.0.2.tgz 674ms (cache miss)
5340 http fetch GET 200 https://registry.npmjs.org/cliui/-/cliui-7.0.4.tgz 678ms (cache miss)
5341 http fetch GET 200 https://registry.npmjs.org/mimic-function/-/mimic-function-5.0.1.tgz 678ms (cache miss)
5342 http fetch GET 200 https://registry.npmjs.org/source-map/-/source-map-0.6.1.tgz 679ms (cache miss)
5343 http fetch GET 200 https://registry.npmjs.org/onetime/-/onetime-7.0.0.tgz 687ms (cache miss)
5344 http fetch GET 200 https://registry.npmjs.org/util-deprecate/-/util-deprecate-1.0.2.tgz 688ms (cache miss)
5345 http fetch GET 200 https://registry.npmjs.org/safe-buffer/-/safe-buffer-5.1.2.tgz 690ms (cache miss)
5346 http fetch GET 200 https://registry.npmjs.org/is-promise/-/is-promise-4.0.0.tgz 691ms (cache miss)
5347 http fetch GET 200 https://registry.npmjs.org/object-inspect/-/object-inspect-1.13.4.tgz 693ms (cache miss)
5348 http fetch GET 200 https://registry.npmjs.org/@img/colour/-/colour-1.0.0.tgz 700ms (cache miss)
5349 http fetch GET 200 https://registry.npmjs.org/strip-json-comments/-/strip-json-comments-2.0.1.tgz 772ms (cache miss)
5350 http fetch GET 200 https://registry.npmjs.org/@img/sharp-darwin-arm64/-/sharp-darwin-arm64-0.34.5.tgz 836ms (cache miss)
5351 http fetch GET 200 https://registry.npmjs.org/deep-extend/-/deep-extend-0.6.0.tgz 918ms (cache miss)
5352 http fetch GET 200 https://registry.npmjs.org/isarray/-/isarray-1.0.0.tgz 950ms (cache miss)
5353 http fetch GET 200 https://registry.npmjs.org/ini/-/ini-1.3.8.tgz 950ms (cache miss)
5354 http fetch GET 200 https://registry.npmjs.org/minimist/-/minimist-1.2.8.tgz 958ms (cache miss)
5355 http fetch GET 200 https://registry.npmjs.org/unpipe/-/unpipe-1.0.0.tgz 1103ms (cache miss)
5356 http fetch GET 200 https://registry.npmjs.org/@protobufjs/path/-/path-1.1.2.tgz 1129ms (cache miss)
5357 http fetch GET 200 https://registry.npmjs.org/@protobufjs/pool/-/pool-1.1.0.tgz 1131ms (cache miss)
5358 http fetch GET 200 https://registry.npmjs.org/core-util-is/-/core-util-is-1.0.3.tgz 1155ms (cache miss)
5359 http fetch GET 200 https://registry.npmjs.org/side-channel/-/side-channel-1.1.0.tgz 1158ms (cache miss)
5360 http fetch GET 200 https://registry.npmjs.org/string_decoder/-/string_decoder-1.1.1.tgz 1179ms (cache miss)
5361 http fetch GET 200 https://registry.npmjs.org/@protobufjs/utf8/-/utf8-1.1.0.tgz 1180ms (cache miss)
5362 http fetch GET 200 https://registry.npmjs.org/ipaddr.js/-/ipaddr.js-1.9.1.tgz 1201ms (cache miss)
5363 http fetch GET 200 https://registry.npmjs.org/process-nextick-args/-/process-nextick-args-2.0.1.tgz 1279ms (cache miss)
5364 http fetch GET 200 https://registry.npmjs.org/@protobufjs/float/-/float-1.0.2.tgz 1363ms (cache miss)
5365 http fetch GET 200 https://registry.npmjs.org/@protobufjs/fetch/-/fetch-1.1.0.tgz 1363ms (cache miss)
5366 http fetch GET 200 https://registry.npmjs.org/forwarded/-/forwarded-0.2.0.tgz 1362ms (cache miss)
5367 http fetch GET 200 https://registry.npmjs.org/@protobufjs/eventemitter/-/eventemitter-1.1.0.tgz 1363ms (cache miss)
5368 http fetch GET 200 https://registry.npmjs.org/@protobufjs/base64/-/base64-1.1.2.tgz 1426ms (cache miss)
5369 http fetch GET 200 https://registry.npmjs.org/@protobufjs/codegen/-/codegen-2.0.4.tgz 1427ms (cache miss)
5370 http fetch GET 200 https://registry.npmjs.org/@protobufjs/aspromise/-/aspromise-1.1.2.tgz 1428ms (cache miss)
5371 http fetch GET 200 https://registry.npmjs.org/split2/-/split2-4.2.0.tgz 1428ms (cache miss)
5372 http fetch GET 200 https://registry.npmjs.org/thread-stream/-/thread-stream-3.1.0.tgz 1441ms (cache miss)
5373 http fetch GET 200 https://registry.npmjs.org/sonic-boom/-/sonic-boom-4.2.0.tgz 1530ms (cache miss)
5374 http fetch GET 200 https://registry.npmjs.org/parse-ms/-/parse-ms-4.0.0.tgz 1534ms (cache miss)
5375 http fetch GET 200 https://registry.npmjs.org/@protobufjs/inquire/-/inquire-1.1.0.tgz 1546ms (cache miss)
5376 http fetch GET 200 https://registry.npmjs.org/process-warning/-/process-warning-5.0.0.tgz 1547ms (cache miss)
5377 http fetch GET 200 https://registry.npmjs.org/real-require/-/real-require-0.2.0.tgz 1607ms (cache miss)
5378 http fetch GET 200 https://registry.npmjs.org/pino-std-serializers/-/pino-std-serializers-7.1.0.tgz 1607ms (cache miss)
5379 http fetch GET 200 https://registry.npmjs.org/pino-abstract-transport/-/pino-abstract-transport-2.0.0.tgz 1612ms (cache miss)
5380 http fetch GET 200 https://registry.npmjs.org/safe-stable-stringify/-/safe-stable-stringify-2.5.0.tgz 1613ms (cache miss)
5381 http fetch GET 200 https://registry.npmjs.org/p-finally/-/p-finally-1.0.0.tgz 1642ms (cache miss)
5382 http fetch GET 200 https://registry.npmjs.org/atomic-sleep/-/atomic-sleep-1.0.0.tgz 1650ms (cache miss)
5383 http fetch GET 200 https://registry.npmjs.org/on-exit-leak-free/-/on-exit-leak-free-2.1.2.tgz 1651ms (cache miss)
5384 http fetch GET 200 https://registry.npmjs.org/@pinojs/redact/-/redact-0.4.0.tgz 1663ms (cache miss)
5385 http fetch GET 200 https://registry.npmjs.org/@emnapi/runtime/-/runtime-1.8.1.tgz 1677ms (cache miss)
5386 http fetch GET 200 https://registry.npmjs.org/stdin-discarder/-/stdin-discarder-0.2.2.tgz 1707ms (cache miss)
5387 http fetch GET 200 https://registry.npmjs.org/restore-cursor/-/restore-cursor-5.1.0.tgz 1711ms (cache miss)
5388 http fetch GET 200 https://codeload.github.com/whiskeysockets/libsignal-node/tar.gz/1c30d7d7e76a3b0aa120b04dc6a26f5a12dccf67 1565ms (cache miss)
5389 silly packumentCache heap:4345298944 maxSize:1086324736 maxEntrySize:543162368
5390 http fetch GET 200 https://registry.npmjs.org/cli-cursor/-/cli-cursor-5.0.0.tgz 1752ms (cache miss)
5391 http fetch GET 200 https://registry.npmjs.org/wrappy/-/wrappy-1.0.2.tgz 1752ms (cache miss)
5392 http fetch GET 200 https://registry.npmjs.org/is-interactive/-/is-interactive-2.0.0.tgz 1792ms (cache miss)
5393 http fetch GET 200 https://registry.npmjs.org/p-timeout/-/p-timeout-3.2.0.tgz 1792ms (cache miss)
5394 http fetch GET 200 https://registry.npmjs.org/@octokit/webhooks-methods/-/webhooks-methods-6.0.0.tgz 1797ms (cache miss)
5395 http fetch GET 200 https://registry.npmjs.org/ee-first/-/ee-first-1.1.1.tgz 1839ms (cache miss)
5396 http fetch GET 200 https://registry.npmjs.org/fast-content-type-parse/-/fast-content-type-parse-3.0.0.tgz 1840ms (cache miss)
5397 http fetch GET 200 https://registry.npmjs.org/quick-format-unescaped/-/quick-format-unescaped-4.0.4.tgz 1841ms (cache miss)
5398 http fetch GET 200 https://registry.npmjs.org/@octokit/openapi-webhooks-types/-/openapi-webhooks-types-12.1.0.tgz 1850ms (cache miss)
5399 http fetch GET 200 https://registry.npmjs.org/@octokit/endpoint/-/endpoint-11.0.2.tgz 1852ms (cache miss)
5400 http fetch GET 200 https://registry.npmjs.org/shebang-regex/-/shebang-regex-3.0.0.tgz 1853ms (cache miss)
5401 http fetch GET 200 https://registry.npmjs.org/before-after-hook/-/before-after-hook-4.0.0.tgz 1939ms (cache miss)
5402 http fetch GET 200 https://registry.npmjs.org/@octokit/auth-token/-/auth-token-6.0.0.tgz 1945ms (cache miss)
5403 http fetch GET 200 https://registry.npmjs.org/@octokit/auth-oauth-device/-/auth-oauth-device-8.0.3.tgz 2000ms (cache miss)
5404 http fetch GET 200 https://registry.npmjs.org/toad-cache/-/toad-cache-3.7.0.tgz 2010ms (cache miss)
5405 http fetch GET 200 https://registry.npmjs.org/universal-github-app-jwt/-/universal-github-app-jwt-2.2.2.tgz 2013ms (cache miss)
5406 http fetch GET 200 https://registry.npmjs.org/@octokit/request/-/request-10.0.7.tgz 2016ms (cache miss)
5407 http fetch GET 200 https://registry.npmjs.org/@octokit/auth-oauth-user/-/auth-oauth-user-6.0.2.tgz 2016ms (cache miss)
5408 http fetch GET 200 https://registry.npmjs.org/@octokit/webhooks/-/webhooks-14.2.0.tgz 2032ms (cache miss)
5409 http fetch GET 200 https://registry.npmjs.org/@octokit/auth-unauthenticated/-/auth-unauthenticated-7.0.3.tgz 2054ms (cache miss)
5410 http fetch GET 200 https://registry.npmjs.org/@octokit/request-error/-/request-error-7.1.0.tgz 2135ms (cache miss)
5411 http fetch GET 200 https://registry.npmjs.org/@octokit/plugin-throttling/-/plugin-throttling-11.0.3.tgz 2138ms (cache miss)
5412 http fetch GET 200 https://registry.npmjs.org/@octokit/openapi-types/-/openapi-types-27.0.0.tgz 2175ms (cache miss)
5413 http fetch GET 200 https://registry.npmjs.org/@octokit/auth-app/-/auth-app-8.1.2.tgz 2182ms (cache miss)
5414 http fetch GET 200 https://registry.npmjs.org/@octokit/plugin-paginate-rest/-/plugin-paginate-rest-14.0.0.tgz 2187ms (cache miss)
5415 http fetch GET 200 https://registry.npmjs.org/@octokit/oauth-app/-/oauth-app-8.0.3.tgz 2235ms (cache miss)
5416 http fetch GET 200 https://registry.npmjs.org/@octokit/oauth-methods/-/oauth-methods-6.0.2.tgz 2247ms (cache miss)
5417 http fetch GET 200 https://registry.npmjs.org/wide-align/-/wide-align-1.1.5.tgz 2248ms (cache miss)
5418 http fetch GET 200 https://registry.npmjs.org/@octokit/graphql/-/graphql-9.0.3.tgz 2263ms (cache miss)
5419 http fetch GET 200 https://registry.npmjs.org/@octokit/plugin-paginate-graphql/-/plugin-paginate-graphql-6.0.0.tgz 2281ms (cache miss)
5420 http fetch GET 200 https://registry.npmjs.org/universal-user-agent/-/universal-user-agent-7.0.3.tgz 2298ms (cache miss)
5421 http fetch GET 200 https://registry.npmjs.org/@octokit/plugin-rest-endpoint-methods/-/plugin-rest-endpoint-methods-17.0.0.tgz 2298ms (cache miss)
5422 http fetch GET 200 https://registry.npmjs.org/ansi-regex/-/ansi-regex-5.0.1.tgz 2333ms (cache miss)
5423 http fetch GET 200 https://registry.npmjs.org/@types/aws-lambda/-/aws-lambda-8.10.160.tgz 2339ms (cache miss)
5424 http fetch GET 200 https://registry.npmjs.org/@octokit/plugin-retry/-/plugin-retry-8.0.3.tgz 2343ms (cache miss)
5425 http fetch GET 200 https://registry.npmjs.org/@octokit/types/-/types-16.0.0.tgz 2349ms (cache miss)
5426 http fetch GET 200 https://registry.npmjs.org/strip-ansi/-/strip-ansi-6.0.1.tgz 2364ms (cache miss)
5427 http fetch GET 200 https://registry.npmjs.org/@octokit/app/-/app-16.1.2.tgz 2401ms (cache miss)
5428 http fetch GET 200 https://registry.npmjs.org/color-support/-/color-support-1.1.3.tgz 2445ms (cache miss)
5429 http fetch GET 200 https://registry.npmjs.org/has-unicode/-/has-unicode-2.0.1.tgz 2446ms (cache miss)
5430 http fetch GET 200 https://registry.npmjs.org/delegates/-/delegates-1.0.0.tgz 2455ms (cache miss)
5431 http fetch GET 200 https://registry.npmjs.org/is-fullwidth-code-point/-/is-fullwidth-code-point-3.0.0.tgz 2476ms (cache miss)
5432 http fetch GET 200 https://registry.npmjs.org/aproba/-/aproba-2.1.0.tgz 2477ms (cache miss)
5433 http fetch GET 200 https://registry.npmjs.org/string-width/-/string-width-4.2.3.tgz 2482ms (cache miss)
5434 http fetch GET 200 https://registry.npmjs.org/is-fullwidth-code-point/-/is-fullwidth-code-point-3.0.0.tgz 2587ms (cache miss)
5435 http fetch GET 200 https://registry.npmjs.org/emoji-regex/-/emoji-regex-8.0.0.tgz 2602ms (cache miss)
5436 http fetch GET 200 https://registry.npmjs.org/steno/-/steno-4.0.2.tgz 2608ms (cache miss)
5437 http fetch GET 200 https://registry.npmjs.org/ansi-regex/-/ansi-regex-5.0.1.tgz 2612ms (cache miss)
5438 http fetch GET 200 https://registry.npmjs.org/console-control-strings/-/console-control-strings-1.1.0.tgz 2613ms (cache miss)
5439 http fetch GET 200 https://registry.npmjs.org/readable-stream/-/readable-stream-3.6.2.tgz 2614ms (cache miss)
5440 http fetch GET 200 https://registry.npmjs.org/gauge/-/gauge-4.0.4.tgz 2615ms (cache miss)
5441 warn deprecated gauge@4.0.4: This package is no longer supported.
5442 http fetch GET 200 https://registry.npmjs.org/emoji-regex/-/emoji-regex-8.0.0.tgz 2617ms (cache miss)
5443 http fetch GET 200 https://registry.npmjs.org/string-width/-/string-width-4.2.3.tgz 2619ms (cache miss)
5444 http fetch GET 200 https://registry.npmjs.org/@reflink/reflink-darwin-arm64/-/reflink-darwin-arm64-0.1.19.tgz 2738ms (cache miss)
5445 http fetch GET 200 https://registry.npmjs.org/@octokit/core/-/core-7.0.6.tgz 2749ms (cache miss)
5446 http fetch GET 200 https://registry.npmjs.org/pretty-bytes/-/pretty-bytes-6.1.1.tgz 2841ms (cache miss)
5447 http fetch GET 200 https://registry.npmjs.org/cli-spinners/-/cli-spinners-2.9.2.tgz 2857ms (cache miss)
5448 http fetch GET 200 https://registry.npmjs.org/lowdb/-/lowdb-7.0.1.tgz 2859ms (cache miss)
5449 http fetch GET 200 https://registry.npmjs.org/lodash.debounce/-/lodash.debounce-4.0.8.tgz 2862ms (cache miss)
5450 http fetch GET 200 https://registry.npmjs.org/jsonfile/-/jsonfile-6.2.0.tgz 2877ms (cache miss)
5451 http fetch GET 200 https://registry.npmjs.org/graceful-fs/-/graceful-fs-4.2.11.tgz 2883ms (cache miss)
5452 http fetch GET 200 https://registry.npmjs.org/@tinyhttp/content-disposition/-/content-disposition-2.2.3.tgz 2888ms (cache miss)
5453 http fetch GET 200 https://registry.npmjs.org/@reflink/reflink/-/reflink-0.1.19.tgz 2893ms (cache miss)
5454 http fetch GET 200 https://registry.npmjs.org/ci-info/-/ci-info-4.3.1.tgz 2955ms (cache miss)
5455 http fetch GET 200 https://registry.npmjs.org/universalify/-/universalify-2.0.1.tgz 2968ms (cache miss)
5456 http fetch GET 200 https://registry.npmjs.org/sleep-promise/-/sleep-promise-9.1.0.tgz 2995ms (cache miss)
5457 http fetch GET 200 https://registry.npmjs.org/npmlog/-/npmlog-6.0.2.tgz 3085ms (cache miss)
5458 warn deprecated npmlog@6.0.2: This package is no longer supported.
5459 http fetch GET 200 https://registry.npmjs.org/strip-ansi/-/strip-ansi-6.0.1.tgz 3130ms (cache miss)
5460 http fetch GET 200 https://registry.npmjs.org/memory-stream/-/memory-stream-1.0.0.tgz 3131ms (cache miss)
5461 http fetch GET 200 https://registry.npmjs.org/set-blocking/-/set-blocking-2.0.0.tgz 3131ms (cache miss)
5462 http fetch GET 200 https://registry.npmjs.org/url-join/-/url-join-4.0.1.tgz 3131ms (cache miss)
5463 http fetch GET 200 https://registry.npmjs.org/validate-npm-package-name/-/validate-npm-package-name-6.0.2.tgz 3131ms (cache miss)
5464 http fetch GET 200 https://registry.npmjs.org/signal-exit/-/signal-exit-3.0.7.tgz 3145ms (cache miss)
5465 http fetch GET 200 https://registry.npmjs.org/rc/-/rc-1.2.8.tgz 3150ms (cache miss)
5466 http fetch GET 200 https://registry.npmjs.org/@octokit/oauth-authorization-url/-/oauth-authorization-url-8.0.0.tgz 3180ms (cache miss)
5467 http fetch GET 200 https://registry.npmjs.org/emoji-regex/-/emoji-regex-10.6.0.tgz 3201ms (cache miss)
5468 http fetch GET 200 https://registry.npmjs.org/readable-stream/-/readable-stream-3.6.2.tgz 3209ms (cache miss)
5469 http fetch GET 200 https://registry.npmjs.org/string-width/-/string-width-7.2.0.tgz 3209ms (cache miss)
5470 http fetch GET 200 https://registry.npmjs.org/node-api-headers/-/node-api-headers-1.8.0.tgz 3256ms (cache miss)
5471 http fetch GET 200 https://registry.npmjs.org/filename-reserved-regex/-/filename-reserved-regex-3.0.0.tgz 3273ms (cache miss)
5472 http fetch GET 200 https://registry.npmjs.org/are-we-there-yet/-/are-we-there-yet-3.0.1.tgz 3289ms (cache miss)
5473 warn deprecated are-we-there-yet@3.0.1: This package is no longer supported.
5474 http fetch GET 200 https://registry.npmjs.org/ora/-/ora-8.2.0.tgz 3290ms (cache miss)
5475 http fetch GET 200 https://registry.npmjs.org/stdout-update/-/stdout-update-4.0.1.tgz 3312ms (cache miss)
5476 http fetch GET 200 https://registry.npmjs.org/emoji-regex/-/emoji-regex-10.6.0.tgz 3312ms (cache miss)
5477 http fetch GET 200 https://registry.npmjs.org/slice-ansi/-/slice-ansi-7.1.2.tgz 3350ms (cache miss)
5478 http fetch GET 200 https://registry.npmjs.org/log-symbols/-/log-symbols-6.0.0.tgz 3397ms (cache miss)
5479 http fetch GET 200 https://registry.npmjs.org/simple-git/-/simple-git-3.30.0.tgz 3403ms (cache miss)
5480 http fetch GET 200 https://registry.npmjs.org/octokit/-/octokit-5.0.5.tgz 3416ms (cache miss)
5481 http fetch GET 200 https://registry.npmjs.org/nanoid/-/nanoid-5.1.6.tgz 3417ms (cache miss)
5482 http fetch GET 200 https://registry.npmjs.org/is-unicode-supported/-/is-unicode-supported-1.3.0.tgz 3417ms (cache miss)
5483 http fetch GET 200 https://registry.npmjs.org/node-addon-api/-/node-addon-api-8.5.0.tgz 3466ms (cache miss)
5484 http fetch GET 200 https://registry.npmjs.org/is-unicode-supported/-/is-unicode-supported-2.1.0.tgz 3479ms (cache miss)
5485 http fetch GET 200 https://registry.npmjs.org/parse-ms/-/parse-ms-3.0.0.tgz 3490ms (cache miss)
5486 http fetch GET 200 https://registry.npmjs.org/commander/-/commander-10.0.1.tgz 3493ms (cache miss)
5487 http fetch GET 200 https://registry.npmjs.org/lifecycle-utils/-/lifecycle-utils-3.0.1.tgz 3501ms (cache miss)
5488 http fetch GET 200 https://registry.npmjs.org/lifecycle-utils/-/lifecycle-utils-2.1.0.tgz 3508ms (cache miss)
5489 http fetch GET 200 https://registry.npmjs.org/pretty-ms/-/pretty-ms-8.0.0.tgz 3516ms (cache miss)
5490 http fetch GET 200 https://registry.npmjs.org/filenamify/-/filenamify-6.0.0.tgz 3541ms (cache miss)
5491 http fetch GET 200 https://registry.npmjs.org/env-var/-/env-var-7.5.0.tgz 3574ms (cache miss)
5492 http fetch GET 200 https://registry.npmjs.org/cmake-js/-/cmake-js-7.4.0.tgz 3598ms (cache miss)
5493 http fetch GET 200 https://registry.npmjs.org/ansi-styles/-/ansi-styles-4.3.0.tgz 3598ms (cache miss)
5494 http fetch GET 200 https://registry.npmjs.org/ignore/-/ignore-7.0.5.tgz 3634ms (cache miss)
5495 http fetch GET 200 https://registry.npmjs.org/is-fullwidth-code-point/-/is-fullwidth-code-point-3.0.0.tgz 3681ms (cache miss)
5496 http fetch GET 200 https://registry.npmjs.org/strip-ansi/-/strip-ansi-6.0.1.tgz 3681ms (cache miss)
5497 http fetch GET 200 https://registry.npmjs.org/wrap-ansi/-/wrap-ansi-7.0.0.tgz 3681ms (cache miss)
5498 http fetch GET 200 https://registry.npmjs.org/ansi-regex/-/ansi-regex-5.0.1.tgz 3681ms (cache miss)
5499 http fetch GET 200 https://registry.npmjs.org/minizlib/-/minizlib-2.1.2.tgz 3681ms (cache miss)
5500 http fetch GET 200 https://registry.npmjs.org/string-width/-/string-width-4.2.3.tgz 3685ms (cache miss)
5501 http fetch GET 200 https://registry.npmjs.org/cliui/-/cliui-8.0.1.tgz 3696ms (cache miss)
5502 http fetch GET 200 https://registry.npmjs.org/emoji-regex/-/emoji-regex-8.0.0.tgz 3696ms (cache miss)
5503 http fetch GET 200 https://registry.npmjs.org/yargs-parser/-/yargs-parser-21.1.1.tgz 3701ms (cache miss)
5504 http fetch GET 200 https://registry.npmjs.org/fs-extra/-/fs-extra-11.3.3.tgz 3724ms (cache miss)
5505 http fetch GET 200 https://registry.npmjs.org/string-width/-/string-width-7.2.0.tgz 3737ms (cache miss)
5506 http fetch GET 200 https://registry.npmjs.org/pretty-ms/-/pretty-ms-9.3.0.tgz 3748ms (cache miss)
5507 http fetch GET 200 https://registry.npmjs.org/yallist/-/yallist-4.0.0.tgz 3773ms (cache miss)
5508 http fetch GET 200 https://registry.npmjs.org/minipass/-/minipass-3.3.6.tgz 3777ms (cache miss)
5509 http fetch GET 200 https://registry.npmjs.org/chownr/-/chownr-2.0.0.tgz 3778ms (cache miss)
5510 http fetch GET 200 https://registry.npmjs.org/async-retry/-/async-retry-1.3.3.tgz 3779ms (cache miss)
5511 http fetch GET 200 https://registry.npmjs.org/log-symbols/-/log-symbols-7.0.1.tgz 3783ms (cache miss)
5512 http fetch GET 200 https://registry.npmjs.org/tar/-/tar-6.2.1.tgz 3909ms (cache miss)
5513 warn deprecated tar@6.2.1: Old versions of tar are not supported, and contain widely publicized security vulnerabilities, which have been fixed in the current version. Please update. Support for old versions may be purchased (at exhorbitant rates) by contacting i@izs.me
5514 http fetch GET 200 https://registry.npmjs.org/yargs/-/yargs-17.7.2.tgz 3912ms (cache miss)
5515 http fetch GET 200 https://registry.npmjs.org/ipull/-/ipull-3.9.3.tgz 3946ms (cache miss)
5516 http fetch GET 200 https://registry.npmjs.org/fetch-blob/-/fetch-blob-3.2.0.tgz 3949ms (cache miss)
5517 http fetch GET 200 https://registry.npmjs.org/@huggingface/jinja/-/jinja-0.5.4.tgz 3977ms (cache miss)
5518 http fetch GET 200 https://registry.npmjs.org/minipass/-/minipass-5.0.0.tgz 3988ms (cache miss)
5519 http fetch GET 200 https://registry.npmjs.org/thenify-all/-/thenify-all-1.6.0.tgz 3996ms (cache miss)
5520 http fetch GET 200 https://registry.npmjs.org/data-uri-to-buffer/-/data-uri-to-buffer-4.0.1.tgz 4003ms (cache miss)
5521 http fetch GET 200 https://registry.npmjs.org/object-assign/-/object-assign-4.1.1.tgz 4023ms (cache miss)
5522 http fetch GET 200 https://registry.npmjs.org/any-promise/-/any-promise-1.3.0.tgz 4023ms (cache miss)
5523 http fetch GET 200 https://registry.npmjs.org/node-domexception/-/node-domexception-1.0.0.tgz 4255ms (cache miss)
5524 http fetch GET 200 https://registry.npmjs.org/formdata-polyfill/-/formdata-polyfill-4.0.10.tgz 4256ms (cache miss)
5525 http fetch GET 200 https://registry.npmjs.org/@borewit/text-codec/-/text-codec-0.2.1.tgz 4255ms (cache miss)
5526 warn deprecated node-domexception@1.0.0: Use your platform's native DOMException instead
5527 http fetch GET 200 https://registry.npmjs.org/media-typer/-/media-typer-1.1.0.tgz 4301ms (cache miss)
5528 http fetch GET 200 https://registry.npmjs.org/win-guid/-/win-guid-0.2.0.tgz 4302ms (cache miss)
5529 http fetch GET 200 https://registry.npmjs.org/uc.micro/-/uc.micro-2.1.0.tgz 4310ms (cache miss)
5530 http fetch GET 200 https://registry.npmjs.org/@isaacs/brace-expansion/-/brace-expansion-5.0.0.tgz 4332ms (cache miss)
5531 http fetch GET 200 https://registry.npmjs.org/@tokenizer/token/-/token-0.3.0.tgz 4333ms (cache miss)
5532 http fetch GET 200 https://registry.npmjs.org/chmodrp/-/chmodrp-1.0.2.tgz 4383ms (cache miss)
5533 http fetch GET 200 https://registry.npmjs.org/@isaacs/balanced-match/-/balanced-match-4.0.1.tgz 4395ms (cache miss)
5534 http fetch GET 200 https://registry.npmjs.org/mdurl/-/mdurl-2.0.0.tgz 4523ms (cache miss)
5535 http fetch GET 200 https://registry.npmjs.org/punycode.js/-/punycode.js-2.3.1.tgz 4524ms (cache miss)
5536 http fetch GET 200 https://registry.npmjs.org/mime-db/-/mime-db-1.54.0.tgz 4524ms (cache miss)
5537 http fetch GET 200 https://registry.npmjs.org/argparse/-/argparse-2.0.1.tgz 4610ms (cache miss)
5538 http fetch GET 200 https://registry.npmjs.org/entities/-/entities-4.5.0.tgz 4679ms (cache miss)
5539 http fetch GET 200 https://registry.npmjs.org/dom-serializer/-/dom-serializer-2.0.0.tgz 4693ms (cache miss)
5540 http fetch GET 200 https://registry.npmjs.org/linkify-it/-/linkify-it-5.0.0.tgz 4693ms (cache miss)
5541 http fetch GET 200 https://registry.npmjs.org/css-what/-/css-what-6.2.2.tgz 4696ms (cache miss)
5542 http fetch GET 200 https://registry.npmjs.org/domhandler/-/domhandler-5.0.3.tgz 4835ms (cache miss)
5543 http fetch GET 200 https://registry.npmjs.org/htmlparser2/-/htmlparser2-10.1.0.tgz 4839ms (cache miss)
5544 http fetch GET 200 https://registry.npmjs.org/domelementtype/-/domelementtype-2.3.0.tgz 5004ms (cache miss)
5545 http fetch GET 200 https://registry.npmjs.org/@img/sharp-libvips-darwin-arm64/-/sharp-libvips-darwin-arm64-1.2.4.tgz 5031ms (cache miss)
5546 http fetch GET 200 https://registry.npmjs.org/domutils/-/domutils-3.2.2.tgz 5080ms (cache miss)
5547 http fetch GET 200 https://registry.npmjs.org/entities/-/entities-7.0.1.tgz 5135ms (cache miss)
5548 http fetch GET 200 https://registry.npmjs.org/uhyphen/-/uhyphen-0.2.0.tgz 5143ms (cache miss)
5549 http fetch GET 200 https://registry.npmjs.org/html-escaper/-/html-escaper-3.0.3.tgz 5181ms (cache miss)
5550 http fetch GET 200 https://registry.npmjs.org/immediate/-/immediate-3.0.6.tgz 5198ms (cache miss)
5551 http fetch GET 200 https://registry.npmjs.org/boolbase/-/boolbase-1.0.0.tgz 5198ms (cache miss)
5552 http fetch GET 200 https://registry.npmjs.org/css-select/-/css-select-5.2.2.tgz 5199ms (cache miss)
5553 http fetch GET 200 https://registry.npmjs.org/web-streams-polyfill/-/web-streams-polyfill-3.3.3.tgz 5220ms (cache miss)
5554 http fetch GET 200 https://registry.npmjs.org/curve25519-js/-/curve25519-js-0.0.4.tgz 5238ms (cache miss)
5555 http fetch GET 200 https://registry.npmjs.org/jwa/-/jwa-2.0.1.tgz 5259ms (cache miss)
5556 http fetch GET 200 https://registry.npmjs.org/setimmediate/-/setimmediate-1.0.5.tgz 5326ms (cache miss)
5557 http fetch GET 200 https://registry.npmjs.org/@keyv/serialize/-/serialize-1.1.1.tgz 5330ms (cache miss)
5558 http fetch GET 200 https://registry.npmjs.org/readable-stream/-/readable-stream-2.3.8.tgz 5338ms (cache miss)
5559 http fetch GET 200 https://registry.npmjs.org/buffer-equal-constant-time/-/buffer-equal-constant-time-1.0.1.tgz 5342ms (cache miss)
5560 http fetch GET 200 https://registry.npmjs.org/cssom/-/cssom-0.5.0.tgz 5383ms (cache miss)
5561 http fetch GET 200 https://registry.npmjs.org/lodash.isnumber/-/lodash.isnumber-3.0.3.tgz 5383ms (cache miss)
5562 http fetch GET 200 https://registry.npmjs.org/nth-check/-/nth-check-2.1.1.tgz 5390ms (cache miss)
5563 http fetch GET 200 https://registry.npmjs.org/semver/-/semver-7.7.3.tgz 5396ms (cache miss)
5564 http fetch GET 200 https://registry.npmjs.org/pako/-/pako-1.0.11.tgz 5420ms (cache miss)
5565 http fetch GET 200 https://registry.npmjs.org/lodash.once/-/lodash.once-4.1.1.tgz 5423ms (cache miss)
5566 http fetch GET 200 https://registry.npmjs.org/lodash.isplainobject/-/lodash.isplainobject-4.0.6.tgz 5438ms (cache miss)
5567 http fetch GET 200 https://registry.npmjs.org/safe-buffer/-/safe-buffer-5.1.2.tgz 5457ms (cache miss)
5568 http fetch GET 200 https://registry.npmjs.org/ansi-regex/-/ansi-regex-5.0.1.tgz 5657ms (cache miss)
5569 http fetch GET 200 https://registry.npmjs.org/lodash.isstring/-/lodash.isstring-4.0.1.tgz 5658ms (cache miss)
5570 http fetch GET 200 https://registry.npmjs.org/emoji-regex/-/emoji-regex-8.0.0.tgz 5659ms (cache miss)
5571 http fetch GET 200 https://registry.npmjs.org/wrap-ansi/-/wrap-ansi-7.0.0.tgz 5660ms (cache miss)
5572 http fetch GET 200 https://registry.npmjs.org/string-width/-/string-width-4.2.3.tgz 5660ms (cache miss)
5573 http fetch GET 200 https://registry.npmjs.org/lodash.includes/-/lodash.includes-4.3.0.tgz 5661ms (cache miss)
5574 http fetch GET 200 https://registry.npmjs.org/ansi-styles/-/ansi-styles-4.3.0.tgz 5661ms (cache miss)
5575 http fetch GET 200 https://registry.npmjs.org/lodash.isboolean/-/lodash.isboolean-3.0.3.tgz 5686ms (cache miss)
5576 http fetch GET 200 https://registry.npmjs.org/wrap-ansi/-/wrap-ansi-8.1.0.tgz 5687ms (cache miss)
5577 http fetch GET 200 https://registry.npmjs.org/is-fullwidth-code-point/-/is-fullwidth-code-point-3.0.0.tgz 5689ms (cache miss)
5578 http fetch GET 200 https://registry.npmjs.org/bignumber.js/-/bignumber.js-9.3.1.tgz 5711ms (cache miss)
5579 http fetch GET 200 https://registry.npmjs.org/@babel/runtime/-/runtime-7.28.6.tgz 5715ms (cache miss)
5580 http fetch GET 200 https://registry.npmjs.org/@octokit/auth-oauth-app/-/auth-oauth-app-9.0.3.tgz 5776ms (cache miss)
5581 http fetch GET 200 https://registry.npmjs.org/strip-ansi/-/strip-ansi-6.0.1.tgz 5823ms (cache miss)
5582 http fetch GET 200 https://registry.npmjs.org/lie/-/lie-3.3.0.tgz 5824ms (cache miss)
5583 http fetch GET 200 https://registry.npmjs.org/strip-ansi/-/strip-ansi-7.1.2.tgz 5823ms (cache miss)
5584 http fetch GET 200 https://registry.npmjs.org/ansi-regex/-/ansi-regex-5.0.1.tgz 5829ms (cache miss)
5585 http fetch GET 200 https://registry.npmjs.org/string-width/-/string-width-4.2.3.tgz 5829ms (cache miss)
5586 http fetch GET 200 https://registry.npmjs.org/lodash.isinteger/-/lodash.isinteger-4.0.4.tgz 5829ms (cache miss)
5587 http fetch GET 200 https://registry.npmjs.org/strip-ansi/-/strip-ansi-6.0.1.tgz 5830ms (cache miss)
5588 http fetch GET 200 https://registry.npmjs.org/strip-ansi/-/strip-ansi-6.0.1.tgz 5852ms (cache miss)
5589 http fetch GET 200 https://registry.npmjs.org/ansi-regex/-/ansi-regex-5.0.1.tgz 5857ms (cache miss)
5590 http fetch GET 200 https://registry.npmjs.org/is-fullwidth-code-point/-/is-fullwidth-code-point-3.0.0.tgz 5869ms (cache miss)
5591 http fetch GET 200 https://registry.npmjs.org/ts-algebra/-/ts-algebra-2.0.0.tgz 5873ms (cache miss)
5592 http fetch GET 200 https://registry.npmjs.org/emoji-regex/-/emoji-regex-8.0.0.tgz 5887ms (cache miss)
5593 http fetch GET 200 https://registry.npmjs.org/string-width/-/string-width-5.1.2.tgz 5914ms (cache miss)
5594 http fetch GET 200 https://registry.npmjs.org/safer-buffer/-/safer-buffer-2.1.2.tgz 5947ms (cache miss)
5595 http fetch GET 200 https://registry.npmjs.org/toidentifier/-/toidentifier-1.0.1.tgz 5948ms (cache miss)
5596 http fetch GET 200 https://registry.npmjs.org/@isaacs/cliui/-/cliui-8.0.2.tgz 5949ms (cache miss)
5597 http fetch GET 200 https://registry.npmjs.org/agent-base/-/agent-base-7.1.4.tgz 5976ms (cache miss)
5598 http fetch GET 200 https://registry.npmjs.org/setprototypeof/-/setprototypeof-1.2.0.tgz 5976ms (cache miss)
5599 http fetch GET 200 https://registry.npmjs.org/json-bigint/-/json-bigint-1.0.0.tgz 5999ms (cache miss)
5600 http fetch GET 200 https://registry.npmjs.org/@grammyjs/types/-/types-3.23.0.tgz 6012ms (cache miss)
5601 http fetch GET 200 https://registry.npmjs.org/path-scurry/-/path-scurry-1.11.1.tgz 6075ms (cache miss)
5602 http fetch GET 200 https://registry.npmjs.org/minimatch/-/minimatch-9.0.5.tgz 6076ms (cache miss)
5603 http fetch GET 200 https://registry.npmjs.org/lru-cache/-/lru-cache-10.4.3.tgz 6081ms (cache miss)
5604 http fetch GET 200 https://registry.npmjs.org/node-fetch/-/node-fetch-3.3.2.tgz 6088ms (cache miss)
5605 http fetch GET 200 https://registry.npmjs.org/rimraf/-/rimraf-5.0.10.tgz 6140ms (cache miss)
5606 http fetch GET 200 https://registry.npmjs.org/inherits/-/inherits-2.0.4.tgz 6142ms (cache miss)
5607 http fetch GET 200 https://registry.npmjs.org/extend/-/extend-3.0.2.tgz 6148ms (cache miss)
5608 http fetch GET 200 https://registry.npmjs.org/safe-buffer/-/safe-buffer-5.2.1.tgz 6169ms (cache miss)
5609 http fetch GET 200 https://registry.npmjs.org/https-proxy-agent/-/https-proxy-agent-7.0.6.tgz 6170ms (cache miss)
5610 http fetch GET 200 https://registry.npmjs.org/clawdbot/-/clawdbot-2026.1.24-3.tgz 6203ms (cache miss)
5611 http fetch GET 200 https://registry.npmjs.org/jws/-/jws-4.0.1.tgz 6182ms (cache miss)
5612 http fetch GET 200 https://registry.npmjs.org/ecdsa-sig-formatter/-/ecdsa-sig-formatter-1.0.11.tgz 6188ms (cache miss)
5613 http fetch GET 200 https://registry.npmjs.org/jackspeak/-/jackspeak-3.4.3.tgz 6189ms (cache miss)
5614 http fetch GET 200 https://registry.npmjs.org/gtoken/-/gtoken-8.0.0.tgz 6191ms (cache miss)
5615 http fetch GET 200 https://registry.npmjs.org/base64-js/-/base64-js-1.5.1.tgz 6237ms (cache miss)
5616 http fetch GET 200 https://registry.npmjs.org/which/-/which-2.0.2.tgz 6240ms (cache miss)
5617 http fetch GET 200 https://registry.npmjs.org/glob/-/glob-10.5.0.tgz 6281ms (cache miss)
5618 http fetch GET 200 https://registry.npmjs.org/gaxios/-/gaxios-7.1.3.tgz 6289ms (cache miss)
5619 http fetch GET 200 https://registry.npmjs.org/path-key/-/path-key-3.1.1.tgz 6295ms (cache miss)
5620 http fetch GET 200 https://registry.npmjs.org/signal-exit/-/signal-exit-4.1.0.tgz 6299ms (cache miss)
5621 http fetch GET 200 https://registry.npmjs.org/google-logging-utils/-/google-logging-utils-1.1.3.tgz 6300ms (cache miss)
5622 http fetch GET 200 https://registry.npmjs.org/shebang-command/-/shebang-command-2.0.0.tgz 6301ms (cache miss)
5623 http fetch GET 200 https://registry.npmjs.org/gcp-metadata/-/gcp-metadata-8.1.2.tgz 6306ms (cache miss)
5624 http fetch GET 200 https://registry.npmjs.org/minipass/-/minipass-7.1.2.tgz 6318ms (cache miss)
5625 http fetch GET 200 https://registry.npmjs.org/cross-spawn/-/cross-spawn-7.0.6.tgz 6324ms (cache miss)
5626 http fetch GET 200 https://registry.npmjs.org/foreground-child/-/foreground-child-3.3.1.tgz 6328ms (cache miss)
5627 http fetch GET 200 https://registry.npmjs.org/package-json-from-dist/-/package-json-from-dist-1.0.1.tgz 6335ms (cache miss)
5628 http fetch GET 200 https://registry.npmjs.org/path-scurry/-/path-scurry-2.0.1.tgz 6349ms (cache miss)
5629 http fetch GET 200 https://registry.npmjs.org/function-bind/-/function-bind-1.1.2.tgz 6376ms (cache miss)
5630 http fetch GET 200 https://registry.npmjs.org/get-proto/-/get-proto-1.0.1.tgz 6379ms (cache miss)
5631 http fetch GET 200 https://registry.npmjs.org/math-intrinsics/-/math-intrinsics-1.1.0.tgz 6381ms (cache miss)
5632 http fetch GET 200 https://registry.npmjs.org/es-define-property/-/es-define-property-1.0.1.tgz 6413ms (cache miss)
5633 http fetch GET 200 https://registry.npmjs.org/has-symbols/-/has-symbols-1.1.0.tgz 6417ms (cache miss)
5634 http fetch GET 200 https://registry.npmjs.org/dunder-proto/-/dunder-proto-1.0.1.tgz 6424ms (cache miss)
5635 http fetch GET 200 https://registry.npmjs.org/gopd/-/gopd-1.2.0.tgz 6424ms (cache miss)
5636 http fetch GET 200 https://registry.npmjs.org/has-tostringtag/-/has-tostringtag-1.0.2.tgz 6430ms (cache miss)
5637 http fetch GET 200 https://registry.npmjs.org/call-bind-apply-helpers/-/call-bind-apply-helpers-1.0.2.tgz 6431ms (cache miss)
5638 http fetch GET 200 https://registry.npmjs.org/es-errors/-/es-errors-1.3.0.tgz 6432ms (cache miss)
5639 http fetch GET 200 https://registry.npmjs.org/jackspeak/-/jackspeak-4.1.1.tgz 6434ms (cache miss)
5640 http fetch GET 200 https://registry.npmjs.org/delayed-stream/-/delayed-stream-1.0.0.tgz 6476ms (cache miss)
5641 http fetch GET 200 https://registry.npmjs.org/combined-stream/-/combined-stream-1.0.8.tgz 6580ms (cache miss)
5642 http fetch GET 200 https://registry.npmjs.org/asynckit/-/asynckit-0.4.0.tgz 6611ms (cache miss)
5643 http fetch GET 200 https://registry.npmjs.org/uint8array-extras/-/uint8array-extras-1.5.0.tgz 6614ms (cache miss)
5644 http fetch GET 200 https://registry.npmjs.org/hasown/-/hasown-2.0.2.tgz 6615ms (cache miss)
5645 http fetch GET 200 https://registry.npmjs.org/strtok3/-/strtok3-10.3.4.tgz 6613ms (cache miss)
5646 http fetch GET 200 https://registry.npmjs.org/es-set-tostringtag/-/es-set-tostringtag-2.1.0.tgz 6612ms (cache miss)
5647 http fetch GET 200 https://registry.npmjs.org/es-object-atoms/-/es-object-atoms-1.1.1.tgz 6613ms (cache miss)
5648 http fetch GET 200 https://registry.npmjs.org/vary/-/vary-1.1.2.tgz 6612ms (cache miss)
5649 http fetch GET 200 https://registry.npmjs.org/send/-/send-1.2.1.tgz 6613ms (cache miss)
5650 http fetch GET 200 https://registry.npmjs.org/negotiator/-/negotiator-1.0.0.tgz 6614ms (cache miss)
5651 http fetch GET 200 https://registry.npmjs.org/@tokenizer/inflate/-/inflate-0.4.1.tgz 6613ms (cache miss)
5652 http fetch GET 200 https://registry.npmjs.org/range-parser/-/range-parser-1.2.1.tgz 6613ms (cache miss)
5653 http fetch GET 200 https://registry.npmjs.org/get-intrinsic/-/get-intrinsic-1.3.0.tgz 6617ms (cache miss)
5654 http fetch GET 200 https://registry.npmjs.org/router/-/router-2.2.0.tgz 6614ms (cache miss)
5655 http fetch GET 200 https://registry.npmjs.org/@node-llama-cpp/mac-arm64-metal/-/mac-arm64-metal-3.15.0.tgz 6635ms (cache miss)
5656 http fetch GET 200 https://registry.npmjs.org/parseurl/-/parseurl-1.3.3.tgz 6690ms (cache miss)
5657 http fetch GET 200 https://registry.npmjs.org/serve-static/-/serve-static-2.2.1.tgz 6703ms (cache miss)
5658 http fetch GET 200 https://registry.npmjs.org/token-types/-/token-types-6.1.2.tgz 6705ms (cache miss)
5659 http fetch GET 200 https://registry.npmjs.org/statuses/-/statuses-2.0.2.tgz 6706ms (cache miss)
5660 http fetch GET 200 https://registry.npmjs.org/proxy-addr/-/proxy-addr-2.0.7.tgz 6706ms (cache miss)
5661 http fetch GET 200 https://registry.npmjs.org/fresh/-/fresh-2.0.0.tgz 6736ms (cache miss)
5662 http fetch GET 200 https://registry.npmjs.org/merge-descriptors/-/merge-descriptors-2.0.0.tgz 6737ms (cache miss)
5663 http fetch GET 200 https://registry.npmjs.org/cookie/-/cookie-0.7.2.tgz 6737ms (cache miss)
5664 http fetch GET 200 https://registry.npmjs.org/once/-/once-1.4.0.tgz 6737ms (cache miss)
5665 http fetch GET 200 https://registry.npmjs.org/cookie-signature/-/cookie-signature-1.2.2.tgz 6736ms (cache miss)
5666 http fetch GET 200 https://registry.npmjs.org/etag/-/etag-1.8.1.tgz 6737ms (cache miss)
5667 http fetch GET 200 https://registry.npmjs.org/finalhandler/-/finalhandler-2.1.1.tgz 6737ms (cache miss)
5668 http fetch GET 200 https://registry.npmjs.org/encodeurl/-/encodeurl-2.0.0.tgz 6737ms (cache miss)
5669 http fetch GET 200 https://registry.npmjs.org/escape-html/-/escape-html-1.0.3.tgz 6738ms (cache miss)
5670 http fetch GET 200 https://registry.npmjs.org/depd/-/depd-2.0.0.tgz 6737ms (cache miss)
5671 http fetch GET 200 https://registry.npmjs.org/content-disposition/-/content-disposition-1.0.1.tgz 6760ms (cache miss)
5672 http fetch GET 200 https://registry.npmjs.org/strnum/-/strnum-2.1.2.tgz 6785ms (cache miss)
5673 http fetch GET 200 https://registry.npmjs.org/accepts/-/accepts-2.0.0.tgz 6785ms (cache miss)
5674 http fetch GET 200 https://registry.npmjs.org/ansi-regex/-/ansi-regex-5.0.1.tgz 6804ms (cache miss)
5675 http fetch GET 200 https://registry.npmjs.org/emoji-regex/-/emoji-regex-8.0.0.tgz 6819ms (cache miss)
5676 http fetch GET 200 https://registry.npmjs.org/mz/-/mz-2.7.0.tgz 6819ms (cache miss)
5677 http fetch GET 200 https://registry.npmjs.org/string-width/-/string-width-4.2.3.tgz 6819ms (cache miss)
5678 http fetch GET 200 https://registry.npmjs.org/parse5-htmlparser2-tree-adapter/-/parse5-htmlparser2-tree-adapter-6.0.1.tgz 6822ms (cache miss)
5679 http fetch GET 200 https://registry.npmjs.org/mitt/-/mitt-3.0.1.tgz 6828ms (cache miss)
5680 http fetch GET 200 https://registry.npmjs.org/strip-ansi/-/strip-ansi-6.0.1.tgz 6832ms (cache miss)
5681 http fetch GET 200 https://registry.npmjs.org/readdirp/-/readdirp-5.0.0.tgz 6838ms (cache miss)
5682 http fetch GET 200 https://registry.npmjs.org/yargs/-/yargs-16.2.0.tgz 6841ms (cache miss)
5683 http fetch GET 200 https://registry.npmjs.org/is-fullwidth-code-point/-/is-fullwidth-code-point-3.0.0.tgz 6842ms (cache miss)
5684 http fetch GET 200 https://registry.npmjs.org/qified/-/qified-0.6.0.tgz 6850ms (cache miss)
5685 http fetch GET 200 https://registry.npmjs.org/parse5/-/parse5-6.0.1.tgz 6853ms (cache miss)
5686 http fetch GET 200 https://registry.npmjs.org/parse5/-/parse5-5.1.1.tgz 6854ms (cache miss)
5687 http fetch GET 200 https://registry.npmjs.org/hashery/-/hashery-1.4.0.tgz 6864ms (cache miss)
5688 http fetch GET 200 https://registry.npmjs.org/@keyv/bigmap/-/bigmap-1.3.1.tgz 6870ms (cache miss)
5689 http fetch GET 200 https://registry.npmjs.org/on-finished/-/on-finished-2.4.1.tgz 6878ms (cache miss)
5690 http fetch GET 200 https://registry.npmjs.org/ms/-/ms-2.1.3.tgz 6906ms (cache miss)
5691 http fetch GET 200 https://registry.npmjs.org/@cacheable/utils/-/utils-2.3.3.tgz 6907ms (cache miss)
5692 http fetch GET 200 https://registry.npmjs.org/qs/-/qs-6.14.1.tgz 6912ms (cache miss)
5693 http fetch GET 200 https://registry.npmjs.org/content-type/-/content-type-1.0.5.tgz 6923ms (cache miss)
5694 http fetch GET 200 https://registry.npmjs.org/type-is/-/type-is-2.0.1.tgz 6926ms (cache miss)
5695 http fetch GET 200 https://registry.npmjs.org/iconv-lite/-/iconv-lite-0.7.2.tgz 6929ms (cache miss)
5696 http fetch GET 200 https://registry.npmjs.org/@cacheable/memory/-/memory-2.0.7.tgz 6941ms (cache miss)
5697 http fetch GET 200 https://registry.npmjs.org/http-errors/-/http-errors-2.0.1.tgz 6947ms (cache miss)
5698 http fetch GET 200 https://registry.npmjs.org/proxy-from-env/-/proxy-from-env-1.1.0.tgz 6947ms (cache miss)
5699 http fetch GET 200 https://registry.npmjs.org/bytes/-/bytes-3.1.2.tgz 6948ms (cache miss)
5700 http fetch GET 200 https://registry.npmjs.org/follow-redirects/-/follow-redirects-1.15.11.tgz 6947ms (cache miss)
5701 http fetch GET 200 https://registry.npmjs.org/json-schema-traverse/-/json-schema-traverse-1.0.0.tgz 6948ms (cache miss)
5702 http fetch GET 200 https://registry.npmjs.org/require-from-string/-/require-from-string-2.0.2.tgz 6948ms (cache miss)
5703 http fetch GET 200 https://registry.npmjs.org/fast-uri/-/fast-uri-3.1.0.tgz 6953ms (cache miss)
5704 http fetch GET 200 https://registry.npmjs.org/event-target-shim/-/event-target-shim-5.0.1.tgz 6954ms (cache miss)
5705 http fetch GET 200 https://registry.npmjs.org/keyv/-/keyv-5.6.0.tgz 7001ms (cache miss)
5706 http fetch GET 200 https://registry.npmjs.org/music-metadata/-/music-metadata-11.11.0.tgz 7155ms (cache miss)
5707 http fetch GET 200 https://registry.npmjs.org/cacheable/-/cacheable-2.3.2.tgz 7181ms (cache miss)
5708 http fetch GET 200 https://registry.npmjs.org/async-mutex/-/async-mutex-0.5.0.tgz 7220ms (cache miss)
5709 http fetch GET 200 https://registry.npmjs.org/hookified/-/hookified-1.15.0.tgz 7224ms (cache miss)
5710 http fetch GET 200 https://registry.npmjs.org/long/-/long-4.0.0.tgz 7288ms (cache miss)
5711 http fetch GET 200 https://registry.npmjs.org/pino/-/pino-9.14.0.tgz 7295ms (cache miss)
5712 http fetch GET 200 https://registry.npmjs.org/@cacheable/node-cache/-/node-cache-1.7.6.tgz 7304ms (cache miss)
5713 http fetch GET 200 https://registry.npmjs.org/lru-cache/-/lru-cache-11.2.5.tgz 7316ms (cache miss)
5714 http fetch GET 200 https://registry.npmjs.org/@hapi/hoek/-/hoek-9.3.0.tgz 7350ms (cache miss)
5715 http fetch GET 200 https://registry.npmjs.org/@types/node/-/node-10.17.60.tgz 7352ms (cache miss)
5716 http fetch GET 200 https://registry.npmjs.org/@hapi/boom/-/boom-9.1.4.tgz 7363ms (cache miss)
5717 http fetch GET 200 https://registry.npmjs.org/@types/http-errors/-/http-errors-2.0.5.tgz 7391ms (cache miss)
5718 http fetch GET 200 https://registry.npmjs.org/@types/send/-/send-1.2.1.tgz 7412ms (cache miss)
5719 http fetch GET 200 https://registry.npmjs.org/highlight.js/-/highlight.js-10.7.3.tgz 7435ms (cache miss)
5720 http fetch GET 200 https://registry.npmjs.org/@types/range-parser/-/range-parser-1.2.7.tgz 7433ms (cache miss)
5721 http fetch GET 200 https://registry.npmjs.org/@types/qs/-/qs-6.14.0.tgz 7433ms (cache miss)
5722 http fetch GET 200 https://registry.npmjs.org/@types/ms/-/ms-2.1.0.tgz 7434ms (cache miss)
5723 http fetch GET 200 https://registry.npmjs.org/protobufjs/-/protobufjs-6.8.8.tgz 7442ms (cache miss)
5724 http fetch GET 200 https://registry.npmjs.org/@types/connect/-/connect-3.4.38.tgz 7500ms (cache miss)
5725 http fetch GET 200 https://registry.npmjs.org/@types/body-parser/-/body-parser-1.19.6.tgz 7504ms (cache miss)
5726 http fetch GET 200 https://registry.npmjs.org/@types/serve-static/-/serve-static-2.2.0.tgz 7518ms (cache miss)
5727 http fetch GET 200 https://registry.npmjs.org/@smithy/querystring-parser/-/querystring-parser-4.2.8.tgz 7518ms (cache miss)
5728 http fetch GET 200 https://registry.npmjs.org/retry/-/retry-0.13.1.tgz 7516ms (cache miss)
5729 http fetch GET 200 https://registry.npmjs.org/@smithy/is-array-buffer/-/is-array-buffer-4.2.0.tgz 7524ms (cache miss)
5730 http fetch GET 200 https://registry.npmjs.org/@smithy/abort-controller/-/abort-controller-4.2.8.tgz 7524ms (cache miss)
5731 http fetch GET 200 https://registry.npmjs.org/undici-types/-/undici-types-7.16.0.tgz 7525ms (cache miss)
5732 http fetch GET 200 https://registry.npmjs.org/@smithy/util-buffer-from/-/util-buffer-from-4.2.0.tgz 7529ms (cache miss)
5733 http fetch GET 200 https://registry.npmjs.org/@types/express-serve-static-core/-/express-serve-static-core-5.1.1.tgz 7542ms (cache miss)
5734 http fetch GET 200 https://registry.npmjs.org/@smithy/util-uri-escape/-/util-uri-escape-4.2.0.tgz 7547ms (cache miss)
5735 http fetch GET 200 https://registry.npmjs.org/@smithy/service-error-classification/-/service-error-classification-4.2.8.tgz 7552ms (cache miss)
5736 http fetch GET 200 https://registry.npmjs.org/@smithy/util-config-provider/-/util-config-provider-4.2.0.tgz 7650ms (cache miss)
5737 http fetch GET 200 https://registry.npmjs.org/@smithy/eventstream-serde-universal/-/eventstream-serde-universal-4.2.8.tgz 7681ms (cache miss)
5738 http fetch GET 200 https://registry.npmjs.org/is-stream/-/is-stream-2.0.1.tgz 7683ms (cache miss)
5739 http fetch GET 200 https://registry.npmjs.org/p-queue/-/p-queue-6.6.2.tgz 7683ms (cache miss)
5740 http fetch GET 200 https://registry.npmjs.org/p-retry/-/p-retry-4.6.2.tgz 7684ms (cache miss)
5741 http fetch GET 200 https://registry.npmjs.org/form-data/-/form-data-4.0.5.tgz 7684ms (cache miss)
5742 http fetch GET 200 https://registry.npmjs.org/mime-db/-/mime-db-1.52.0.tgz 7685ms (cache miss)
5743 http fetch GET 200 https://registry.npmjs.org/eventemitter3/-/eventemitter3-4.0.7.tgz 7687ms (cache miss)
5744 http fetch GET 200 https://registry.npmjs.org/@smithy/uuid/-/uuid-1.1.0.tgz 7697ms (cache miss)
5745 http fetch GET 200 https://registry.npmjs.org/@aws-crypto/crc32/-/crc32-5.2.0.tgz 7724ms (cache miss)
5746 http fetch GET 200 https://registry.npmjs.org/@types/retry/-/retry-0.12.0.tgz 7743ms (cache miss)
5747 http fetch GET 200 https://registry.npmjs.org/mime-types/-/mime-types-2.1.35.tgz 7743ms (cache miss)
5748 http fetch GET 200 https://registry.npmjs.org/eventemitter3/-/eventemitter3-5.0.4.tgz 7745ms (cache miss)
5749 http fetch GET 200 https://registry.npmjs.org/bun-types/-/bun-types-1.3.6.tgz 7772ms (cache miss)
5750 http fetch GET 200 https://registry.npmjs.org/jsonwebtoken/-/jsonwebtoken-9.0.3.tgz 7785ms (cache miss)
5751 http fetch GET 200 https://registry.npmjs.org/path-to-regexp/-/path-to-regexp-8.3.0.tgz 7801ms (cache miss)
5752 http fetch GET 200 https://registry.npmjs.org/is-electron/-/is-electron-2.2.2.tgz 7802ms (cache miss)
5753 http fetch GET 200 https://registry.npmjs.org/tsscmp/-/tsscmp-1.0.6.tgz 7806ms (cache miss)
5754 http fetch GET 200 https://registry.npmjs.org/raw-body/-/raw-body-3.0.2.tgz 7806ms (cache miss)
5755 http fetch GET 200 https://registry.npmjs.org/mime-types/-/mime-types-3.0.2.tgz 7810ms (cache miss)
5756 http fetch GET 200 https://registry.npmjs.org/@slack/logger/-/logger-4.0.0.tgz 7827ms (cache miss)
5757 http fetch GET 200 https://registry.npmjs.org/@types/jsonwebtoken/-/jsonwebtoken-9.0.10.tgz 7828ms (cache miss)
5758 http fetch GET 200 https://registry.npmjs.org/@slack/types/-/types-2.19.0.tgz 7839ms (cache miss)
5759 http fetch GET 200 https://registry.npmjs.org/protobufjs/-/protobufjs-7.5.4.tgz 7853ms (cache miss)
5760 http fetch GET 200 https://registry.npmjs.org/yoctocolors/-/yoctocolors-2.1.2.tgz 7849ms (cache miss)
5761 http fetch GET 200 https://registry.npmjs.org/@slack/oauth/-/oauth-3.0.4.tgz 7857ms (cache miss)
5762 http fetch GET 200 https://registry.npmjs.org/@types/mime-types/-/mime-types-2.1.4.tgz 7871ms (cache miss)
5763 http fetch GET 200 https://registry.npmjs.org/std-env/-/std-env-3.10.0.tgz 7963ms (cache miss)
5764 http fetch GET 200 https://registry.npmjs.org/get-east-asian-width/-/get-east-asian-width-1.4.0.tgz 8119ms (cache miss)
5765 http fetch GET 200 https://registry.npmjs.org/marked/-/marked-15.0.12.tgz 8139ms (cache miss)
5766 http fetch GET 200 https://registry.npmjs.org/minimatch/-/minimatch-10.1.1.tgz 8195ms (cache miss)
5767 http fetch GET 200 https://registry.npmjs.org/glob/-/glob-11.1.0.tgz 8345ms (cache miss)
5768 http fetch GET 200 https://registry.npmjs.org/@smithy/querystring-builder/-/querystring-builder-4.2.8.tgz 8556ms (cache miss)
5769 http fetch GET 200 https://registry.npmjs.org/@smithy/eventstream-serde-config-resolver/-/eventstream-serde-config-resolver-4.3.8.tgz 8720ms (cache miss)
5770 http fetch GET 200 https://registry.npmjs.org/@smithy/eventstream-serde-node/-/eventstream-serde-node-4.2.8.tgz 8720ms (cache miss)
5771 http fetch GET 200 https://registry.npmjs.org/@aws-sdk/eventstream-handler-node/-/eventstream-handler-node-3.972.2.tgz 8730ms (cache miss)
5772 http fetch GET 200 https://registry.npmjs.org/@smithy/util-hex-encoding/-/util-hex-encoding-4.2.0.tgz 8826ms (cache miss)
5773 http fetch GET 200 https://registry.npmjs.org/google-auth-library/-/google-auth-library-10.5.0.tgz 8839ms (cache miss)
5774 http fetch GET 200 https://registry.npmjs.org/@silvia-odwyer/photon-node/-/photon-node-0.3.4.tgz 8843ms (cache miss)
5775 http fetch GET 200 https://registry.npmjs.org/diff/-/diff-8.0.3.tgz 8846ms (cache miss)
5776 http fetch GET 200 https://registry.npmjs.org/@aws-sdk/middleware-eventstream/-/middleware-eventstream-3.972.2.tgz 8846ms (cache miss)
5777 http fetch GET 200 https://registry.npmjs.org/@slack/socket-mode/-/socket-mode-2.0.5.tgz 8863ms (cache miss)
5778 http fetch GET 200 https://registry.npmjs.org/json-schema-to-ts/-/json-schema-to-ts-3.1.1.tgz 8866ms (cache miss)
5779 http fetch GET 200 https://registry.npmjs.org/@smithy/eventstream-codec/-/eventstream-codec-4.2.8.tgz 8878ms (cache miss)
5780 http fetch GET 200 https://registry.npmjs.org/@smithy/eventstream-serde-browser/-/eventstream-serde-browser-4.2.8.tgz 8905ms (cache miss)
5781 http fetch GET 200 https://registry.npmjs.org/@aws-sdk/util-format-url/-/util-format-url-3.972.2.tgz 8906ms (cache miss)
5782 http fetch GET 200 https://registry.npmjs.org/zod-to-json-schema/-/zod-to-json-schema-3.25.1.tgz 9030ms (cache miss)
5783 http fetch GET 200 https://registry.npmjs.org/partial-json/-/partial-json-0.1.7.tgz 9036ms (cache miss)
5784 http fetch GET 200 https://registry.npmjs.org/@aws-sdk/middleware-websocket/-/middleware-websocket-3.972.2.tgz 9076ms (cache miss)
5785 http fetch GET 200 https://registry.npmjs.org/ajv-formats/-/ajv-formats-3.0.1.tgz 9385ms (cache miss)
5786 http fetch GET 200 https://registry.npmjs.org/zod/-/zod-3.25.76.tgz 9390ms (cache miss)
5787 http fetch GET 200 https://registry.npmjs.org/@aws-sdk/client-bedrock-runtime/-/client-bedrock-runtime-3.975.0.tgz 9415ms (cache miss)
5788 http fetch GET 200 https://registry.npmjs.org/@mariozechner/clipboard/-/clipboard-0.3.0.tgz 9426ms (cache miss)
5789 http fetch GET 200 https://registry.npmjs.org/@lydell/node-pty-darwin-arm64/-/node-pty-darwin-arm64-1.2.0-beta.3.tgz 9500ms (cache miss)
5790 http fetch GET 200 https://registry.npmjs.org/debug/-/debug-4.4.3.tgz 9513ms (cache miss)
5791 http fetch GET 200 https://registry.npmjs.org/abort-controller/-/abort-controller-3.0.0.tgz 9533ms (cache miss)
5792 http fetch GET 200 https://registry.npmjs.org/@mariozechner/clipboard-darwin-arm64/-/clipboard-darwin-arm64-0.3.0.tgz 9546ms (cache miss)
5793 http fetch GET 200 https://registry.npmjs.org/@mariozechner/jiti/-/jiti-2.6.5.tgz 9655ms (cache miss)
5794 http fetch GET 200 https://registry.npmjs.org/@mistralai/mistralai/-/mistralai-1.10.0.tgz 9712ms (cache miss)
5795 http fetch GET 200 https://registry.npmjs.org/axios/-/axios-1.13.4.tgz 9809ms (cache miss)
5796 http fetch GET 200 https://registry.npmjs.org/fast-deep-equal/-/fast-deep-equal-3.1.3.tgz 9869ms (cache miss)
5797 http fetch GET 200 https://registry.npmjs.org/prism-media/-/prism-media-1.3.5.tgz 9869ms (cache miss)
5798 http fetch GET 200 https://registry.npmjs.org/@anthropic-ai/sdk/-/sdk-0.71.2.tgz 9891ms (cache miss)
5799 http fetch GET 200 https://registry.npmjs.org/sisteransi/-/sisteransi-1.0.5.tgz 9999ms (cache miss)
5800 http fetch GET 200 https://registry.npmjs.org/picocolors/-/picocolors-1.1.1.tgz 10008ms (cache miss)
5801 http fetch GET 200 https://registry.npmjs.org/bottleneck/-/bottleneck-2.19.5.tgz 10016ms (cache miss)
5802 http fetch GET 200 https://registry.npmjs.org/@discordjs/voice/-/voice-0.19.0.tgz 10036ms (cache miss)
5803 http fetch GET 200 https://registry.npmjs.org/@clack/core/-/core-0.5.0.tgz 10066ms (cache miss)
5804 http fetch GET 200 https://registry.npmjs.org/@hono/node-server/-/node-server-1.19.9.tgz 10078ms (cache miss)
5805 http fetch GET 200 https://registry.npmjs.org/@types/ws/-/ws-8.18.1.tgz 10283ms (cache miss)
5806 http fetch GET 200 https://registry.npmjs.org/bowser/-/bowser-2.13.1.tgz 10292ms (cache miss)
5807 http fetch GET 200 https://registry.npmjs.org/fast-xml-parser/-/fast-xml-parser-5.2.5.tgz 10298ms (cache miss)
5808 http fetch GET 200 https://registry.npmjs.org/@types/bun/-/bun-1.3.6.tgz 10460ms (cache miss)
5809 http fetch GET 200 https://registry.npmjs.org/@smithy/shared-ini-file-loader/-/shared-ini-file-loader-4.4.3.tgz 10474ms (cache miss)
5810 http fetch GET 200 https://registry.npmjs.org/@aws-sdk/credential-provider-login/-/credential-provider-login-3.972.2.tgz 10506ms (cache miss)
5811 http fetch GET 200 https://registry.npmjs.org/@aws-sdk/client-sso/-/client-sso-3.975.0.tgz 10514ms (cache miss)
5812 http fetch GET 200 https://registry.npmjs.org/@smithy/util-stream/-/util-stream-4.5.10.tgz 10564ms (cache miss)
5813 http fetch GET 200 https://registry.npmjs.org/@aws-sdk/nested-clients/-/nested-clients-3.975.0.tgz 10565ms (cache miss)
5814 http fetch GET 200 https://registry.npmjs.org/@cloudflare/workers-types/-/workers-types-4.20260120.0.tgz 10673ms (cache miss)
5815 http fetch GET 200 https://registry.npmjs.org/@types/node/-/node-25.0.10.tgz 10681ms (cache miss)
5816 http fetch GET 200 https://registry.npmjs.org/@aws-sdk/credential-provider-process/-/credential-provider-process-3.972.2.tgz 10680ms (cache miss)
5817 http fetch GET 200 https://registry.npmjs.org/@google/genai/-/genai-1.34.0.tgz 10743ms (cache miss)
5818 http fetch GET 200 https://registry.npmjs.org/@aws-sdk/credential-provider-sso/-/credential-provider-sso-3.972.2.tgz 10740ms (cache miss)
5819 http fetch GET 200 https://registry.npmjs.org/@aws-sdk/credential-provider-web-identity/-/credential-provider-web-identity-3.972.2.tgz 10746ms (cache miss)
5820 http fetch GET 200 https://registry.npmjs.org/@mariozechner/clipboard-darwin-universal/-/clipboard-darwin-universal-0.3.0.tgz 10757ms (cache miss)
5821 http fetch GET 200 https://registry.npmjs.org/@aws-sdk/credential-provider-ini/-/credential-provider-ini-3.972.2.tgz 10783ms (cache miss)
5822 http fetch GET 200 https://registry.npmjs.org/@smithy/credential-provider-imds/-/credential-provider-imds-4.2.8.tgz 10786ms (cache miss)
5823 http fetch GET 200 https://registry.npmjs.org/@aws-sdk/credential-provider-env/-/credential-provider-env-3.972.2.tgz 10787ms (cache miss)
5824 http fetch GET 200 https://registry.npmjs.org/@aws-sdk/credential-provider-http/-/credential-provider-http-3.972.3.tgz 10797ms (cache miss)
5825 http fetch GET 200 https://registry.npmjs.org/@aws-sdk/xml-builder/-/xml-builder-3.972.2.tgz 10798ms (cache miss)
5826 http fetch GET 200 https://registry.npmjs.org/@smithy/signature-v4/-/signature-v4-5.3.8.tgz 10800ms (cache miss)
5827 http fetch GET 200 https://registry.npmjs.org/@aws-crypto/util/-/util-5.2.0.tgz 10896ms (cache miss)
5828 http fetch GET 200 https://registry.npmjs.org/@aws/lambda-invoke-store/-/lambda-invoke-store-0.2.3.tgz 10897ms (cache miss)
5829 http fetch GET 200 https://registry.npmjs.org/tslib/-/tslib-2.8.1.tgz 10930ms (cache miss)
5830 http fetch GET 200 https://registry.npmjs.org/@smithy/is-array-buffer/-/is-array-buffer-2.2.0.tgz 10931ms (cache miss)
5831 http fetch GET 200 https://registry.npmjs.org/@smithy/util-middleware/-/util-middleware-4.2.8.tgz 10951ms (cache miss)
5832 http fetch GET 200 https://registry.npmjs.org/@smithy/util-buffer-from/-/util-buffer-from-2.2.0.tgz 10955ms (cache miss)
5833 http fetch GET 200 https://registry.npmjs.org/source-map-support/-/source-map-support-0.5.21.tgz 10956ms (cache miss)
5834 http fetch GET 200 https://registry.npmjs.org/@smithy/util-utf8/-/util-utf8-4.2.0.tgz 10956ms (cache miss)
5835 http fetch GET 200 https://registry.npmjs.org/@smithy/util-defaults-mode-node/-/util-defaults-mode-node-4.2.31.tgz 10957ms (cache miss)
5836 http fetch GET 200 https://registry.npmjs.org/openai/-/openai-6.10.0.tgz 10970ms (cache miss)
5837 http fetch GET 200 https://registry.npmjs.org/@smithy/util-retry/-/util-retry-4.2.8.tgz 10962ms (cache miss)
5838 http fetch GET 200 https://registry.npmjs.org/@aws-sdk/util-locate-window/-/util-locate-window-3.965.4.tgz 11062ms (cache miss)
5839 http fetch GET 200 https://registry.npmjs.org/@smithy/util-utf8/-/util-utf8-2.3.0.tgz 11076ms (cache miss)
5840 http fetch GET 200 https://registry.npmjs.org/@smithy/property-provider/-/property-provider-4.2.8.tgz 11079ms (cache miss)
5841 http fetch GET 200 https://registry.npmjs.org/@aws-crypto/supports-web-crypto/-/supports-web-crypto-5.2.0.tgz 11086ms (cache miss)
5842 http fetch GET 200 https://registry.npmjs.org/@smithy/util-body-length-node/-/util-body-length-node-4.2.1.tgz 11096ms (cache miss)
5843 http fetch GET 200 https://registry.npmjs.org/@smithy/protocol-http/-/protocol-http-5.3.8.tgz 11099ms (cache miss)
5844 http fetch GET 200 https://registry.npmjs.org/@smithy/util-base64/-/util-base64-4.3.0.tgz 11102ms (cache miss)
5845 http fetch GET 200 https://registry.npmjs.org/@smithy/util-body-length-browser/-/util-body-length-browser-4.2.0.tgz 11107ms (cache miss)
5846 http fetch GET 200 https://registry.npmjs.org/@smithy/node-config-provider/-/node-config-provider-4.3.8.tgz 11110ms (cache miss)
5847 http fetch GET 200 https://registry.npmjs.org/@smithy/util-endpoints/-/util-endpoints-3.2.8.tgz 11116ms (cache miss)
5848 http fetch GET 200 https://registry.npmjs.org/@smithy/node-http-handler/-/node-http-handler-4.4.8.tgz 11122ms (cache miss)
5849 http fetch GET 200 https://registry.npmjs.org/@smithy/smithy-client/-/smithy-client-4.11.1.tgz 11122ms (cache miss)
5850 http fetch GET 200 https://registry.npmjs.org/@smithy/middleware-content-length/-/middleware-content-length-4.2.8.tgz 11193ms (cache miss)
5851 http fetch GET 200 https://registry.npmjs.org/@smithy/fetch-http-handler/-/fetch-http-handler-5.3.9.tgz 11200ms (cache miss)
5852 http fetch GET 200 https://registry.npmjs.org/@smithy/middleware-endpoint/-/middleware-endpoint-4.4.12.tgz 11208ms (cache miss)
5853 http fetch GET 200 https://registry.npmjs.org/@smithy/middleware-stack/-/middleware-stack-4.2.8.tgz 11208ms (cache miss)
5854 http fetch GET 200 https://registry.npmjs.org/@smithy/hash-node/-/hash-node-4.2.8.tgz 11211ms (cache miss)
5855 http fetch GET 200 https://registry.npmjs.org/@smithy/middleware-retry/-/middleware-retry-4.4.29.tgz 11213ms (cache miss)
5856 http fetch GET 200 https://registry.npmjs.org/@smithy/middleware-serde/-/middleware-serde-4.2.9.tgz 11217ms (cache miss)
5857 http fetch GET 200 https://registry.npmjs.org/@aws-sdk/util-user-agent-node/-/util-user-agent-node-3.972.2.tgz 11238ms (cache miss)
5858 http fetch GET 200 https://registry.npmjs.org/@smithy/invalid-dependency/-/invalid-dependency-4.2.8.tgz 11237ms (cache miss)
5859 http fetch GET 200 https://registry.npmjs.org/@aws-sdk/util-user-agent-browser/-/util-user-agent-browser-3.972.2.tgz 11243ms (cache miss)
5860 http fetch GET 200 https://registry.npmjs.org/@smithy/core/-/core-3.22.0.tgz 11253ms (cache miss)
5861 http fetch GET 200 https://registry.npmjs.org/@aws-sdk/types/-/types-3.973.1.tgz 11290ms (cache miss)
5862 http fetch GET 200 https://registry.npmjs.org/@aws-sdk/region-config-resolver/-/region-config-resolver-3.972.2.tgz 11300ms (cache miss)
5863 http fetch GET 200 https://registry.npmjs.org/@aws-sdk/middleware-recursion-detection/-/middleware-recursion-detection-3.972.2.tgz 11307ms (cache miss)
5864 http fetch GET 200 https://registry.npmjs.org/@aws-sdk/types/-/types-3.972.0.tgz 11309ms (cache miss)
5865 http fetch GET 200 https://registry.npmjs.org/@aws-sdk/middleware-user-agent/-/middleware-user-agent-3.972.3.tgz 11310ms (cache miss)
5866 http fetch GET 200 https://registry.npmjs.org/@aws-sdk/middleware-host-header/-/middleware-host-header-3.972.2.tgz 11313ms (cache miss)
5867 http fetch GET 200 https://registry.npmjs.org/@aws-sdk/token-providers/-/token-providers-3.975.0.tgz 11315ms (cache miss)
5868 http fetch GET 200 https://registry.npmjs.org/@aws-sdk/middleware-logger/-/middleware-logger-3.972.2.tgz 11337ms (cache miss)
5869 http fetch GET 200 https://registry.npmjs.org/@smithy/types/-/types-4.12.0.tgz 11358ms (cache miss)
5870 http fetch GET 200 https://registry.npmjs.org/@aws-sdk/core/-/core-3.973.3.tgz 11366ms (cache miss)
5871 http fetch GET 200 https://registry.npmjs.org/@aws-sdk/credential-provider-node/-/credential-provider-node-3.972.2.tgz 11378ms (cache miss)
5872 http fetch GET 200 https://registry.npmjs.org/@aws-crypto/sha256-js/-/sha256-js-5.2.0.tgz 11389ms (cache miss)
5873 http fetch GET 200 https://registry.npmjs.org/ws/-/ws-8.19.0.tgz 11405ms (cache miss)
5874 http fetch GET 200 https://registry.npmjs.org/@smithy/is-array-buffer/-/is-array-buffer-2.2.0.tgz 11410ms (cache miss)
5875 http fetch GET 200 https://registry.npmjs.org/@aws-crypto/sha256-browser/-/sha256-browser-5.2.0.tgz 11418ms (cache miss)
5876 http fetch GET 200 https://registry.npmjs.org/@smithy/util-buffer-from/-/util-buffer-from-2.2.0.tgz 11422ms (cache miss)
5877 http fetch GET 200 https://registry.npmjs.org/sqlite-vec/-/sqlite-vec-0.1.7-alpha.2.tgz 11500ms (cache miss)
5878 http fetch GET 200 https://registry.npmjs.org/undici/-/undici-7.19.2.tgz 11528ms (cache miss)
5879 http fetch GET 200 https://registry.npmjs.org/tslog/-/tslog-4.10.2.tgz 11531ms (cache miss)
5880 http fetch GET 200 https://registry.npmjs.org/tar/-/tar-7.5.4.tgz 11533ms (cache miss)
5881 warn deprecated tar@7.5.4: Old versions of tar are not supported, and contain widely publicized security vulnerabilities, which have been fixed in the current version. Please update. Support for old versions may be purchased (at exhorbitant rates) by contacting i@izs.me
5882 http fetch GET 200 https://registry.npmjs.org/@smithy/url-parser/-/url-parser-4.2.8.tgz 11546ms (cache miss)
5883 http fetch GET 200 https://registry.npmjs.org/@smithy/util-utf8/-/util-utf8-2.3.0.tgz 11547ms (cache miss)
5884 http fetch GET 200 https://registry.npmjs.org/retry/-/retry-0.12.0.tgz 11576ms (cache miss)
5885 http fetch GET 200 https://registry.npmjs.org/proper-lockfile/-/proper-lockfile-4.1.2.tgz 11578ms (cache miss)
5886 http fetch GET 200 https://registry.npmjs.org/signal-exit/-/signal-exit-3.0.7.tgz 11610ms (cache miss)
5887 http fetch GET 200 https://registry.npmjs.org/yaml/-/yaml-2.8.2.tgz 11625ms (cache miss)
5888 http fetch GET 200 https://registry.npmjs.org/qrcode-terminal/-/qrcode-terminal-0.12.0.tgz 11634ms (cache miss)
5889 http fetch GET 200 https://registry.npmjs.org/osc-progress/-/osc-progress-0.3.0.tgz 11660ms (cache miss)
5890 http fetch GET 200 https://registry.npmjs.org/is-fullwidth-code-point/-/is-fullwidth-code-point-3.0.0.tgz 11665ms (cache miss)
5891 http fetch GET 200 https://registry.npmjs.org/emoji-regex/-/emoji-regex-8.0.0.tgz 11678ms (cache miss)
5892 http fetch GET 200 https://registry.npmjs.org/ansi-styles/-/ansi-styles-4.3.0.tgz 11700ms (cache miss)
5893 http fetch GET 200 https://registry.npmjs.org/@aws-sdk/util-endpoints/-/util-endpoints-3.972.0.tgz 11735ms (cache miss)
5894 http fetch GET 200 https://registry.npmjs.org/wrap-ansi/-/wrap-ansi-7.0.0.tgz 11799ms (cache miss)
5895 http fetch GET 200 https://registry.npmjs.org/strip-ansi/-/strip-ansi-6.0.1.tgz 11799ms (cache miss)
5896 http fetch GET 200 https://registry.npmjs.org/ansi-regex/-/ansi-regex-5.0.1.tgz 11803ms (cache miss)
5897 http fetch GET 200 https://registry.npmjs.org/strip-ansi/-/strip-ansi-6.0.1.tgz 11823ms (cache miss)
5898 http fetch GET 200 https://registry.npmjs.org/cliui/-/cliui-8.0.1.tgz 11825ms (cache miss)
5899 http fetch GET 200 https://registry.npmjs.org/yargs-parser/-/yargs-parser-21.1.1.tgz 11829ms (cache miss)
5900 http fetch GET 200 https://registry.npmjs.org/string-width/-/string-width-4.2.3.tgz 11837ms (cache miss)
5901 http fetch GET 200 https://registry.npmjs.org/which/-/which-5.0.0.tgz 11912ms (cache miss)
5902 http fetch GET 200 https://registry.npmjs.org/strip-ansi/-/strip-ansi-6.0.1.tgz 11917ms (cache miss)
5903 http fetch GET 200 https://registry.npmjs.org/node-edge-tts/-/node-edge-tts-1.2.9.tgz 12006ms (cache miss)
5904 http fetch GET 200 https://registry.npmjs.org/isexe/-/isexe-3.1.1.tgz 12025ms (cache miss)
5905 http fetch GET 200 https://registry.npmjs.org/yargs/-/yargs-17.7.2.tgz 12026ms (cache miss)
5906 http fetch GET 200 https://registry.npmjs.org/ansi-styles/-/ansi-styles-4.3.0.tgz 12028ms (cache miss)
5907 http fetch GET 200 https://registry.npmjs.org/is-fullwidth-code-point/-/is-fullwidth-code-point-3.0.0.tgz 12184ms (cache miss)
5908 http fetch GET 200 https://registry.npmjs.org/strip-ansi/-/strip-ansi-6.0.1.tgz 12184ms (cache miss)
5909 http fetch GET 200 https://registry.npmjs.org/long/-/long-5.3.2.tgz 12185ms (cache miss)
5910 http fetch GET 200 https://registry.npmjs.org/yargs-parser/-/yargs-parser-21.1.1.tgz 12192ms (cache miss)
5911 http fetch GET 200 https://registry.npmjs.org/emoji-regex/-/emoji-regex-8.0.0.tgz 12205ms (cache miss)
5912 http fetch GET 200 https://registry.npmjs.org/cliui/-/cliui-8.0.1.tgz 12230ms (cache miss)
5913 http fetch GET 200 https://registry.npmjs.org/string-width/-/string-width-4.2.3.tgz 12243ms (cache miss)
5914 http fetch GET 200 https://registry.npmjs.org/wrap-ansi/-/wrap-ansi-7.0.0.tgz 12244ms (cache miss)
5915 http fetch GET 200 https://registry.npmjs.org/markdown-it/-/markdown-it-14.1.0.tgz 12273ms (cache miss)
5916 http fetch GET 200 https://registry.npmjs.org/@smithy/util-defaults-mode-browser/-/util-defaults-mode-browser-4.3.28.tgz 12347ms (cache miss)
5917 http fetch GET 200 https://registry.npmjs.org/file-type/-/file-type-21.3.0.tgz 12530ms (cache miss)
5918 http fetch GET 200 https://registry.npmjs.org/linkedom/-/linkedom-0.18.12.tgz 12564ms (cache miss)
5919 http fetch GET 200 https://registry.npmjs.org/jszip/-/jszip-3.10.1.tgz 12572ms (cache miss)
5920 http fetch GET 200 https://registry.npmjs.org/express/-/express-5.2.1.tgz 12586ms (cache miss)
5921 http fetch GET 200 https://registry.npmjs.org/detect-libc/-/detect-libc-2.1.2.tgz 12610ms (cache miss)
5922 http fetch GET 200 https://registry.npmjs.org/dotenv/-/dotenv-17.2.3.tgz 12616ms (cache miss)
5923 http fetch GET 200 https://registry.npmjs.org/jiti/-/jiti-2.6.1.tgz 12719ms (cache miss)
5924 http fetch GET 200 https://registry.npmjs.org/json5/-/json5-2.2.3.tgz 12910ms (cache miss)
5925 http fetch GET 200 https://registry.npmjs.org/commander/-/commander-14.0.2.tgz 12953ms (cache miss)
5926 http fetch GET 200 https://registry.npmjs.org/croner/-/croner-9.1.0.tgz 13045ms (cache miss)
5927 http fetch GET 200 https://registry.npmjs.org/chokidar/-/chokidar-5.0.0.tgz 13118ms (cache miss)
5928 http fetch GET 200 https://registry.npmjs.org/chalk/-/chalk-5.6.2.tgz 13205ms (cache miss)
5929 http fetch GET 200 https://registry.npmjs.org/hono/-/hono-4.11.4.tgz 13208ms (cache miss)
5930 http fetch GET 200 https://registry.npmjs.org/discord-api-types/-/discord-api-types-0.38.37.tgz 13224ms (cache miss)
5931 http fetch GET 200 https://registry.npmjs.org/ansi-regex/-/ansi-regex-5.0.1.tgz 13332ms (cache miss)
5932 http fetch GET 200 https://registry.npmjs.org/cli-highlight/-/cli-highlight-2.1.11.tgz 13348ms (cache miss)
5933 http fetch GET 200 https://registry.npmjs.org/devtools-protocol/-/devtools-protocol-0.0.1575685.tgz 13395ms (cache miss)
5934 http fetch GET 200 https://registry.npmjs.org/ansi-styles/-/ansi-styles-4.3.0.tgz 13446ms (cache miss)
5935 http fetch GET 200 https://registry.npmjs.org/body-parser/-/body-parser-2.2.2.tgz 13556ms (cache miss)
5936 http fetch GET 200 https://registry.npmjs.org/chalk/-/chalk-4.1.2.tgz 13585ms (cache miss)
5937 http fetch GET 200 https://registry.npmjs.org/yargs/-/yargs-17.7.2.tgz 13587ms (cache miss)
5938 http fetch GET 200 https://registry.npmjs.org/p-queue/-/p-queue-9.1.0.tgz 13590ms (cache miss)
5939 http fetch GET 200 https://registry.npmjs.org/chromium-bidi/-/chromium-bidi-13.0.1.tgz 13812ms (cache miss)
5940 http fetch GET 200 https://registry.npmjs.org/sharp/-/sharp-0.34.5.tgz 13854ms (cache miss)
5941 http fetch GET 200 https://registry.npmjs.org/@types/express/-/express-5.0.6.tgz 13873ms (cache miss)
5942 http fetch GET 200 https://registry.npmjs.org/@mozilla/readability/-/readability-0.6.0.tgz 13880ms (cache miss)
5943 http fetch GET 200 https://registry.npmjs.org/@slack/web-api/-/web-api-7.13.0.tgz 13946ms (cache miss)
5944 http fetch GET 200 https://registry.npmjs.org/@napi-rs/canvas/-/canvas-0.1.89.tgz 13975ms (cache miss)
5945 http fetch GET 200 https://registry.npmjs.org/@slack/bolt/-/bolt-4.6.0.tgz 13977ms (cache miss)
5946 http fetch GET 200 https://registry.npmjs.org/@sinclair/typebox/-/typebox-0.34.47.tgz 14154ms (cache miss)
5947 http fetch GET 200 https://registry.npmjs.org/@mariozechner/pi-ai/-/pi-ai-0.49.3.tgz 14254ms (cache miss)
5948 http fetch GET 200 https://registry.npmjs.org/@lydell/node-pty/-/node-pty-1.2.0-beta.3.tgz 14417ms (cache miss)
5949 http fetch GET 200 https://registry.npmjs.org/@homebridge/ciao/-/ciao-1.3.4.tgz 14444ms (cache miss)
5950 http fetch GET 200 https://registry.npmjs.org/@grammyjs/transformer-throttler/-/transformer-throttler-1.2.1.tgz 14747ms (cache miss)
5951 http fetch GET 200 https://registry.npmjs.org/p-timeout/-/p-timeout-7.0.1.tgz 15143ms (cache miss)
5952 http fetch GET 200 https://registry.npmjs.org/@mariozechner/pi-agent-core/-/pi-agent-core-0.49.3.tgz 15167ms (cache miss)
5953 http fetch GET 200 https://registry.npmjs.org/@types/node/-/node-24.10.9.tgz 15170ms (cache miss)
5954 http fetch GET 200 https://registry.npmjs.org/@line/bot-sdk/-/bot-sdk-10.6.0.tgz 15182ms (cache miss)
5955 http fetch GET 200 https://registry.npmjs.org/@mariozechner/pi-coding-agent/-/pi-coding-agent-0.49.3.tgz 15185ms (cache miss)
5956 http fetch GET 200 https://registry.npmjs.org/@grammyjs/runner/-/runner-2.0.3.tgz 15217ms (cache miss)
5957 http fetch GET 200 https://registry.npmjs.org/@mariozechner/pi-tui/-/pi-tui-0.49.3.tgz 15247ms (cache miss)
5958 http fetch GET 200 https://registry.npmjs.org/grammy/-/grammy-1.39.3.tgz 15349ms (cache miss)
5959 http fetch GET 200 https://registry.npmjs.org/ajv/-/ajv-8.17.1.tgz 15461ms (cache miss)
5960 http fetch GET 200 https://registry.npmjs.org/zod/-/zod-3.25.76.tgz 15479ms (cache miss)
5961 http fetch GET 200 https://registry.npmjs.org/@buape/carbon/-/carbon-0.14.0.tgz 15490ms (cache miss)
5962 http fetch GET 200 https://registry.npmjs.org/zod/-/zod-4.3.6.tgz 15521ms (cache miss)
5963 http fetch GET 200 https://registry.npmjs.org/node-fetch/-/node-fetch-2.7.0.tgz 15536ms (cache miss)
5964 http fetch GET 200 https://registry.npmjs.org/@aws-sdk/client-bedrock/-/client-bedrock-3.975.0.tgz 15592ms (cache miss)
5965 http fetch GET 200 https://registry.npmjs.org/@agentclientprotocol/sdk/-/sdk-0.13.1.tgz 15631ms (cache miss)
5966 http fetch GET 200 https://registry.npmjs.org/@clack/prompts/-/prompts-0.11.0.tgz 16126ms (cache miss)
5967 http fetch GET 200 https://registry.npmjs.org/@smithy/config-resolver/-/config-resolver-4.4.6.tgz 18044ms (cache miss)
5968 http fetch GET 200 https://registry.npmjs.org/@napi-rs/canvas-darwin-arm64/-/canvas-darwin-arm64-0.1.89.tgz 18575ms (cache miss)
5969 http fetch GET 200 https://registry.npmjs.org/@whiskeysockets/baileys/-/baileys-7.0.0-rc.9.tgz 19111ms (cache miss)
5970 http fetch GET 200 https://registry.npmjs.org/playwright-core/-/playwright-core-1.58.0.tgz 20920ms (cache miss)
5971 http fetch GET 200 https://registry.npmjs.org/pdfjs-dist/-/pdfjs-dist-5.4.530.tgz 23088ms (cache miss)
5972 http fetch GET 200 https://registry.npmjs.org/node-llama-cpp/-/node-llama-cpp-3.15.0.tgz 23111ms (cache miss)
5973 info run @whiskeysockets/baileys@7.0.0-rc.9 preinstall node_modules/clawdbot/node_modules/@whiskeysockets/baileys node ./engine-requirements.js
5974 info run @whiskeysockets/baileys@7.0.0-rc.9 preinstall { code: 0, signal: null }
5975 info run sharp@0.34.5 install node_modules/clawdbot/node_modules/sharp node install/check.js || npm run build
5976 info run sharp@0.34.5 install { code: 0, signal: null }
5977 info run clawdbot@2026.1.24-3 postinstall node_modules/clawdbot node scripts/postinstall.js
5978 info run node-llama-cpp@3.15.0 postinstall node_modules/clawdbot/node_modules/node-llama-cpp node ./dist/cli/cli.js postinstall
5979 info run protobufjs@7.5.4 postinstall node_modules/clawdbot/node_modules/protobufjs node scripts/postinstall
5980 info run protobufjs@6.8.8 postinstall node_modules/clawdbot/node_modules/libsignal/node_modules/protobufjs node scripts/postinstall
5981 info run protobufjs@6.8.8 postinstall { code: 0, signal: null }
5982 info run protobufjs@7.5.4 postinstall { code: 0, signal: null }
5983 info run clawdbot@2026.1.24-3 postinstall { code: 0, signal: null }
5984 info run node-llama-cpp@3.15.0 postinstall { code: 0, signal: null }
5985 verbose cwd /Applications/MAMP/htdocs/bits-course
5986 verbose os Darwin 25.2.0
5987 verbose node v22.22.0
5988 verbose npm  v10.9.4
5989 verbose exit 0
5990 info ok
